season,week,game_id,espn_event_id,team,opp,player,gsis_id,pfr_id,espn_id,pos_listed,unit,group,depth_slot,trail4_snap_pct,starter_flag,w_snap,wed_practice,thu_practice,fri_practice,sat_practice,estimated_flag,injury,final_designation,designation_time_et,final_practice,p_sits,pos_value,proposed_pts,desk_status,desk_on,desk_p_miss,desk_pts,active_flag,started,played_flag,snaps,snap_pct,in_game_exit_flag,exit_quarter,notes,source
2026,1,2026_01_ARI_LAC,401872926,ARI,LAC,Baron Browning,00-0036995,BrowBa01,4241987,LB,F7,LB,OLB,0.467,0,0.25,,,,,,,none,,,0,0.7,0,,,,,1,,1,27,0.49,0,,,nflverse snap_counts (not on desk injury list) | game day: nflverse snap_counts + weekly_rosters
2026,1,2026_01_ARI_LAC,401872926,ARI,LAC,Cody Simon,00-0040645,SimoCo01,4429071,LB,F7,LB,ILB,0.76,1,1,,,,,,,none,,,0,0.7,0,,,,,1,,0,0,0,0,,,nflverse snap_counts (not on desk injury list) | game day: nflverse snap_counts + weekly_rosters
2026,1,2026_01_ARI_LAC,401872926,ARI,LAC,Dante Stills,00-0038623,StilDa01,4362225,DL,F7,DL,DE,0.412,0,0,,,,,,,none,,,0,0.9,0,,,,,1,,1,32,0.58,0,,,nflverse snap_counts (not on desk injury list) | game day: nflverse snap_counts + weekly_rosters
2026,1,2026_01_ARI_LAC,401872926,ARI,LAC,Darius Robinson,00-0039854,RobiDa01,4569480,DL,F7,DL,DT,0.53,0,0.25,,,,,,,none,,,0,0.9,0,,,,,1,,1,19,0.35,0,,,nflverse snap_counts (not on desk injury list) | game day: nflverse snap_counts + weekly_rosters
2026,1,2026_01_ARI_LAC,401872926,ARI,LAC,Jordan Burch,00-0040137,BurcJo00,4428996,LB,F7,LB,OLB,0.462,0,0.25,,,,,,,none,,,0,0.7,0,,,,,1,,1,21,0.38,0,,,nflverse snap_counts (not on desk injury list) | game day: nflverse snap_counts + weekly_rosters
2026,1,2026_01_ARI_LAC,401872926,ARI,LAC,Kaleb Proctor,00-0041555,ProcKa01,5084514,IDL,F7,DL,DT,0,0,0,,,,,,,IR,,unknown,1,0.9,0,IR,1,1,0.2,0,,0,0,0,0,,,reconstructed from nflverse final report + reserve list (no lock file) | game day: nflverse snap_counts + weekly_rosters
2026,1,2026_01_ARI_LAC,401872926,ARI,LAC,Zachary Carter,00-0037804,CartZa00,4240619,IDL,F7,DL,DT,0.193,0,0,,,,,,,IR,,unknown,1,0.9,0,IR,1,1,0.2,0,,0,0,0,0,,,reconstructed from nflverse final report + reserve list (no lock file) | game day: nflverse snap_counts + weekly_rosters
2026,1,2026_01_ARI_LAC,401872926,ARI,LAC,Zaven Collins,00-0036933,CollZa00,4244606,LB,F7,LB,OLB,0.472,0,0.25,,,,,,,none,,,0,0.7,0,,,,,1,,1,27,0.49,0,,,nflverse snap_counts (not on desk injury list) | game day: nflverse snap_counts + weekly_rosters
2026,1,2026_01_ARI_LAC,401872926,ARI,LAC,Chase Bisontis,00-0041468,BisoCh00,,OG,OL,G/C,G,0,0,0,,,,,,,IR,,unknown,1,0.8,0,IR,1,1,0.2,0,,0,0,0,0,,,reconstructed from nflverse final report + reserve list (no lock file) | game day: nflverse snap_counts + weekly_rosters
2026,1,2026_01_ARI_LAC,401872926,ARI,LAC,Hjalte Froholdt,00-0035258,FrohHj00,,OL,OL,G/C,C,0.953,1,1,,,,,,,none,,,0,0.8,0,,,,,1,,1,75,1,0,,,nflverse snap_counts (not on desk injury list) | game day: nflverse snap_counts + weekly_rosters
2026,1,2026_01_ARI_LAC,401872926,ARI,LAC,Isaiah Adams,00-0039808,AdamIs01,,OG,OL,G/C,G,1,1,1,,,,,,Knee,Out,,DNP,1,0.8,0.8,OUT,1,1,0.25,0,,0,0,0,0,,,reconstructed from nflverse final report + reserve list (no lock file) | game day: nflverse snap_counts + weekly_rosters
2026,1,2026_01_ARI_LAC,401872926,ARI,LAC,Jon Gaines,00-0038571,GainJo00,,OL,OL,G/C,C,0.927,1,1,,,,,,,none,,,0,0.8,0,,,,,1,,1,75,1,0,,,nflverse snap_counts (not on desk injury list) | game day: nflverse snap_counts + weekly_rosters
2026,1,2026_01_ARI_LAC,401872926,ARI,LAC,Josh Fryar,00-0040382,FryaJo00,,OL,OL,G/C,T,0.833,1,1,,,,,,,none,,,0,0.8,0,,,,,1,,0,0,0,0,,,nflverse snap_counts (not on desk injury list) | game day: nflverse snap_counts + weekly_rosters
2026,1,2026_01_ATL_PIT,401872658,ATL,PIT,Anterio Thompson,00-0041484,ThomAn03,5150660,IDL,F7,DL,DT,0,0,0,,,,,,,Nfi,,unknown,1,0.9,0,NFI,1,1,0.2,0,,0,0,0,0,,,reconstructed from nflverse final report + reserve list (no lock file) | game day: nflverse snap_counts + weekly_rosters
2026,1,2026_01_ATL_PIT,401872658,ATL,PIT,Brandon Dorlus,00-0039859,DorlBr00,4427090,DL,F7,DL,DT,0.328,0,0,,,,,,,none,,FP,0,0.9,0,,,,,1,,1,41,0.61,0,,,nflverse snap_counts (not on desk injury list) | game day: nflverse snap_counts + weekly_rosters
2026,1,2026_01_ATL_PIT,401872658,ATL,PIT,DeAngelo Malone,00-0037808,MaloDe00,4243457,EDGE1,F7,EDGE,OLB,0,0,0,,,,,,,Pup,,unknown,1,0.7,0,PUP,1,1,0.2,0,,0,0,0,0,,,reconstructed from nflverse final report + reserve list (no lock file) | game day: nflverse snap_counts + weekly_rosters
2026,1,2026_01_ATL_PIT,401872658,ATL,PIT,Divine Deablo,00-0036990,DeabDi00,4037626,LB,F7,LB,ILB,1,1,1,,,,,,,none,,,0,0.7,0,,,,,1,,1,67,1,0,,,nflverse snap_counts (not on desk injury list) | game day: nflverse snap_counts + weekly_rosters
2026,1,2026_01_ATL_PIT,401872658,ATL,PIT,JD Bertrand,00-0039370,BertJD00,4428872,LB,F7,LB,ILB,0.04,0,0,,,,,,,IR,,unknown,1,0.7,0,IR,1,1,0.2,0,,0,0,0,0,,,reconstructed from nflverse final report + reserve list (no lock file) | game day: nflverse snap_counts + weekly_rosters
2026,1,2026_01_ATL_PIT,401872658,ATL,PIT,Jalon Walker,00-0040577,WalkJa02,4685597,EDGE1,F7,EDGE,OLB,0.515,0,0.25,,,,,,,IR,,unknown,1,0.7,0.175,IR,1,1,0.2,0,,0,0,0,0,,,reconstructed from nflverse final report + reserve list (no lock file) | game day: nflverse snap_counts + weekly_rosters
2026,1,2026_01_ATL_PIT,401872658,ATL,PIT,James Pearce,00-0040578,PearJa00,5081394,DE,F7,EDGE,OLB,0.61,1,0.75,,,,,,,none,,,0,0.7,0,,,,,0,,0,0,0,0,,,nflverse snap_counts (not on desk injury list) | game day: nflverse snap_counts + weekly_rosters
2026,1,2026_01_ATL_PIT,401872658,ATL,PIT,LaCale London,00-0036204,LondLa00,4376288,DL,F7,DL,DT,0.318,0,0,,,,,,,none,,,0,0.9,0,,,,,1,,1,34,0.51,0,,,nflverse snap_counts (not on desk injury list) | game day: nflverse snap_counts + weekly_rosters
2026,1,2026_01_ATL_PIT,401872658,ATL,PIT,Za'Darius Smith,00-0031576,SmitZa00,3043168,EDGE1,F7,EDGE,OLB,0,0,0,,,,,,Shoulder,Questionable,,FP,0.12,0.7,0,QUESTIONABLE,1,0.35,0.07,1,,1,16,0.24,0,,,reconstructed from nflverse final report + reserve list (no lock file) | game day: nflverse snap_counts + weekly_rosters
2026,1,2026_01_ATL_PIT,401872658,ATL,PIT,Cameron Williams,00-0040687,WillCa04,,RT,OL,T,T,0,0,0,,,,,,Ankle,Out,,DNP,1,1,0,OUT,1,1,0.2,0,,0,0,0,0,,,reconstructed from nflverse final report + reserve list (no lock file) | game day: nflverse snap_counts + weekly_rosters
2026,1,2026_01_ATL_PIT,401872658,ATL,PIT,Chris Lindstrom,00-0035630,LindCh00,,G,OL,G/C,G,1,1,1,,,,,,,none,,,0,0.8,0,,,,,1,,1,51,0.85,0,,,nflverse snap_counts (not on desk injury list) | game day: nflverse snap_counts + weekly_rosters
2026,1,2026_01_ATL_PIT,401872658,ATL,PIT,Jake Matthews,00-0031279,MattJa00,,T,OL,T,T,0.998,1,1,,,,,,,none,,DNP,0,1,0,,,,,1,,1,60,1,0,,,nflverse snap_counts (not on desk injury list) | game day: nflverse snap_counts + weekly_rosters
2026,1,2026_01_ATL_PIT,401872658,ATL,PIT,Matthew Bergeron,00-0039048,BergMa00,,OL,OL,G/C,G,1,1,1,,,,,,,none,,,0,0.8,0,,,,,1,,1,60,1,0,,,nflverse snap_counts (not on desk injury list) | game day: nflverse snap_counts + weekly_rosters
2026,1,2026_01_ATL_PIT,401872658,ATL,PIT,Ryan Neuzil,00-0036833,NeuzRy00,,OL,OL,G/C,C,1,1,1,,,,,,,none,,,0,0.8,0,,,,,1,,1,60,1,0,,,nflverse snap_counts (not on desk injury list) | game day: nflverse snap_counts + weekly_rosters
2026,1,2026_01_ATL_PIT,401872658,ATL,PIT,Storm Norton,00-0033752,NortSt00,,RT,OL,T,T,0,0,0,,,,,,,Pup,,unknown,1,1,0,PUP,1,1,0.2,0,,0,0,0,0,,,reconstructed from nflverse final report + reserve list (no lock file) | game day: nflverse snap_counts + weekly_rosters
2026,1,2026_01_BAL_IND,401872659,BAL,IND,John Jenkins,00-0030070,JenkJo00,15846,DL,F7,DL,NT,0.465,0,0.25,,,,,,,none,,,0,0.9,0,,,,,1,,1,13,0.24,0,,,nflverse snap_counts (not on desk injury list) | game day: nflverse snap_counts + weekly_rosters
2026,1,2026_01_BAL_IND,401872659,BAL,IND,Mike Green,00-0040722,GreeMi02,4683188,LB,F7,LB,OLB,0.512,0,0.25,,,,,,,none,,,0,0.7,0,,,,,1,,1,17,0.31,0,,,nflverse snap_counts (not on desk injury list) | game day: nflverse snap_counts + weekly_rosters
2026,1,2026_01_BAL_IND,401872659,BAL,IND,Nnamdi Madubuike,00-0036130,MaduJu00,4035245,IDL,F7,DL,DT,0,0,0,,,,,,Neck,Out,,LP,1,0.9,0,OUT,1,1,0.2,0,,0,0,0,0,,,reconstructed from nflverse final report + reserve list (no lock file) | game day: nflverse snap_counts + weekly_rosters
2026,1,2026_01_BAL_IND,401872659,BAL,IND,Roquan Smith,00-0034874,SmitRo07,3915189,LB,F7,LB,ILB,0.968,1,1,,,,,,,none,,,0,0.7,0,,,,,1,,1,54,1,0,,,nflverse snap_counts (not on desk injury list) | game day: nflverse snap_counts + weekly_rosters
2026,1,2026_01_BAL_IND,401872659,BAL,IND,Tavius Robinson,00-0038505,RobiTa00,4690179,LB,F7,LB,OLB,0.66,1,0.75,,,,,,,none,,,0,0.7,0,,,,,1,,1,44,0.81,0,,,nflverse snap_counts (not on desk injury list) | game day: nflverse snap_counts + weekly_rosters
2026,1,2026_01_BAL_IND,401872659,BAL,IND,Teddye Buchanan,00-0040069,BuchTe00,4698244,LB,F7,LB,ILB,0.04,0,0,,,,,,Knee,Out,,LP,1,0.7,0,OUT,1,1,0.2,0,,0,0,0,0,,,reconstructed from nflverse final report + reserve list (no lock file) | game day: nflverse snap_counts + weekly_rosters
2026,1,2026_01_BAL_IND,401872659,BAL,IND,Travis Jones,00-0037756,JoneTr00,4362139,DL,F7,DL,NT,0.785,1,1,,,,,,,none,,,0,0.9,0,,,,,1,,1,31,0.57,0,,,nflverse snap_counts (not on desk injury list) | game day: nflverse snap_counts + weekly_rosters
2026,1,2026_01_BAL_IND,401872659,BAL,IND,Trenton Simpson,00-0038504,SimpTr00,4430831,LB,F7,LB,ILB,0.627,1,0.75,,,,,,,none,,,0,0.7,0,,,,,1,,1,32,0.59,0,,,nflverse snap_counts (not on desk injury list) | game day: nflverse snap_counts + weekly_rosters
2026,1,2026_01_BAL_IND,401872659,BAL,IND,Andrew Vorhees,00-0038383,VorhAn00,,OL,OL,G/C,G,0.853,1,1,,,,,,,none,,,0,0.8,0,,,,,1,,0,0,0,0,,,nflverse snap_counts (not on desk injury list) | game day: nflverse snap_counts + weekly_rosters
2026,1,2026_01_BAL_IND,401872659,BAL,IND,Danny Pinter,00-0036215,PintDa00,,C,OL,G/C,C,0,0,0,,,,,,,IR,,unknown,1,0.8,0,IR,1,1,0.2,0,,0,0,0,0,,,reconstructed from nflverse final report + reserve list (no lock file) | game day: nflverse snap_counts + weekly_rosters
2026,1,2026_01_BAL_IND,401872659,BAL,IND,Roger Rosengarten,00-0039233,RoseRo01,,T,OL,T,T,1,1,1,,,,,,,none,,,0,1,0,,,,,1,,1,68,1,0,,,nflverse snap_counts (not on desk injury list) | game day: nflverse snap_counts + weekly_rosters
2026,1,2026_01_BAL_IND,401872659,BAL,IND,Ronnie Stanley,00-0032965,StanRo00,,T,OL,T,T,0.96,1,1,,,,,,,none,,,0,1,0,,,,,1,,1,68,1,0,,,nflverse snap_counts (not on desk injury list) | game day: nflverse snap_counts + weekly_rosters
2026,1,2026_01_BUF_HOU,401872660,BUF,HOU,Demetrius Flannigan-Fowles,00-0035020,FlanDe00,3931424,LB,F7,LB,ILB,0,0,0,,,,,,,IR,,unknown,1,0.7,0,IR,1,1,0.2,0,,0,0,0,0,,,reconstructed from nflverse final report + reserve list (no lock file) | game day: nflverse snap_counts + weekly_rosters
2026,1,2026_01_BUF_HOU,401872660,BUF,HOU,Deone Walker,00-0040710,WalkDe04,4831989,DT,F7,DL,DT,0.497,0,0.25,,,,,,,none,,,0,0.9,0,,,,,1,,1,51,0.65,0,,,nflverse snap_counts (not on desk injury list) | game day: nflverse snap_counts + weekly_rosters
2026,1,2026_01_BUF_HOU,401872660,BUF,HOU,Dorian Williams,00-0038557,WillDo04,4568624,LB,F7,LB,ILB,0.422,0,0,,,,,,,none,,,0,0.7,0,,,,,1,,1,53,0.67,0,,,nflverse snap_counts (not on desk injury list) | game day: nflverse snap_counts + weekly_rosters
2026,1,2026_01_BUF_HOU,401872660,BUF,HOU,T.J. Sanders,00-0040724,SandTJ00,4684527,EDGE1,F7,DL,DE,0.463,0,0.25,,,,,,Knee,Questionable,,LP,0.24,0.9,0.054,QUESTIONABLE,1,0.35,0.07,0,,0,0,0,0,,,reconstructed from nflverse final report + reserve list (no lock file) | game day: nflverse snap_counts + weekly_rosters
2026,1,2026_01_BUF_HOU,401872660,BUF,HOU,Zane Durant,00-0041091,DuraZa00,4685347,EDGE1,F7,EDGE,DE,0,0,0,,,,,,,IR,,unknown,1,0.7,0,IR,1,1,0.2,0,,0,0,0,0,,,reconstructed from nflverse final report + reserve list (no lock file) | game day: nflverse snap_counts + weekly_rosters
2026,1,2026_01_BUF_HOU,401872660,BUF,HOU,Alec Anderson,00-0037428,AndeAl01,,T,OL,T,G,0.318,0,0,,,,,,,none,,,0,1,0,,,,,1,,1,58,1,0,,,nflverse snap_counts (not on desk injury list) | game day: nflverse snap_counts + weekly_rosters
2026,1,2026_01_BUF_HOU,401872660,BUF,HOU,Connor McGovern,00-0035679,McGoCo01,,G,OL,G/C,C,0.713,1,0.75,,,,,,,none,,,0,0.8,0,,,,,1,,1,58,1,0,,,nflverse snap_counts (not on desk injury list) | game day: nflverse snap_counts + weekly_rosters
2026,1,2026_01_BUF_HOU,401872660,BUF,HOU,Dion Dawkins,00-0033904,DawkDi00,,T,OL,T,T,0.75,1,1,,,,,,,none,,,0,1,0,,,,,1,,1,58,1,0,,,nflverse snap_counts (not on desk injury list) | game day: nflverse snap_counts + weekly_rosters
2026,1,2026_01_BUF_HOU,401872660,BUF,HOU,O'Cyrus Torrence,00-0038548,TorrOC00,,G,OL,G/C,G,1,1,1,,,,,,,none,,,0,0.8,0,,,,,1,,1,58,1,0,,,nflverse snap_counts (not on desk injury list) | game day: nflverse snap_counts + weekly_rosters
2026,1,2026_01_BUF_HOU,401872660,BUF,HOU,Spencer Brown,00-0036976,BrowSp00,,T,OL,T,T,0.752,1,1,,,,,,,none,,,0,1,0,,,,,1,,1,58,1,0,,,nflverse snap_counts (not on desk injury list) | game day: nflverse snap_counts + weekly_rosters
2026,1,2026_01_CHI_CAR,401872661,CAR,CHI,Bam Martin-Scott,00-0040289,MartBa00,4880613,LB,F7,LB,ILB,0.092,0,0,,,,,,,IR,,unknown,1,0.7,0,IR,1,1,0.2,0,,0,0,0,0,,,reconstructed from nflverse final report + reserve list (no lock file) | game day: nflverse snap_counts + weekly_rosters
2026,1,2026_01_CHI_CAR,401872661,CAR,CHI,Bobby Brown,00-0036903,BrowBo04,4372518,DT,F7,DL,DT,0.367,0,0,,,,,,,none,,FP,0,0.9,0,,,,,1,,1,39,0.52,0,,,nflverse snap_counts (not on desk injury list) | game day: nflverse snap_counts + weekly_rosters
2026,1,2026_01_CHI_CAR,401872661,CAR,CHI,Claudin Cherelus,00-0038493,CherCl00,4256224,LB,F7,LB,ILB,0.5,0,0.25,,,,,,,none,,,0,0.7,0,,,,,1,,1,1,0.01,0,,,nflverse snap_counts (not on desk injury list) | game day: nflverse snap_counts + weekly_rosters
2026,1,2026_01_CHI_CAR,401872661,CAR,CHI,Derrick Brown,00-0036220,BrowDe05,4035495,DT,F7,DL,DE,0.907,1,1,,,,,,,none,,,0,0.9,0,,,,,1,,1,46,0.61,0,,,nflverse snap_counts (not on desk injury list) | game day: nflverse snap_counts + weekly_rosters
2026,1,2026_01_CHI_CAR,401872661,CAR,CHI,Nic Scourton,00-0040746,ScouNi00,4833355,EDGE1,F7,LB,OLB,0.775,1,1,,,,,,,IR,,unknown,1,0.7,0.7,IR,1,1,0.25,0,,0,0,0,0,,,reconstructed from nflverse final report + reserve list (no lock file) | game day: nflverse snap_counts + weekly_rosters
2026,1,2026_01_CHI_CAR,401872661,CAR,CHI,Patrick Jones II,00-0037007,JonePa00,4036063,LB,F7,LB,OLB,0,0,0,,,,,,Back,Out,,DNP,1,0.7,0,OUT,1,1,0.2,0,,0,0,0,0,,,reconstructed from nflverse final report + reserve list (no lock file) | game day: nflverse snap_counts + weekly_rosters
2026,1,2026_01_CHI_CAR,401872661,CAR,CHI,Tershawn Wharton,00-0035890,WharTe00,4058925,IDL,F7,DL,DT,0.165,0,0,,,,,,,Pup,,unknown,1,0.9,0,PUP,1,1,0.2,0,,0,0,0,0,,,reconstructed from nflverse final report + reserve list (no lock file) | game day: nflverse snap_counts + weekly_rosters
2026,1,2026_01_CHI_CAR,401872661,CAR,CHI,Brady Christensen,00-0036968,ChriBr00,,OG,OL,G/C,G,0,0,0,,,,,,,IR,,unknown,1,0.8,0,IR,1,1,0.2,0,,0,0,0,0,,,reconstructed from nflverse final report + reserve list (no lock file) | game day: nflverse snap_counts + weekly_rosters
2026,1,2026_01_CHI_CAR,401872661,CAR,CHI,Damien Lewis,00-0036417,LewiDa05,,G,OL,G/C,G,1,1,1,,,,,,,none,,,0,0.8,0,,,,,1,,1,66,0.97,0,,,nflverse snap_counts (not on desk injury list) | game day: nflverse snap_counts + weekly_rosters
2026,1,2026_01_CHI_CAR,401872661,CAR,CHI,Ikem Ekwonu,00-0037229,EkwoIk00,,RT,OL,T,T,0.53,0,0.25,,,,,,,Pup,,unknown,1,1,0.25,PUP,1,1,0.2,0,,0,0,0,0,,,reconstructed from nflverse final report + reserve list (no lock file) | game day: nflverse snap_counts + weekly_rosters
2026,1,2026_01_CHI_CAR,401872661,CAR,CHI,Ryan Hayes,00-0039042,HayeRy00,,RT,OL,T,T,0,0,0,,,,,,,IR,,unknown,1,1,0,IR,1,1,0.2,0,,0,0,0,0,,,reconstructed from nflverse final report + reserve list (no lock file) | game day: nflverse snap_counts + weekly_rosters
2026,1,2026_01_CHI_CAR,401872661,CAR,CHI,Taylor Moton,00-0033284,MotoTa00,,RT,OL,T,T,1,1,1,,,,,,,Nfi,,unknown,1,1,1,NFI,1,1,0.25,0,,0,0,0,0,,,reconstructed from nflverse final report + reserve list (no lock file) | game day: nflverse snap_counts + weekly_rosters
2026,1,2026_01_CHI_CAR,401872661,CHI,CAR,Austin Booker,00-0039840,BookAu00,4683553,DL,F7,DL,DE,0.897,1,1,,,,,,,none,,,0,0.9,0,,,,,1,,1,40,0.59,0,,,nflverse snap_counts (not on desk injury list) | game day: nflverse snap_counts + weekly_rosters
2026,1,2026_01_CHI_CAR,401872661,CHI,CAR,D'Marco Jackson,00-0037271,JackDM00,4241007,LB,F7,LB,OLB,0.41,0,0,,,,,,,none,,,0,0.7,0,,,,,1,,1,20,0.29,0,,,nflverse snap_counts (not on desk injury list) | game day: nflverse snap_counts + weekly_rosters
2026,1,2026_01_CHI_CAR,401872661,CHI,CAR,Grady Jarrett,00-0031583,JarrGr00,2576492,DL,F7,DL,DT,0.768,1,1,,,,,,,none,,FP,0,0.9,0,,,,,1,,1,44,0.65,0,,,nflverse snap_counts (not on desk injury list) | game day: nflverse snap_counts + weekly_rosters
2026,1,2026_01_CHI_CAR,401872661,CHI,CAR,Jonathan Garvin,00-0036239,GarvJo00,4240655,EDGE1,F7,EDGE,OLB,0,0,0,,,,,,,IR,,unknown,1,0.7,0,IR,1,1,0.2,0,,0,0,0,0,,,reconstructed from nflverse final report + reserve list (no lock file) | game day: nflverse snap_counts + weekly_rosters
2026,1,2026_01_CHI_CAR,401872661,CHI,CAR,Montez Sweat,00-0035647,SweaMo00,3134690,DL,F7,DL,DE,0.753,1,1,,,,,,,none,,,0,0.9,0,,,,,1,,1,43,0.63,0,,,nflverse snap_counts (not on desk injury list) | game day: nflverse snap_counts + weekly_rosters
2026,1,2026_01_CHI_CAR,401872661,CHI,CAR,Nephi Sewell,00-0037544,SeweNe00,4241611,EDGE1,F7,LB,OLB,0,0,0,,,,,,,IR,,unknown,1,0.7,0,IR,1,1,0.2,0,,0,0,0,0,,,reconstructed from nflverse final report + reserve list (no lock file) | game day: nflverse snap_counts + weekly_rosters
2026,1,2026_01_CHI_CAR,401872661,CHI,CAR,Noah Sewell,00-0038390,SeweNo00,4430822,EDGE1,F7,LB,OLB,0.045,0,0,,,,,,,Pup,,unknown,1,0.7,0,PUP,1,1,0.2,0,,0,0,0,0,,,reconstructed from nflverse final report + reserve list (no lock file) | game day: nflverse snap_counts + weekly_rosters
2026,1,2026_01_CHI_CAR,401872661,CHI,CAR,Ruben Hyppolite II,00-0040167,HyppRu00,4429970,EDGE1,F7,LB,OLB,0,0,0,,,,,,,IR,,unknown,1,0.7,0,IR,1,1,0.2,0,,0,0,0,0,,,reconstructed from nflverse final report + reserve list (no lock file) | game day: nflverse snap_counts + weekly_rosters
2026,1,2026_01_CHI_CAR,401872661,CHI,CAR,Shemar Turner,00-0040741,TurnSh00,4432804,EDGE1,F7,DL,DE,0,0,0,,,,,,,Pup,,unknown,1,0.9,0,PUP,1,1,0.2,0,,0,0,0,0,,,reconstructed from nflverse final report + reserve list (no lock file) | game day: nflverse snap_counts + weekly_rosters
2026,1,2026_01_CHI_CAR,401872661,CHI,CAR,T.J. Edwards,00-0035386,EdwaTJ02,3121544,LB,F7,LB,OLB,0.532,0,0.25,,,,,,,none,,,0,0.7,0,,,,,1,,1,68,1,0,,,nflverse snap_counts (not on desk injury list) | game day: nflverse snap_counts + weekly_rosters
2026,1,2026_01_CHI_CAR,401872661,CHI,CAR,Tony Fields II,00-0036634,FielTo00,4245655,EDGE1,F7,EDGE,OLB,0,0,0,,,,,,,IR,,unknown,1,0.7,0,IR,1,1,0.2,0,,0,0,0,0,,,reconstructed from nflverse final report + reserve list (no lock file) | game day: nflverse snap_counts + weekly_rosters
2026,1,2026_01_CHI_CAR,401872661,CHI,CAR,Darnell Wright,00-0038932,WrigDa00,,OL,OL,G/C,T,1,1,1,,,,,,,none,,,0,0.8,0,,,,,1,,1,75,1,0,,,nflverse snap_counts (not on desk injury list) | game day: nflverse snap_counts + weekly_rosters
2026,1,2026_01_CHI_CAR,401872661,CHI,CAR,Joe Thuney,00-0032391,ThunJo00,,OL,OL,G/C,G,1,1,1,,,,,,,none,,FP,0,0.8,0,,,,,1,,1,75,1,0,,,nflverse snap_counts (not on desk injury list) | game day: nflverse snap_counts + weekly_rosters
2026,1,2026_01_CHI_CAR,401872661,CHI,CAR,Jonah Jackson,00-0036258,JackJo03,,OL,OL,G/C,G,1,1,1,,,,,,,none,,,0,0.8,0,,,,,1,,1,75,1,0,,,nflverse snap_counts (not on desk injury list) | game day: nflverse snap_counts + weekly_rosters
2026,1,2026_01_CHI_CAR,401872661,CHI,CAR,Ozzy Trapilo,00-0040740,TrapOz00,,RT,OL,G/C,T,0.492,0,0.25,,,,,,Knee,Questionable,,LP,0.24,0.8,0.048,QUESTIONABLE,1,0.35,0.07,0,,0,0,0,0,,,reconstructed from nflverse final report + reserve list (no lock file) | game day: nflverse snap_counts + weekly_rosters
2026,1,2026_01_TB_CIN,401872925,CIN,TB,B.J. Hill,00-0034800,HillB.00,3116748,DT,F7,DL,DT,0.48,0,0.25,,,,,,,none,,FP,0,0.9,0,,,,,1,,1,24,0.42,0,,,nflverse snap_counts (not on desk injury list) | game day: nflverse snap_counts + weekly_rosters
2026,1,2026_01_TB_CIN,401872925,CIN,TB,Barrett Carter,00-0040157,CartBa00,4431519,LB,F7,LB,ILB,0.863,1,1,,,,,,,none,,,0,0.7,0,,,,,1,,1,57,1,0,,,nflverse snap_counts (not on desk injury list) | game day: nflverse snap_counts + weekly_rosters
2026,1,2026_01_TB_CIN,401872925,CIN,TB,Cedric Johnson,00-0039752,JohnCe01,4430065,DE,F7,EDGE,DE,0.43,0,0,,,,,,,none,,,0,0.7,0,,,,,1,,1,19,0.33,0,,,nflverse snap_counts (not on desk injury list) | game day: nflverse snap_counts + weekly_rosters
2026,1,2026_01_TB_CIN,401872925,CIN,TB,Demetrius Knight,00-0040738,KnigDe00,4427729,LB,F7,LB,ILB,0.682,1,0.75,,,,,,,none,,,0,0.7,0,,,,,1,,1,51,0.89,0,,,nflverse snap_counts (not on desk injury list) | game day: nflverse snap_counts + weekly_rosters
2026,1,2026_01_TB_CIN,401872925,CIN,TB,Myles Murphy,00-0038546,MurpMy00,4428985,DE,F7,EDGE,DE,0.73,1,0.75,,,,,,,none,,,0,0.7,0,,,,,1,,1,34,0.6,0,,,nflverse snap_counts (not on desk injury list) | game day: nflverse snap_counts + weekly_rosters
2026,1,2026_01_TB_CIN,401872925,CIN,TB,Oren Burks,00-0034754,BurkOr00,3051746,LB,F7,LB,ILB,0.365,0,0,,,,,,,none,,,0,0.7,0,,,,,1,,1,3,0.05,0,,,nflverse snap_counts (not on desk injury list) | game day: nflverse snap_counts + weekly_rosters
2026,1,2026_01_TB_CIN,401872925,CIN,TB,Shemar Stewart,00-0040756,StewSh00,4685562,EDGE1,F7,EDGE,DE,0.46,0,0.25,,,,,,Knee,Doubtful,,DNP,1,0.7,0.175,DOUBTFUL,1,0.75,0.15,0,,0,0,0,0,,,reconstructed from nflverse final report + reserve list (no lock file) | game day: nflverse snap_counts + weekly_rosters
2026,1,2026_01_TB_CIN,401872925,CIN,TB,Tedarrell Slaton,00-0036642,SlatTe00,4240612,DT,F7,DL,DT,0.487,0,0.25,,,,,,,none,,,0,0.9,0,,,,,1,,1,21,0.37,0,,,nflverse snap_counts (not on desk injury list) | game day: nflverse snap_counts + weekly_rosters
2026,1,2026_01_TB_CIN,401872925,CIN,TB,Amarius Mims,00-0039925,MimsAm00,,T,OL,T,T,0.855,1,1,,,,,,,none,,,0,1,0,,,,,1,,1,64,1,0,,,nflverse snap_counts (not on desk injury list) | game day: nflverse snap_counts + weekly_rosters
2026,1,2026_01_TB_CIN,401872925,CIN,TB,Brian Parker II,00-0041098,ParkBr02,,OG,OL,G/C,G,0,0,0,,,,,,,IR,,unknown,1,0.8,0,IR,1,1,0.2,0,,0,0,0,0,,,reconstructed from nflverse final report + reserve list (no lock file) | game day: nflverse snap_counts + weekly_rosters
2026,1,2026_01_TB_CIN,401872925,CIN,TB,Dalton Risner,00-0035702,RisnDa00,,G,OL,G/C,G,0.958,1,1,,,,,,,none,,,0,0.8,0,,,,,1,,1,64,1,0,,,nflverse snap_counts (not on desk injury list) | game day: nflverse snap_counts + weekly_rosters
2026,1,2026_01_TB_CIN,401872925,CIN,TB,Dylan Fairchild,00-0040140,FairDy00,,G,OL,G/C,G,0.975,1,1,,,,,,,none,,,0,0.8,0,,,,,1,,1,64,1,0,,,nflverse snap_counts (not on desk injury list) | game day: nflverse snap_counts + weekly_rosters
2026,1,2026_01_TB_CIN,401872925,CIN,TB,Orlando Brown Jr.,00-0034752,BrowOr00,,T,OL,T,T,1,1,1,,,,,,,none,,,0,1,0,,,,,1,,1,64,1,0,,,nflverse snap_counts (not on desk injury list) | game day: nflverse snap_counts + weekly_rosters
2026,1,2026_01_TB_CIN,401872925,CIN,TB,Ted Karras,00-0032445,KarrTe00,,C,OL,G/C,C,1,1,1,,,,,,,none,,,0,0.8,0,,,,,1,,1,64,1,0,,,nflverse snap_counts (not on desk injury list) | game day: nflverse snap_counts + weekly_rosters
2026,1,2026_01_CLE_JAX,401872922,CLE,JAX,Alex Wright,00-0037251,WrigAl01,4570119,EDGE1,F7,EDGE,DE,0.685,1,0.75,,,,,,,IR,,unknown,1,0.7,0.525,IR,1,1,0.25,0,,0,0,0,0,,,reconstructed from nflverse final report + reserve list (no lock file) | game day: nflverse snap_counts + weekly_rosters
2026,1,2026_01_CLE_JAX,401872922,CLE,JAX,Carson Schwesinger,00-0040579,SchwCa00,4876017,LB,F7,LB,MLB,0.75,1,1,,,,,,,none,,FP,0,0.7,0,,,,,1,,1,57,1,0,,,nflverse snap_counts (not on desk injury list) | game day: nflverse snap_counts + weekly_rosters
2026,1,2026_01_CLE_JAX,401872922,CLE,JAX,Edefuan Ulofoshio,00-0039878,UlofEd00,4374280,LB,F7,LB,MLB,0,0,0,,,,,,,IR,,unknown,1,0.7,0,IR,1,1,0.2,0,,0,0,0,0,,,reconstructed from nflverse final report + reserve list (no lock file) | game day: nflverse snap_counts + weekly_rosters
2026,1,2026_01_CLE_JAX,401872922,CLE,JAX,Elijah Chatman,00-0039764,ChatEl00,4429392,IDL,F7,DL,DT,0,0,0,,,,,,,IR,,unknown,1,0.9,0,IR,1,1,0.2,0,,0,0,0,0,,,reconstructed from nflverse final report + reserve list (no lock file) | game day: nflverse snap_counts + weekly_rosters
2026,1,2026_01_CLE_JAX,401872922,CLE,JAX,Jeremiah Owusu-Koramoah,00-0036915,OwusJe00,4258599,EDGE1,F7,EDGE,OLB,0,0,0,,,,,,,Pup,,unknown,1,0.7,0,PUP,1,1,0.2,0,,0,0,0,0,,,reconstructed from nflverse final report + reserve list (no lock file) | game day: nflverse snap_counts + weekly_rosters
2026,1,2026_01_CLE_JAX,401872922,CLE,JAX,Kalia Davis,00-0037832,DaviKa01,4243541,IDL,F7,DL,DT,0,0,0,,,,,,,IR,,unknown,1,0.9,0,IR,1,1,0.2,0,,0,0,0,0,,,reconstructed from nflverse final report + reserve list (no lock file) | game day: nflverse snap_counts + weekly_rosters
2026,1,2026_01_CLE_JAX,401872922,CLE,JAX,Mason Graham,00-0040685,GrahMa00,4873232,DT,F7,DL,DT,0.772,1,1,,,,,,,none,,,0,0.9,0,,,,,1,,1,34,0.6,0,,,nflverse snap_counts (not on desk injury list) | game day: nflverse snap_counts + weekly_rosters
2026,1,2026_01_CLE_JAX,401872922,CLE,JAX,Kendrick Green,00-0036983,GreeKe02,,C,OL,G/C,C,0,0,0,,,,,,,IR,,unknown,1,0.8,0,IR,1,1,0.2,0,,0,0,0,0,,,reconstructed from nflverse final report + reserve list (no lock file) | game day: nflverse snap_counts + weekly_rosters
2026,1,2026_01_CLE_JAX,401872922,CLE,JAX,Luke Wypler,00-0038609,WyplLu00,,C,OL,G/C,C,0.917,1,1,,,,,,,none,,,0,0.8,0,,,,,1,,0,0,0,0,,,nflverse snap_counts (not on desk injury list) | game day: nflverse snap_counts + weekly_rosters
2026,1,2026_01_CLE_JAX,401872922,CLE,JAX,Parker Brailsford,00-0041073,BraiPa01,,C,OL,G/C,C,0,0,0,,,,,,Thumb,Questionable,,LP,0.24,0.8,0,QUESTIONABLE,1,0.35,0.07,0,,0,0,0,0,,,reconstructed from nflverse final report + reserve list (no lock file) | game day: nflverse snap_counts + weekly_rosters
2026,1,2026_01_CLE_JAX,401872922,CLE,JAX,Teven Jenkins,00-0036953,JenkTe00,,OG,OL,G/C,G,0.772,1,1,,,,,,Back,Out,,DNP,1,0.8,0.8,OUT,1,1,0.25,0,,0,0,0,0,,,reconstructed from nflverse final report + reserve list (no lock file) | game day: nflverse snap_counts + weekly_rosters
2026,1,2026_01_DAL_NYG,401872930,DAL,NYG,Donovan Ezeiruaku,00-0040725,EzeiDo00,4683848,DE,F7,EDGE,OLB,0.555,0,0.25,,,,,,,none,,,0,0.7,0,,,,,1,,1,42,0.61,0,,,nflverse snap_counts (not on desk injury list) | game day: nflverse snap_counts + weekly_rosters
2026,1,2026_01_DAL_NYG,401872930,DAL,NYG,Kelvin Gilliam,00-0040933,GillKe00,,IDL,F7,DL,NT,0,0,0,,,,,,,IR,,unknown,1,0.9,0,IR,1,1,0.2,0,,0,0,0,0,,,reconstructed from nflverse final report + reserve list (no lock file) | game day: nflverse snap_counts + weekly_rosters
2026,1,2026_01_DAL_NYG,401872930,DAL,NYG,Kenny Clark,00-0033120,ClarKe01,3122752,DT,F7,DL,DT,0.735,1,0.75,,,,,,,none,,,0,0.9,0,,,,,1,,1,50,0.72,0,,,nflverse snap_counts (not on desk injury list) | game day: nflverse snap_counts + weekly_rosters
2026,1,2026_01_DAL_NYG,401872930,DAL,NYG,Marist Liufau,00-0039352,LiufMa00,4427816,EDGE1,F7,LB,OLB,0.122,0,0,,,,,,,IR,,unknown,1,0.7,0,IR,1,1,0.2,0,,0,0,0,0,,,reconstructed from nflverse final report + reserve list (no lock file) | game day: nflverse snap_counts + weekly_rosters
2026,1,2026_01_DAL_NYG,401872930,DAL,NYG,Quinnen Williams,00-0035718,WillQu00,4040982,DT,F7,DL,DT,0.463,0,0.25,,,,,,,none,,,0,0.9,0,,,,,1,,1,53,0.77,0,,,nflverse snap_counts (not on desk injury list) | game day: nflverse snap_counts + weekly_rosters
2026,1,2026_01_DAL_NYG,401872930,DAL,NYG,Shemar James,00-0040011,JameSh00,4685400,LB,F7,LB,ILB,0.64,1,0.75,,,,,,,none,,,0,0.7,0,,,,,1,,1,1,0.01,1,,,nflverse snap_counts (not on desk injury list) | game day: nflverse snap_counts + weekly_rosters
2026,1,2026_01_DAL_NYG,401872930,DAL,NYG,Cooper Beebe,00-0039348,BeebCo00,,C,OL,G/C,C,0.983,1,1,,,,,,,none,,,0,0.8,0,,,,,1,,1,58,1,0,,,nflverse snap_counts (not on desk injury list) | game day: nflverse snap_counts + weekly_rosters
2026,1,2026_01_DAL_NYG,401872930,DAL,NYG,Matt Hennessy,00-0036295,HennMa00,,C,OL,G/C,C,0,0,0,,,,,,,IR,,unknown,1,0.8,0,IR,1,1,0.2,0,,0,0,0,0,,,reconstructed from nflverse final report + reserve list (no lock file) | game day: nflverse snap_counts + weekly_rosters
2026,1,2026_01_DAL_NYG,401872930,DAL,NYG,T.J. Bass,00-0038731,BassTJ00,,G,OL,G/C,G,0.522,0,0.25,,,,,,,none,,,0,0.8,0,,,,,1,,1,58,1,0,,,nflverse snap_counts (not on desk injury list) | game day: nflverse snap_counts + weekly_rosters
2026,1,2026_01_DAL_NYG,401872930,DAL,NYG,Terence Steele,00-0036036,SteeTe01,,T,OL,T,T,0.995,1,1,,,,,,,none,,,0,1,0,,,,,1,,1,58,1,0,,,nflverse snap_counts (not on desk injury list) | game day: nflverse snap_counts + weekly_rosters
2026,1,2026_01_DAL_NYG,401872930,DAL,NYG,Tyler Booker,00-0040007,BookTy00,,G,OL,G/C,G,1,1,1,,,,,,,none,,,0,0.8,0,,,,,1,,1,58,1,0,,,nflverse snap_counts (not on desk injury list) | game day: nflverse snap_counts + weekly_rosters
2026,1,2026_01_DAL_NYG,401872930,DAL,NYG,Tyler Smith,00-0037243,SmitTy02,,OG,OL,G/C,G,0.968,1,1,,,,,,,IR,,unknown,1,0.8,0.8,IR,1,1,0.25,0,,0,0,0,0,,,reconstructed from nflverse final report + reserve list (no lock file) | game day: nflverse snap_counts + weekly_rosters
2026,1,2026_01_DEN_KC,401872931,DEN,KC,Alex Singleton,00-0031898,SingAl00,2612151,LB,F7,LB,ILB,0.935,1,1,,,,,,,none,,,0,0.7,0,,,,,1,,1,68,0.99,0,,,nflverse snap_counts (not on desk injury list) | game day: nflverse snap_counts + weekly_rosters
2026,1,2026_01_DEN_KC,401872931,DEN,KC,D.J. Jones,00-0033297,JoneD.01,3894915,DT,F7,DL,DT,0.422,0,0,,,,,,,none,,,0,0.9,0,,,,,1,,1,39,0.57,0,,,nflverse snap_counts (not on desk injury list) | game day: nflverse snap_counts + weekly_rosters
2026,1,2026_01_DEN_KC,401872931,DEN,KC,Dondrea Tillman,00-0037799,TillDo00,5216101,LB,F7,LB,OLB,0.385,0,0,,,,,,,none,,,0,0.7,0,,,,,1,,1,32,0.46,0,,,nflverse snap_counts (not on desk injury list) | game day: nflverse snap_counts + weekly_rosters
2026,1,2026_01_DEN_KC,401872931,DEN,KC,Eyioma Uwazurike,00-0038106,UwazEy00,4066109,DL,F7,DL,DE,0.475,0,0.25,,,,,,,none,,,0,0.9,0,,,,,1,,1,41,0.59,0,,,nflverse snap_counts (not on desk injury list) | game day: nflverse snap_counts + weekly_rosters
2026,1,2026_01_DEN_KC,401872931,DEN,KC,Jonah Elliss,00-0039809,ElliJo03,4687592,LB,F7,LB,OLB,0.388,0,0,,,,,,,none,,,0,0.7,0,,,,,1,,1,40,0.58,0,,,nflverse snap_counts (not on desk injury list) | game day: nflverse snap_counts + weekly_rosters
2026,1,2026_01_DEN_KC,401872931,DEN,KC,Jonathon Cooper,00-0036952,CoopJo02,4040608,LB,F7,LB,OLB,0.625,1,0.75,,,,,,,none,,,0,0.7,0,,,,,,,0,0,0,0,,,nflverse snap_counts (not on desk injury list) | game day: nflverse snap_counts + weekly_rosters
2026,1,2026_01_DEN_KC,401872931,DEN,KC,Justin Strnad,00-0036428,StrnJu00,3919548,LB,F7,LB,ILB,0.517,0,0.25,,,,,,,none,,,0,0.7,0,,,,,1,,1,55,0.8,0,,,nflverse snap_counts (not on desk injury list) | game day: nflverse snap_counts + weekly_rosters
2026,1,2026_01_DEN_KC,401872931,DEN,KC,Malcolm Roach,00-0035763,RoacMa01,4039064,DT,F7,DL,DT,0.545,0,0.25,,,,,,,none,,,0,0.9,0,,,,,1,,1,32,0.46,0,,,nflverse snap_counts (not on desk injury list) | game day: nflverse snap_counts + weekly_rosters
2026,1,2026_01_DEN_KC,401872931,DEN,KC,Nik Bonitto,00-0037249,BoniNi00,4360259,LB,F7,LB,OLB,0.562,0,0.25,,,,,,,none,,,0,0.7,0,,,,,1,,1,36,0.52,0,,,nflverse snap_counts (not on desk injury list) | game day: nflverse snap_counts + weekly_rosters
2026,1,2026_01_DEN_KC,401872931,DEN,KC,Zach Allen,00-0035248,AlleZa01,3915282,DL,F7,DL,DE,0.613,1,0.75,,,,,,,none,,,0,0.9,0,,,,,1,,1,42,0.61,0,,,nflverse snap_counts (not on desk injury list) | game day: nflverse snap_counts + weekly_rosters
2026,1,2026_01_DEN_KC,401872931,DEN,KC,Alex Forsyth,00-0038649,ForsAl00,,C,OL,G/C,C,0.677,1,0.75,,,,,,,none,,,0,0.8,0,,,,,1,,0,0,0,0,,,nflverse snap_counts (not on desk injury list) | game day: nflverse snap_counts + weekly_rosters
2026,1,2026_01_DEN_KC,401872931,DEN,KC,Ben Powers,00-0034978,PoweBe00,,G,OL,G/C,G,0.892,1,1,,,,,,,none,,,0,0.8,0,,,,,1,,1,51,1,0,,,nflverse snap_counts (not on desk injury list) | game day: nflverse snap_counts + weekly_rosters
2026,1,2026_01_DEN_KC,401872931,DEN,KC,Garett Bolles,00-0033538,BollGa00,,T,OL,T,T,0.965,1,1,,,,,,,none,,,0,1,0,,,,,1,,1,51,1,0,,,nflverse snap_counts (not on desk injury list) | game day: nflverse snap_counts + weekly_rosters
2026,1,2026_01_DEN_KC,401872931,DEN,KC,Mike McGlinchey,00-0034847,McGlMi00,,T,OL,T,T,1,1,1,,,,,,,none,,,0,1,0,,,,,1,,1,51,1,0,,,nflverse snap_counts (not on desk injury list) | game day: nflverse snap_counts + weekly_rosters
2026,1,2026_01_DEN_KC,401872931,DEN,KC,Quinn Meinerz,00-0037001,MeinQu02,,G,OL,G/C,G,1,1,1,,,,,,,none,,,0,0.8,0,,,,,1,,1,51,1,0,,,nflverse snap_counts (not on desk injury list) | game day: nflverse snap_counts + weekly_rosters
2026,1,2026_01_NO_DET,401872923,DET,NO,Aidan Hutchinson,00-0037236,HutcAi00,4372099,DE,F7,EDGE,DE,0.837,1,1,,,,,,,none,,,0,0.7,0,,,,,1,,1,75,0.83,0,,,nflverse snap_counts (not on desk injury list) | game day: nflverse snap_counts + weekly_rosters
2026,1,2026_01_NO_DET,401872923,DET,NO,Alim McNeill,00-0036624,McNeAl00,4361662,DL,F7,DL,DT,0.45,0,0.25,,,,,,,none,,,0,0.9,0,,,,,1,,1,83,0.92,0,,,nflverse snap_counts (not on desk injury list) | game day: nflverse snap_counts + weekly_rosters
2026,1,2026_01_NO_DET,401872923,DET,NO,Damone Clark,00-0037281,ClarDa02,4362636,EDGE1,F7,LB,OLB,0,0,0,,,,,,,IR,,unknown,1,0.7,0,IR,1,1,0.2,0,,0,0,0,0,,,reconstructed from nflverse final report + reserve list (no lock file) | game day: nflverse snap_counts + weekly_rosters
2026,1,2026_01_NO_DET,401872923,DET,NO,Derrick Barnes,00-0036964,BarnDe02,4260409,LB,F7,LB,OLB,0.84,1,1,,,,,,,none,,,0,0.7,0,,,,,1,,1,77,0.86,0,,,nflverse snap_counts (not on desk injury list) | game day: nflverse snap_counts + weekly_rosters
2026,1,2026_01_NO_DET,401872923,DET,NO,Jack Campbell,00-0039018,CampJa04,4569465,LB,F7,LB,MLB,1,1,1,,,,,,,none,,,0,0.7,0,,,,,1,,1,90,1,0,,,nflverse snap_counts (not on desk injury list) | game day: nflverse snap_counts + weekly_rosters
2026,1,2026_01_NO_DET,401872923,DET,NO,Payton Turner,00-0036926,TurnPa02,4240269,EDGE1,F7,EDGE,DE,0,0,0,,,,,,,IR,,unknown,1,0.7,0,IR,1,1,0.2,0,,0,0,0,0,,,reconstructed from nflverse final report + reserve list (no lock file) | game day: nflverse snap_counts + weekly_rosters
2026,1,2026_01_NO_DET,401872923,DET,NO,Tyleik Williams,00-0040672,WillTy02,4431615,DL,F7,DL,DT,0.34,0,0,,,,,,,none,,,0,0.9,0,,,,,1,,1,35,0.39,0,,,nflverse snap_counts (not on desk injury list) | game day: nflverse snap_counts + weekly_rosters
2026,1,2026_01_NO_DET,401872923,DET,NO,Cade Mays,00-0037297,MaysCa00,,C,OL,G/C,C,0,0,0,,,,,,,IR,,unknown,1,0.8,0,IR,1,1,0.2,0,,0,0,0,0,,,reconstructed from nflverse final report + reserve list (no lock file) | game day: nflverse snap_counts + weekly_rosters
2026,1,2026_01_NO_DET,401872923,DET,NO,Christian Mahogany,00-0039408,MahoCh00,,OL,OL,G/C,G,0.728,1,0.75,,,,,,,none,,,0,0.8,0,,,,,1,,1,11,0.14,1,,,nflverse snap_counts (not on desk injury list) | game day: nflverse snap_counts + weekly_rosters
2026,1,2026_01_NO_DET,401872923,DET,NO,Giovanni Manu,00-0039362,ManuGi00,,RT,OL,G/C,T,0,0,0,,,,,,,Nfi,,unknown,1,0.8,0,NFI,1,1,0.2,0,,0,0,0,0,,,reconstructed from nflverse final report + reserve list (no lock file) | game day: nflverse snap_counts + weekly_rosters
2026,1,2026_01_NO_DET,401872923,DET,NO,Penei Sewell,00-0036880,SewePe00,,T,OL,T,T,0.728,1,0.75,,,,,,,none,,,0,1,0,,,,,1,,1,77,1,0,,,nflverse snap_counts (not on desk injury list) | game day: nflverse snap_counts + weekly_rosters
2026,1,2026_01_NO_DET,401872923,DET,NO,Tate Ratledge,00-0040728,RatlTa00,,OL,OL,G/C,G,1,1,1,,,,,,,none,,,0,0.8,0,,,,,1,,1,77,1,0,,,nflverse snap_counts (not on desk injury list) | game day: nflverse snap_counts + weekly_rosters
2026,1,2026_01_GB_MIN,401872927,GB,MIN,Barryn Sorrell,00-0040010,SorrBa00,4683643,DL,F7,DL,OLB,0.325,0,0,,,,,,,none,,LP,0,0.9,0,,,,,1,,1,40,0.62,0,,,nflverse snap_counts (not on desk injury list) | game day: nflverse snap_counts + weekly_rosters
2026,1,2026_01_GB_MIN,401872927,GB,MIN,Collin Oliver,00-0040012,OlivCo00,4683059,EDGE1,F7,DL,OLB,0.115,0,0,,,,,,,IR,,unknown,1,0.9,0,IR,1,1,0.2,0,,0,0,0,0,,,reconstructed from nflverse final report + reserve list (no lock file) | game day: nflverse snap_counts + weekly_rosters
2026,1,2026_01_GB_MIN,401872927,GB,MIN,Edgerrin Cooper,00-0039850,CoopEd00,4430438,LB,F7,LB,ILB,0.637,1,0.75,,,,,,,none,,,0,0.7,0,,,,,1,,1,65,1,0,,,nflverse snap_counts (not on desk injury list) | game day: nflverse snap_counts + weekly_rosters
2026,1,2026_01_GB_MIN,401872927,GB,MIN,Isaiah McDuffie,00-0036658,McDuIs00,4239947,LB,F7,LB,ILB,0.505,0,0.25,,,,,,,none,,,0,0.7,0,,,,,1,,1,1,0.02,0,,,nflverse snap_counts (not on desk injury list) | game day: nflverse snap_counts + weekly_rosters
2026,1,2026_01_GB_MIN,401872927,GB,MIN,Jordon Riley,00-0038506,RileJo00,4240677,EDGE1,F7,DL,DE,0.125,0,0,,,,,,,Pup,,unknown,1,0.9,0,PUP,1,1,0.2,0,,0,0,0,0,,,reconstructed from nflverse final report + reserve list (no lock file) | game day: nflverse snap_counts + weekly_rosters
2026,1,2026_01_GB_MIN,401872927,GB,MIN,Karl Brooks,00-0038398,BrooKa00,4373423,DL,F7,DL,DT,0.525,0,0.25,,,,,,,none,,,0,0.9,0,,,,,1,,1,37,0.57,0,,,nflverse snap_counts (not on desk injury list) | game day: nflverse snap_counts + weekly_rosters
2026,1,2026_01_GB_MIN,401872927,GB,MIN,Lukas Van Ness,00-0039112,VanNLu00,4686906,DL,F7,DL,OLB,0.407,0,0,,,,,,,none,,,0,0.9,0,,,,,1,,1,43,0.66,0,,,nflverse snap_counts (not on desk injury list) | game day: nflverse snap_counts + weekly_rosters
2026,1,2026_01_GB_MIN,401872927,GB,MIN,Micah Parsons,00-0036932,ParsMi00,4361423,EDGE1,F7,DL,OLB,0,0,0,,,,,,,Pup,,unknown,1,0.9,0,PUP,1,1,0.2,0,,0,0,0,0,,,reconstructed from nflverse final report + reserve list (no lock file) | game day: nflverse snap_counts + weekly_rosters
2026,1,2026_01_GB_MIN,401872927,GB,MIN,Ty'Ron Hopper,00-0039812,HoppTy00,4567406,LB,F7,LB,ILB,0.28,0,0,,,,,,Achilles,Questionable,,LP,0.24,0.7,0,QUESTIONABLE,1,0.35,0.07,0,,0,0,0,0,,,reconstructed from nflverse final report + reserve list (no lock file) | game day: nflverse snap_counts + weekly_rosters
2026,1,2026_01_GB_MIN,401872927,GB,MIN,Warren Brinson,00-0040016,BrinWa00,4429136,IDL,F7,DL,DT,0.45,0,0.25,,,,,,Calf,Out,,DNP,1,0.9,0.225,OUT,1,1,0.2,0,,0,0,0,0,,,reconstructed from nflverse final report + reserve list (no lock file) | game day: nflverse snap_counts + weekly_rosters
2026,1,2026_01_GB_MIN,401872927,GB,MIN,Aaron Banks,00-0036551,BankAa00,,OG,OL,G/C,G,0.718,1,0.75,,,,,,Knee,Questionable,,LP,0.24,0.8,0.144,QUESTIONABLE,1,0.35,0.09,0,,0,0,0,0,,,reconstructed from nflverse final report + reserve list (no lock file) | game day: nflverse snap_counts + weekly_rosters
2026,1,2026_01_GB_MIN,401872927,GB,MIN,Anthony Belton,00-0040726,BeltAn00,,T,OL,T,T,1,1,1,,,,,,,none,,,0,1,0,,,,,1,,1,4,0.06,1,,,nflverse snap_counts (not on desk injury list) | game day: nflverse snap_counts + weekly_rosters
2026,1,2026_01_GB_MIN,401872927,GB,MIN,Jordan Morgan,00-0039904,MorgJo03,,T,OL,T,G,1,1,1,,,,,,,none,,FP,0,1,0,,,,,1,,1,68,1,0,,,nflverse snap_counts (not on desk injury list) | game day: nflverse snap_counts + weekly_rosters
2026,1,2026_01_GB_MIN,401872927,GB,MIN,Sean Rhyan,00-0037076,RhyaSe00,,G,OL,G/C,G,0.708,1,0.75,,,,,,,none,,,0,0.8,0,,,,,1,,1,68,1,0,,,nflverse snap_counts (not on desk injury list) | game day: nflverse snap_counts + weekly_rosters
2026,1,2026_01_GB_MIN,401872927,GB,MIN,Zach Bako-Bewele,00-0037817,TomxZa00,,RT,OL,G/C,T,0,0,0,,,,,,Knee,Questionable,,LP,0.24,0.8,0,QUESTIONABLE,1,0.35,0.07,1,,1,68,1,0,,,reconstructed from nflverse final report + reserve list (no lock file) | game day: nflverse snap_counts + weekly_rosters
2026,1,2026_01_BUF_HOU,401872660,HOU,BUF,Ali Gaye,00-0038724,GayeAl01,4243321,EDGE1,F7,LB,DE,0,0,0,,,,,,,IR,,unknown,1,0.7,0,IR,1,1,0.2,0,,0,0,0,0,,,reconstructed from nflverse final report + reserve list (no lock file) | game day: nflverse snap_counts + weekly_rosters
2026,1,2026_01_BUF_HOU,401872660,HOU,BUF,Azeez Al-Shaair,00-0035166,AlShAz00,3919117,LB,F7,LB,MLB,0.82,1,1,,,,,,,none,,,0,0.7,0,,,,,1,,1,58,1,0,,,nflverse snap_counts (not on desk injury list) | game day: nflverse snap_counts + weekly_rosters
2026,1,2026_01_BUF_HOU,401872660,HOU,BUF,Danielle Hunter,00-0031565,HuntDa01,2976560,DE,F7,EDGE,DE,0.645,1,0.75,,,,,,,none,,,0,0.7,0,,,,,1,,1,45,0.78,0,,,nflverse snap_counts (not on desk injury list) | game day: nflverse snap_counts + weekly_rosters
2026,1,2026_01_BUF_HOU,401872660,HOU,BUF,Dylan Horton,00-0039009,HortDy00,4374066,EDGE1,F7,EDGE,DE,0.338,0,0,,,,,,,IR,,unknown,1,0.7,0,IR,1,1,0.2,0,,0,0,0,0,,,reconstructed from nflverse final report + reserve list (no lock file) | game day: nflverse snap_counts + weekly_rosters
2026,1,2026_01_BUF_HOU,401872660,HOU,BUF,E.J. Speed,00-0034987,SpeeEJ00,3071353,EDGE1,F7,LB,OLB,0.237,0,0,,,,,,,Pup,,unknown,1,0.7,0,PUP,1,1,0.2,0,,0,0,0,0,,,reconstructed from nflverse final report + reserve list (no lock file) | game day: nflverse snap_counts + weekly_rosters
2026,1,2026_01_BUF_HOU,401872660,HOU,BUF,Henry To'oTo'o,00-0038599,TooTHe00,4426350,LB,F7,LB,OLB,0.873,1,1,,,,,,,none,,,0,0.7,0,,,,,1,,1,51,0.88,0,,,nflverse snap_counts (not on desk injury list) | game day: nflverse snap_counts + weekly_rosters
2026,1,2026_01_BUF_HOU,401872660,HOU,BUF,K.C. Ossai,00-0040413,OssaKC00,,LB,F7,LB,ILB,0,0,0,,,,,,,IR,,unknown,1,0.7,0,IR,1,1,0.2,0,,0,0,0,0,,,reconstructed from nflverse final report + reserve list (no lock file) | game day: nflverse snap_counts + weekly_rosters
2026,1,2026_01_BUF_HOU,401872660,HOU,BUF,Kayden McDonald,00-0041440,McDoKa00,4870893,IDL,F7,DL,DT,0,0,0,,,,,,,IR,,DNP,1,0.9,0,IR,1,1,0.2,0,,0,0,0,0,,,reconstructed from nflverse final report + reserve list (no lock file) | game day: nflverse snap_counts + weekly_rosters
2026,1,2026_01_BUF_HOU,401872660,HOU,BUF,Sheldon Rankins,00-0032759,RankSh00,2970204,DT,F7,DL,DT,0.598,0,0.25,,,,,,,none,,,0,0.9,0,,,,,1,,1,41,0.71,0,,,nflverse snap_counts (not on desk injury list) | game day: nflverse snap_counts + weekly_rosters
2026,1,2026_01_BUF_HOU,401872660,HOU,BUF,Solomon Byrd,00-0039427,ByrdSo00,4361689,EDGE1,F7,EDGE,DE,0,0,0,,,,,,,IR,,unknown,1,0.7,0,IR,1,1,0.2,0,,0,0,0,0,,,reconstructed from nflverse final report + reserve list (no lock file) | game day: nflverse snap_counts + weekly_rosters
2026,1,2026_01_BUF_HOU,401872660,HOU,BUF,Tommy Togiai,00-0036883,TogiTo00,4361366,DT,F7,DL,DT,0.613,1,0.75,,,,,,,none,,,0,0.9,0,,,,,1,,1,40,0.69,0,,,nflverse snap_counts (not on desk injury list) | game day: nflverse snap_counts + weekly_rosters
2026,1,2026_01_BUF_HOU,401872660,HOU,BUF,Will Anderson,00-0039108,AndeWi01,4685724,DE,F7,EDGE,DE,0.595,0,0.25,,,,,,,none,,DNP,0,0.7,0,,,,,1,,1,51,0.88,0,,,nflverse snap_counts (not on desk injury list) | game day: nflverse snap_counts + weekly_rosters
2026,1,2026_01_BUF_HOU,401872660,HOU,BUF,Aireontae Ersery,00-0040745,ErseAi00,,T,OL,T,T,0.75,1,1,,,,,,,none,,,0,1,0,,,,,1,,1,79,1,0,,,nflverse snap_counts (not on desk injury list) | game day: nflverse snap_counts + weekly_rosters
2026,1,2026_01_BUF_HOU,401872660,HOU,BUF,Blake Fisher,00-0039857,FishBl00,,T,OL,T,T,0.485,0,0.25,,,,,,,none,,,0,1,0,,,,,1,,1,10,0.13,0,,,nflverse snap_counts (not on desk injury list) | game day: nflverse snap_counts + weekly_rosters
2026,1,2026_01_BUF_HOU,401872660,HOU,BUF,Braden Smith,00-0034836,SmitBr06,,RT,OL,T,T,0,0,0,,,,,,,IR,,unknown,1,1,0,IR,1,1,0.2,0,,0,0,0,0,,,reconstructed from nflverse final report + reserve list (no lock file) | game day: nflverse snap_counts + weekly_rosters
2026,1,2026_01_BUF_HOU,401872660,HOU,BUF,Ed Ingram,00-0038131,IngrEd00,,G,OL,G/C,G,0.935,1,1,,,,,,,none,,,0,0.8,0,,,,,1,,1,79,1,0,,,nflverse snap_counts (not on desk injury list) | game day: nflverse snap_counts + weekly_rosters
2026,1,2026_01_BUF_HOU,401872660,HOU,BUF,Jake Andrews,00-0039030,AndrJa00,,C,OL,G/C,C,1,1,1,,,,,,,none,,,0,0.8,0,,,,,1,,0,0,0,0,,,nflverse snap_counts (not on desk injury list) | game day: nflverse snap_counts + weekly_rosters
2026,1,2026_01_BUF_HOU,401872660,HOU,BUF,Sam Hagen,00-0041303,HageSa00,,RT,OL,T,T,0,0,0,,,,,,,IR,,unknown,1,1,0,IR,1,1,0.2,0,,0,0,0,0,,,reconstructed from nflverse final report + reserve list (no lock file) | game day: nflverse snap_counts + weekly_rosters
2026,1,2026_01_BAL_IND,401872659,IND,BAL,Adetomiwa Adebawore,00-0039031,AdebAd00,4427635,DT,F7,DL,DT,0.56,0,0.25,,,,,,,none,,,0,0.9,0,,,,,1,,1,18,0.26,0,,,nflverse snap_counts (not on desk injury list) | game day: nflverse snap_counts + weekly_rosters
2026,1,2026_01_BAL_IND,401872659,IND,BAL,Austin Ajiake,00-0039178,AjiaAu00,4374171,LB,F7,LB,ILB,0.025,0,0,,,,,,Hamstring,Out,,DNP,1,0.7,0,OUT,1,1,0.2,0,,0,0,0,0,,,reconstructed from nflverse final report + reserve list (no lock file) | game day: nflverse snap_counts + weekly_rosters
2026,1,2026_01_BAL_IND,401872659,IND,BAL,Grover Stewart,00-0033952,StewGr00,4058825,DT,F7,DL,DT,0.573,0,0.25,,,,,,,none,,FP,0,0.9,0,,,,,1,,1,43,0.63,0,,,nflverse snap_counts (not on desk injury list) | game day: nflverse snap_counts + weekly_rosters
2026,1,2026_01_BAL_IND,401872659,IND,BAL,Laiatu Latu,00-0039340,LatuLa00,4426473,DE,F7,EDGE,DE,0.673,1,0.75,,,,,,,none,,,0,0.7,0,,,,,1,,1,57,0.84,0,,,nflverse snap_counts (not on desk injury list) | game day: nflverse snap_counts + weekly_rosters
2026,1,2026_01_BAL_IND,401872659,IND,BAL,Bernhard Raimann,00-0037757,RaimBe00,,T,OL,T,T,0.642,1,0.75,,,,,,,none,,,0,1,0,,,,,1,,1,54,1,0,,,nflverse snap_counts (not on desk injury list) | game day: nflverse snap_counts + weekly_rosters
2026,1,2026_01_BAL_IND,401872659,IND,BAL,Jalen Travis,00-0040163,TravJa00,,T,OL,T,T,1,1,1,,,,,,,none,,,0,1,0,,,,,1,,1,54,1,0,,,nflverse snap_counts (not on desk injury list) | game day: nflverse snap_counts + weekly_rosters
2026,1,2026_01_BAL_IND,401872659,IND,BAL,Matt Goncalves,00-0039736,GoncMa00,,G,OL,G/C,G,0.995,1,1,,,,,,,none,,,0,0.8,0,,,,,1,,1,54,1,0,,,nflverse snap_counts (not on desk injury list) | game day: nflverse snap_counts + weekly_rosters
2026,1,2026_01_BAL_IND,401872659,IND,BAL,Quenton Nelson,00-0034342,NelsQu00,,G,OL,G/C,G,0.983,1,1,,,,,,,none,,,0,0.8,0,,,,,1,,1,54,1,0,,,nflverse snap_counts (not on desk injury list) | game day: nflverse snap_counts + weekly_rosters
2026,1,2026_01_BAL_IND,401872659,IND,BAL,Tanor Bortolini,00-0039744,BortTa00,,C,OL,G/C,C,0.508,0,0.25,,,,,,,none,,,0,0.8,0,,,,,1,,1,54,1,0,,,nflverse snap_counts (not on desk injury list) | game day: nflverse snap_counts + weekly_rosters
2026,1,2026_01_CLE_JAX,401872922,JAX,CLE,Arik Armstead,00-0032164,ArmsAr01,2971275,DT,F7,DL,DT,0.53,0,0.25,,,,,,,none,,,0,0.9,0,,,,,1,,1,29,0.57,0,,,nflverse snap_counts (not on desk injury list) | game day: nflverse snap_counts + weekly_rosters
2026,1,2026_01_CLE_JAX,401872922,JAX,CLE,DaVon Hamilton,00-0036262,HamiDa02,3915520,DT,F7,DL,DT,0.415,0,0,,,,,,,none,,,0,0.9,0,,,,,1,,1,19,0.37,0,,,nflverse snap_counts (not on desk injury list) | game day: nflverse snap_counts + weekly_rosters
2026,1,2026_01_CLE_JAX,401872922,JAX,CLE,Dennis Gardeck,00-0034473,GardDe01,4334300,LB,F7,LB,OLB,0.335,0,0,,,,,,,none,,,0,0.7,0,,,,,1,,1,26,0.51,0,,,nflverse snap_counts (not on desk injury list) | game day: nflverse snap_counts + weekly_rosters
2026,1,2026_01_CLE_JAX,401872922,JAX,CLE,Jared Bartlett,00-0040395,BartJa01,,LB,F7,LB,ILB,0,0,0,,,,,,,IR,,unknown,1,0.7,0,IR,1,1,0.2,0,,0,0,0,0,,,reconstructed from nflverse final report + reserve list (no lock file) | game day: nflverse snap_counts + weekly_rosters
2026,1,2026_01_CLE_JAX,401872922,JAX,CLE,Josh Hines-Allen,00-0035642,AlleJo03,3915239,DE,F7,EDGE,DE,0.81,1,1,,,,,,,none,,,0,0.7,0,,,,,1,,1,38,0.75,0,,,nflverse snap_counts (not on desk injury list) | game day: nflverse snap_counts + weekly_rosters
2026,1,2026_01_CLE_JAX,401872922,JAX,CLE,Matt Dickerson,00-0034657,DickMa00,3134316,DL,F7,DL,DT,0.475,0,0.25,,,,,,,none,,,0,0.9,0,,,,,1,,1,18,0.35,0,,,nflverse snap_counts (not on desk injury list) | game day: nflverse snap_counts + weekly_rosters
2026,1,2026_01_CLE_JAX,401872922,JAX,CLE,Parker Hughes,00-0041127,HughPa00,4880861,LB,F7,LB,ILB,0,0,0,,,,,,,IR,,unknown,1,0.7,0,IR,1,1,0.2,0,,0,0,0,0,,,reconstructed from nflverse final report + reserve list (no lock file) | game day: nflverse snap_counts + weekly_rosters
2026,1,2026_01_CLE_JAX,401872922,JAX,CLE,Travon Walker,00-0037235,WalkTr03,4426349,DE,F7,EDGE,DE,0.797,1,1,,,,,,,none,,,0,0.7,0,,,,,1,,1,34,0.67,0,,,nflverse snap_counts (not on desk injury list) | game day: nflverse snap_counts + weekly_rosters
2026,1,2026_01_CLE_JAX,401872922,JAX,CLE,Zach Durfee,00-0041122,DurfZa00,5121433,EDGE1,F7,EDGE,DE,0,0,0,,,,,,,IR,,unknown,1,0.7,0,IR,1,1,0.2,0,,0,0,0,0,,,reconstructed from nflverse final report + reserve list (no lock file) | game day: nflverse snap_counts + weekly_rosters
2026,1,2026_01_CLE_JAX,401872922,JAX,CLE,Anton Harrison,00-0038934,HarrAn00,,OL,OL,G/C,T,1,1,1,,,,,,,none,,DNP,0,0.8,0,,,,,1,,1,57,1,0,,,nflverse snap_counts (not on desk injury list) | game day: nflverse snap_counts + weekly_rosters
2026,1,2026_01_CLE_JAX,401872922,JAX,CLE,Cole Van Lanen,00-0036655,VanxCo00,,OL,OL,G/C,T,0.73,1,0.75,,,,,,,none,,LP,0,0.8,0,,,,,1,,1,36,0.63,0,,,nflverse snap_counts (not on desk injury list) | game day: nflverse snap_counts + weekly_rosters
2026,1,2026_01_CLE_JAX,401872922,JAX,CLE,Ezra Cleveland,00-0036327,ClevEz00,,OL,OL,G/C,G,0.95,1,1,,,,,,,none,,,0,0.8,0,,,,,1,,1,50,0.88,0,,,nflverse snap_counts (not on desk injury list) | game day: nflverse snap_counts + weekly_rosters
2026,1,2026_01_CLE_JAX,401872922,JAX,CLE,Garrett DiGiorgio,00-0041208,DiGiGa00,,OG,OL,G/C,G,0,0,0,,,,,,,IR,,unknown,1,0.8,0,IR,1,1,0.2,0,,0,0,0,0,,,reconstructed from nflverse final report + reserve list (no lock file) | game day: nflverse snap_counts + weekly_rosters
2026,1,2026_01_CLE_JAX,401872922,JAX,CLE,Jonah Monheim,00-0040227,MonhJo00,,OL,OL,G/C,C,0.31,0,0,,,,,,,none,,,0,0.8,0,,,,,1,,1,7,0.12,0,,,nflverse snap_counts (not on desk injury list) | game day: nflverse snap_counts + weekly_rosters
2026,1,2026_01_CLE_JAX,401872922,JAX,CLE,Patrick Mekari,00-0035112,MekaPa00,,OG,OL,G/C,G,0.265,0,0,,,,,,,IR,,unknown,1,0.8,0,IR,1,1,0.2,0,,0,0,0,0,,,reconstructed from nflverse final report + reserve list (no lock file) | game day: nflverse snap_counts + weekly_rosters
2026,1,2026_01_CLE_JAX,401872922,JAX,CLE,Robert Hainsey,00-0036985,HainRo00,,OL,OL,G/C,C,0.69,1,0.75,,,,,,,none,,,0,0.8,0,,,,,1,,1,50,0.88,0,,,nflverse snap_counts (not on desk injury list) | game day: nflverse snap_counts + weekly_rosters
2026,1,2026_01_CLE_JAX,401872922,JAX,CLE,Sam Mustipher,00-0035062,MustSa01,,C,OL,G/C,C,0,0,0,,,,,,,IR,,unknown,1,0.8,0,IR,1,1,0.2,0,,0,0,0,0,,,reconstructed from nflverse final report + reserve list (no lock file) | game day: nflverse snap_counts + weekly_rosters
2026,1,2026_01_CLE_JAX,401872922,JAX,CLE,Walker Little,00-0036975,LittWa00,,OL,OL,G/C,T,0.932,1,1,,,,,,,none,,,0,0.8,0,,,,,1,,1,21,0.37,1,,,nflverse snap_counts (not on desk injury list) | game day: nflverse snap_counts + weekly_rosters
2026,1,2026_01_DEN_KC,401872931,KC,DEN,Ashton Gillotte,00-0040640,GillAs00,4684432,DE,F7,EDGE,DE,0.62,1,0.75,,,,,,,none,,FP,0,0.7,0,,,,,1,,1,14,0.27,1,,,nflverse snap_counts (not on desk injury list) | game day: nflverse snap_counts + weekly_rosters
2026,1,2026_01_DEN_KC,401872931,KC,DEN,Chris Jones,00-0032762,JoneCh09,3044859,DT,F7,DL,DT,0.517,0,0.25,,,,,,,none,,DNP,0,0.9,0,,,,,1,,1,26,0.51,0,,,nflverse snap_counts (not on desk injury list) | game day: nflverse snap_counts + weekly_rosters
2026,1,2026_01_DEN_KC,401872931,KC,DEN,Drue Tranquill,00-0035262,TranDr00,3129310,LB,F7,LB,OLB,0.818,1,1,,,,,,,none,,,0,0.7,0,,,,,1,,1,50,0.98,0,,,nflverse snap_counts (not on desk injury list) | game day: nflverse snap_counts + weekly_rosters
2026,1,2026_01_DEN_KC,401872931,KC,DEN,George Karlaftis III,00-0037192,KarlGe00,4426659,DE,F7,EDGE,DE,0.535,0,0.25,,,,,,,none,,,0,0.7,0,,,,,1,,1,44,0.86,0,,,nflverse snap_counts (not on desk injury list) | game day: nflverse snap_counts + weekly_rosters
2026,1,2026_01_DEN_KC,401872931,KC,DEN,Nick Bolton,00-0036621,BoltNi00,4362759,LB,F7,LB,MLB,0.975,1,1,,,,,,,none,,,0,0.7,0,,,,,1,,1,51,1,0,,,nflverse snap_counts (not on desk injury list) | game day: nflverse snap_counts + weekly_rosters
2026,1,2026_01_DEN_KC,401872931,KC,DEN,R Mason Thomas,00-0041501,MasoR01,5081927,EDGE1,F7,EDGE,DE,0,0,0,,,,,,,Questionable,,FP,0.12,0.7,0,QUESTIONABLE,1,0.35,0.52,1,,1,27,0.53,0,,,data/postmortem/locks/2026-w01-den-kc.json | game day: nflverse snap_counts + weekly_rosters
2026,1,2026_01_DEN_KC,401872931,KC,DEN,Creed Humphrey,00-0036623,HumpCr00,,C,OL,G/C,C,1,1,1,,,,,,,none,,,0,0.8,0,,,,,1,,1,69,1,0,,,nflverse snap_counts (not on desk injury list) | game day: nflverse snap_counts + weekly_rosters
2026,1,2026_01_DEN_KC,401872931,KC,DEN,Josh Simmons,00-0040116,SimmJo01,,LT,OL,T,T,0,0,0,,,,,,Back,Out,,DNP,0.45,1,0,QUESTIONABLE,1,0.35,0.79,0,,0,0,0,0,,,data/postmortem/locks/2026-w01-den-kc.json | game day: nflverse snap_counts + weekly_rosters
2026,1,2026_01_DEN_KC,401872931,KC,DEN,Kingsley Suamataia,00-0039844,SuamKi00,,T,OL,T,G,1,1,1,,,,,,,none,,,0,1,0,,,,,1,,1,69,1,0,,,nflverse snap_counts (not on desk injury list) | game day: nflverse snap_counts + weekly_rosters
2026,1,2026_01_DEN_KC,401872931,KC,DEN,Trey Smith,00-0036660,SmitTr05,,G,OL,G/C,G,0.5,0,0.25,,,,,,,none,,FP,0,0.8,0,,,,,1,,1,69,1,0,,,nflverse snap_counts (not on desk injury list) | game day: nflverse snap_counts + weekly_rosters
2026,1,2026_01_ARI_LAC,401872926,LAC,ARI,Daiyan Henley,00-0038553,HenlDa00,4241597,LB,F7,LB,ILB,0.738,1,0.75,,,,,,,none,,,0,0.7,0,,,,,1,,1,67,0.89,0,,,nflverse snap_counts (not on desk injury list) | game day: nflverse snap_counts + weekly_rosters
2026,1,2026_01_ARI_LAC,401872926,LAC,ARI,Denzel Perryman,00-0032103,PerrDe00,2579621,LB,F7,LB,ILB,0.292,0,0,,,,,,,IR,,unknown,1,0.7,0,IR,1,1,0.2,0,,0,0,0,0,,,reconstructed from nflverse final report + reserve list (no lock file) | game day: nflverse snap_counts + weekly_rosters
2026,1,2026_01_ARI_LAC,401872926,LAC,ARI,Jamaree Caldwell,00-0040144,CaldJa00,5089178,DT,F7,DL,DT,0.478,0,0.25,,,,,,,none,,,0,0.9,0,,,,,1,,1,40,0.53,0,,,nflverse snap_counts (not on desk injury list) | game day: nflverse snap_counts + weekly_rosters
2026,1,2026_01_ARI_LAC,401872926,LAC,ARI,Justin Eboigbe,00-0039835,EboiJu00,4567138,DL,F7,DL,DE,0.35,0,0,,,,,,,none,,,0,0.9,0,,,,,1,,1,45,0.6,0,,,nflverse snap_counts (not on desk injury list) | game day: nflverse snap_counts + weekly_rosters
2026,1,2026_01_ARI_LAC,401872926,LAC,ARI,Khalil Mack,00-0031040,MackKh00,16710,LB,F7,LB,OLB,0.56,0,0.25,,,,,,,none,,FP,0,0.7,0,,,,,1,,1,51,0.68,0,,,nflverse snap_counts (not on desk injury list) | game day: nflverse snap_counts + weekly_rosters
2026,1,2026_01_ARI_LAC,401872926,LAC,ARI,Kyle Kennard,00-0040161,KennKy00,4432333,EDGE1,F7,LB,OLB,0.235,0,0,,,,,,,IR,,unknown,1,0.7,0,IR,1,1,0.2,0,,0,0,0,0,,,reconstructed from nflverse final report + reserve list (no lock file) | game day: nflverse snap_counts + weekly_rosters
2026,1,2026_01_ARI_LAC,401872926,LAC,ARI,Teair Tart,00-0036181,TartTe00,4374269,DL,F7,DL,DT,0.507,0,0.25,,,,,,,none,,,0,0.9,0,,,,,1,,1,31,0.41,0,,,nflverse snap_counts (not on desk injury list) | game day: nflverse snap_counts + weekly_rosters
2026,1,2026_01_ARI_LAC,401872926,LAC,ARI,Troy Dye,00-0036338,DyexTr00,4038946,LB,F7,LB,ILB,0.39,0,0,,,,,,,none,,,0,0.7,0,,,,,1,,1,15,0.2,0,,,nflverse snap_counts (not on desk injury list) | game day: nflverse snap_counts + weekly_rosters
2026,1,2026_01_ARI_LAC,401872926,LAC,ARI,Tuli Tuipulotu,00-0039111,TuipTu00,4431442,EDGE1,F7,LB,OLB,0.615,1,0.75,,,,,,Hip,Questionable,,LP,0.24,0.7,0.126,QUESTIONABLE,1,0.35,0.09,1,,1,54,0.72,0,,,reconstructed from nflverse final report + reserve list (no lock file) | game day: nflverse snap_counts + weekly_rosters
2026,1,2026_01_ARI_LAC,401872926,LAC,ARI,Branson Taylor,00-0040212,TaylBr04,,OG,OL,G/C,G,0.25,0,0,,,,,,,IR,,unknown,1,0.8,0,IR,1,1,0.2,0,,0,0,0,0,,,reconstructed from nflverse final report + reserve list (no lock file) | game day: nflverse snap_counts + weekly_rosters
2026,1,2026_01_ARI_LAC,401872926,LAC,ARI,Isaiah World,00-0041387,WorlIs00,,RT,OL,T,T,0,0,0,,,,,,,Nfi,,unknown,1,1,0,NFI,1,1,0.2,0,,0,0,0,0,,,reconstructed from nflverse final report + reserve list (no lock file) | game day: nflverse snap_counts + weekly_rosters
2026,1,2026_01_ARI_LAC,401872926,LAC,ARI,Trevor Penning,00-0037241,PennTr00,,T,OL,T,G,0.395,0,0,,,,,,,none,,,0,1,0,,,,,0,,0,0,0,0,,,nflverse snap_counts (not on desk injury list) | game day: nflverse snap_counts + weekly_rosters
2026,1,2026_01_ARI_LAC,401872926,LAC,ARI,Trey Pipkins,00-0035688,PipkTr00,,G,OL,G/C,T,0.5,0,0.25,,,,,,,none,,,0,0.8,0,,,,,1,,1,20,0.36,0,,,nflverse snap_counts (not on desk injury list) | game day: nflverse snap_counts + weekly_rosters
2026,1,2026_01_ARI_LAC,401872926,LAC,ARI,Tyler Biadasz,00-0036376,BiadTy00,,C,OL,G/C,C,0,0,0,,,,,,,IR,,unknown,1,0.8,0,IR,1,1,0.2,0,,0,0,0,0,,,reconstructed from nflverse final report + reserve list (no lock file) | game day: nflverse snap_counts + weekly_rosters
2026,1,2026_01_SF_LA,401872657,LAR,SF,Aaron Donald,00-0031388,DonaAa00,16716,EDGE1,F7,EDGE,DT,0,0,0,,,,,,Not injury related - resting player,Out,,DNP,1,0.7,0,OUT,1,1,0.2,,,0,0,0,0,,,reconstructed from nflverse final report + reserve list (no lock file) | game day: nflverse snap_counts + weekly_rosters
2026,1,2026_01_SF_LA,401872657,LAR,SF,Braden Fiske,00-0039734,FiskBr00,4362245,DE,F7,EDGE,DT,0.568,0,0.25,,,,,,,none,,,0,0.7,0,,,,,1,,1,29,0.45,0,,,nflverse snap_counts (not on desk injury list) | game day: nflverse snap_counts + weekly_rosters
2026,1,2026_01_SF_LA,401872657,LAR,SF,Byron Young,00-0039137,YounBy01,4875196,LB,F7,LB,OLB,0.6,1,0.75,,,,,,,none,,FP,0,0.7,0,,,,,1,,1,47,0.72,0,,,nflverse snap_counts (not on desk injury list) | game day: nflverse snap_counts + weekly_rosters
2026,1,2026_01_SF_LA,401872657,LAR,SF,Daniel Rickert,00-0041587,RickDa00,,EDGE1,F7,EDGE,OLB,0,0,0,,,,,,,IR,,unknown,1,0.7,0,IR,1,1,0.2,0,,0,0,0,0,,,reconstructed from nflverse final report + reserve list (no lock file) | game day: nflverse snap_counts + weekly_rosters
2026,1,2026_01_SF_LA,401872657,LAR,SF,Eddie Walls III,00-0041429,WallEd00,,EDGE1,F7,EDGE,OLB,0,0,0,,,,,,,IR,,unknown,1,0.7,0,IR,1,1,0.2,0,,0,0,0,0,,,reconstructed from nflverse final report + reserve list (no lock file) | game day: nflverse snap_counts + weekly_rosters
2026,1,2026_01_SF_LA,401872657,LAR,SF,Josaiah Stewart,00-0040580,StewJo03,4682983,LB,F7,LB,OLB,0.435,0,0,,,,,,,none,,,0,0.7,0,,,,,1,,1,28,0.43,0,,,nflverse snap_counts (not on desk injury list) | game day: nflverse snap_counts + weekly_rosters
2026,1,2026_01_SF_LA,401872657,LAR,SF,Keir Thomas,00-0037057,ThomKe04,4038843,EDGE1,F7,EDGE,OLB,0,0,0,,,,,,,IR,,unknown,1,0.7,0,IR,1,1,0.2,0,,0,0,0,0,,,reconstructed from nflverse final report + reserve list (no lock file) | game day: nflverse snap_counts + weekly_rosters
2026,1,2026_01_SF_LA,401872657,LAR,SF,Kobie Turner,00-0039138,TurnKo00,4250621,DE,F7,EDGE,DT,0.65,1,0.75,,,,,,,none,,,0,0.7,0,,,,,1,,1,43,0.66,0,,,nflverse snap_counts (not on desk injury list) | game day: nflverse snap_counts + weekly_rosters
2026,1,2026_01_SF_LA,401872657,LAR,SF,Omar Speights,00-0039774,SpeiOm00,4428550,LB,F7,LB,ILB,0.672,1,0.75,,,,,,,none,,,0,0.7,0,,,,,1,,1,30,0.46,1,,,nflverse snap_counts (not on desk injury list) | game day: nflverse snap_counts + weekly_rosters
2026,1,2026_01_SF_LA,401872657,LAR,SF,Poona Ford,00-0034234,FordPo00,3125114,NT,F7,DL,NT,0.51,0,0.25,,,,,,,none,,,0,0.9,0,,,,,1,,1,33,0.51,0,,,nflverse snap_counts (not on desk injury list) | game day: nflverse snap_counts + weekly_rosters
2026,1,2026_01_SF_LA,401872657,LAR,SF,Tyler Davis,00-0039749,DaviTy05,4568217,DE,F7,EDGE,DT,0.383,0,0,,,,,,,none,,,0,0.7,0,,,,,1,,1,32,0.49,0,,,nflverse snap_counts (not on desk injury list) | game day: nflverse snap_counts + weekly_rosters
2026,1,2026_01_SF_LA,401872657,LAR,SF,Alaric Jackson,00-0036603,JackAl01,,OL,OL,G/C,T,0.99,1,1,,,,,,,none,,FP,0,0.8,0,,,,,1,,1,61,1,0,,,nflverse snap_counts (not on desk injury list) | game day: nflverse snap_counts + weekly_rosters
2026,1,2026_01_SF_LA,401872657,LAR,SF,Coleman Shelton,00-0034114,ShelCo00,,OL,OL,G/C,C,0.99,1,1,,,,,,,none,,,0,0.8,0,,,,,1,,1,61,1,0,,,nflverse snap_counts (not on desk injury list) | game day: nflverse snap_counts + weekly_rosters
2026,1,2026_01_SF_LA,401872657,LAR,SF,Justin Dedich,00-0039784,DediJu00,,OG,OL,G/C,G,0.5,0,0.25,,,,,,,IR,,unknown,1,0.8,0.2,IR,1,1,0.2,0,,0,0,0,0,,,reconstructed from nflverse final report + reserve list (no lock file) | game day: nflverse snap_counts + weekly_rosters
2026,1,2026_01_SF_LA,401872657,LAR,SF,Keagen Trost,00-0041394,TrosKe00,,RT,OL,T,T,0,0,0,,,,,,,IR,,unknown,1,1,0,IR,1,1,0.2,0,,0,0,0,0,,,reconstructed from nflverse final report + reserve list (no lock file) | game day: nflverse snap_counts + weekly_rosters
2026,1,2026_01_SF_LA,401872657,LAR,SF,Kevin Dotson,00-0036339,DotsKe00,,OL,OL,G/C,G,0.5,0,0.25,,,,,,,none,,,0,0.8,0,,,,,1,,1,59,0.97,0,,,nflverse snap_counts (not on desk injury list) | game day: nflverse snap_counts + weekly_rosters
2026,1,2026_01_SF_LA,401872657,LAR,SF,Steve Avila,00-0039058,AvilSt00,,OL,OL,G/C,G,1,1,1,,,,,,,none,,,0,0.8,0,,,,,1,,1,61,1,0,,,nflverse snap_counts (not on desk injury list) | game day: nflverse snap_counts + weekly_rosters
2026,1,2026_01_SF_LA,401872657,LAR,SF,Warren McClendon,00-0039077,McClWa00,,OL,OL,G/C,T,0.99,1,1,,,,,,,none,,,0,0.8,0,,,,,1,,1,61,1,0,,,nflverse snap_counts (not on desk injury list) | game day: nflverse snap_counts + weekly_rosters
2026,1,2026_01_MIA_LV,401872928,LV,MIA,Adam Butler,00-0033381,ButlAd00,2972342,DT,F7,DL,DT,0.4,0,0,,,,,,,none,,,0,0.9,0,,,,,1,,1,21,0.38,0,,,nflverse snap_counts (not on desk injury list) | game day: nflverse snap_counts + weekly_rosters
2026,1,2026_01_MIA_LV,401872928,LV,MIA,Brennan Jackson,00-0039836,JackBr02,4373471,EDGE1,F7,LB,OLB,0,0,0,,,,,,,IR,,unknown,1,0.7,0,IR,1,1,0.2,0,,0,0,0,0,,,reconstructed from nflverse final report + reserve list (no lock file) | game day: nflverse snap_counts + weekly_rosters
2026,1,2026_01_MIA_LV,401872928,LV,MIA,Jonah Laulu,00-0039423,LaulJo00,4373956,DT,F7,DL,DT,0.708,1,0.75,,,,,,,none,,,0,0.9,0,,,,,1,,1,19,0.34,1,,,nflverse snap_counts (not on desk injury list) | game day: nflverse snap_counts + weekly_rosters
2026,1,2026_01_MIA_LV,401872928,LV,MIA,Keyron Crawford,00-0041553,CrawKe01,4911904,EDGE1,F7,EDGE,OLB,0,0,0,,,,,,,IR,,unknown,1,0.7,0,IR,1,1,0.2,0,,0,0,0,0,,,reconstructed from nflverse final report + reserve list (no lock file) | game day: nflverse snap_counts + weekly_rosters
2026,1,2026_01_MIA_LV,401872928,LV,MIA,Malcolm Koonce,00-0036989,KoonMa00,4239719,DE,F7,EDGE,DE,0.52,0,0.25,,,,,,,none,,,0,0.7,0,,,,,1,,1,29,0.52,0,,,nflverse snap_counts (not on desk injury list) | game day: nflverse snap_counts + weekly_rosters
2026,1,2026_01_MIA_LV,401872928,LV,MIA,Maxx Crosby,00-0034973,CrosMa00,3916655,DE,F7,EDGE,DE,0.5,0,0.25,,,,,,,none,,,0,0.7,0,,,,,1,,1,46,0.82,0,,,nflverse snap_counts (not on desk injury list) | game day: nflverse snap_counts + weekly_rosters
2026,1,2026_01_MIA_LV,401872928,LV,MIA,Thomas Booker,00-0037262,BookTh00,4360749,DT,F7,DL,DT,0.625,1,0.75,,,,,,,none,,,0,0.9,0,,,,,1,,1,19,0.34,1,,,nflverse snap_counts (not on desk injury list) | game day: nflverse snap_counts + weekly_rosters
2026,1,2026_01_MIA_LV,401872928,LV,MIA,Tonka Hemingway,00-0040169,HemiTo00,4429109,DT,F7,DL,DT,0.342,0,0,,,,,,,none,,,0,0.9,0,,,,,1,,1,32,0.57,0,,,nflverse snap_counts (not on desk injury list) | game day: nflverse snap_counts + weekly_rosters
2026,1,2026_01_MIA_LV,401872928,LV,MIA,Caleb Rogers,00-0040150,RogeCa01,,G,OL,G/C,G,1,1,1,,,,,,,none,,,0,0.8,0,,,,,1,,0,0,0,0,,,nflverse snap_counts (not on desk injury list) | game day: nflverse snap_counts + weekly_rosters
2026,1,2026_01_MIA_LV,401872928,LV,MIA,Justin Pickett,00-0041003,PickJu00,,OG,OL,G/C,G,0,0,0,,,,,,,IR,,unknown,1,0.8,0,IR,1,1,0.2,0,,0,0,0,0,,,reconstructed from nflverse final report + reserve list (no lock file) | game day: nflverse snap_counts + weekly_rosters
2026,1,2026_01_MIA_LV,401872928,MIA,LV,Chop Robinson,00-0039911,RobiCh00,4431586,LB,F7,LB,OLB,0.395,0,0,,,,,,,none,,,0,0.7,0,,,,,1,,1,42,0.62,0,,,nflverse snap_counts (not on desk injury list) | game day: nflverse snap_counts + weekly_rosters
2026,1,2026_01_MIA_LV,401872928,MIA,LV,Jordan Phillips,00-0040175,PhilJo02,4837188,DT,F7,DL,DT,0.475,0,0.25,,,,,,,none,,,0,0.9,0,,,,,1,,1,41,0.6,0,,,nflverse snap_counts (not on desk injury list) | game day: nflverse snap_counts + weekly_rosters
2026,1,2026_01_MIA_LV,401872928,MIA,LV,Jordyn Brooks,00-0036409,BrooJo01,4043130,LB,F7,LB,OLB,0.802,1,1,,,,,,,none,,,0,0.7,0,,,,,1,,1,67,0.99,0,,,nflverse snap_counts (not on desk injury list) | game day: nflverse snap_counts + weekly_rosters
2026,1,2026_01_MIA_LV,401872928,MIA,LV,Kenneth Grant,00-0040127,GranKe01,4894654,IDL,F7,DL,DT,0.545,0,0.25,,,,,,,IR,,unknown,1,0.9,0.225,IR,1,1,0.2,0,,0,0,0,0,,,reconstructed from nflverse final report + reserve list (no lock file) | game day: nflverse snap_counts + weekly_rosters
2026,1,2026_01_MIA_LV,401872928,MIA,LV,Rene Konga,00-0041136,KongRe00,,EDGE1,F7,EDGE,DE,0,0,0,,,,,,,IR,,unknown,1,0.7,0,IR,1,1,0.2,0,,0,0,0,0,,,reconstructed from nflverse final report + reserve list (no lock file) | game day: nflverse snap_counts + weekly_rosters
2026,1,2026_01_MIA_LV,401872928,MIA,LV,Trey Moore,00-0041526,MoorTr02,4879212,EDGE1,F7,EDGE,OLB,0,0,0,,,,,,,IR,,unknown,1,0.7,0,IR,1,1,0.2,0,,0,0,0,0,,,reconstructed from nflverse final report + reserve list (no lock file) | game day: nflverse snap_counts + weekly_rosters
2026,1,2026_01_MIA_LV,401872928,MIA,LV,Zach Sieler,00-0034285,SielZa00,3057956,DT,F7,DL,DT,0.668,1,0.75,,,,,,,none,,,0,0.9,0,,,,,1,,1,48,0.71,0,,,nflverse snap_counts (not on desk injury list) | game day: nflverse snap_counts + weekly_rosters
2026,1,2026_01_MIA_LV,401872928,MIA,LV,Zeek Biggers,00-0040248,BiggZe01,4683276,DT,F7,DL,DT,0.425,0,0,,,,,,,none,,,0,0.9,0,,,,,1,,1,42,0.62,0,,,nflverse snap_counts (not on desk injury list) | game day: nflverse snap_counts + weekly_rosters
2026,1,2026_01_MIA_LV,401872928,MIA,LV,Aaron Brewer,00-0036171,BrewAa01,,OL,OL,G/C,C,0.75,1,1,,,,,,,none,,,0,0.8,0,,,,,1,,1,56,1,0,,,nflverse snap_counts (not on desk injury list) | game day: nflverse snap_counts + weekly_rosters
2026,1,2026_01_MIA_LV,401872928,MIA,LV,Austin Jackson,00-0036248,JackAu00,,OL,OL,G/C,T,0.75,1,1,,,,,,,none,,,0,0.8,0,,,,,1,,1,56,1,0,,,nflverse snap_counts (not on desk injury list) | game day: nflverse snap_counts + weekly_rosters
2026,1,2026_01_MIA_LV,401872928,MIA,LV,Carter Warren,00-0039004,WarrCa00,,RT,OL,T,T,0,0,0,,,,,,,IR,,unknown,1,1,0,IR,1,1,0.2,0,,0,0,0,0,,,reconstructed from nflverse final report + reserve list (no lock file) | game day: nflverse snap_counts + weekly_rosters
2026,1,2026_01_MIA_LV,401872928,MIA,LV,Jonah Savaiinaea,00-0040742,SavaJo00,,OL,OL,G/C,G,1,1,1,,,,,,,none,,,0,0.8,0,,,,,1,,1,56,1,0,,,nflverse snap_counts (not on desk injury list) | game day: nflverse snap_counts + weekly_rosters
2026,1,2026_01_MIA_LV,401872928,MIA,LV,Patrick Paul,00-0039899,PaulPa01,,T,OL,T,T,1,1,1,,,,,,,none,,,0,1,0,,,,,1,,1,56,1,0,,,nflverse snap_counts (not on desk injury list) | game day: nflverse snap_counts + weekly_rosters
2026,1,2026_01_GB_MIN,401872927,MIN,GB,Andrew Van Ginkel,00-0035272,VanGAn00,3133487,LB,F7,LB,OLB,0.88,1,1,,,,,,,none,,,0,0.7,0,,,,,1,,1,55,0.81,0,,,nflverse snap_counts (not on desk injury list) | game day: nflverse snap_counts + weekly_rosters
2026,1,2026_01_GB_MIN,401872927,MIN,GB,Blake Cashman,00-0035276,CashBl00,3728281,LB,F7,LB,ILB,0.97,1,1,,,,,,,none,,,0,0.7,0,,,,,1,,1,65,0.96,0,,,nflverse snap_counts (not on desk injury list) | game day: nflverse snap_counts + weekly_rosters
2026,1,2026_01_GB_MIN,401872927,MIN,GB,Dallas Turner,00-0039924,TurnDa01,4565190,LB,F7,LB,OLB,0.66,1,0.75,,,,,,,none,,,0,0.7,0,,,,,1,,1,56,0.82,0,,,nflverse snap_counts (not on desk injury list) | game day: nflverse snap_counts + weekly_rosters
2026,1,2026_01_GB_MIN,401872927,MIN,GB,Eric Wilson,00-0033336,WilsEr00,3056916,LB,F7,LB,ILB,0.962,1,1,,,,,,,none,,,0,0.7,0,,,,,1,,1,67,0.99,0,,,nflverse snap_counts (not on desk injury list) | game day: nflverse snap_counts + weekly_rosters
2026,1,2026_01_GB_MIN,401872927,MIN,GB,Jacob Roberts,00-0040786,,,LB,F7,LB,ILB,,0,0,,,,,,,IR,,unknown,1,0.7,0,IR,1,1,0.2,0,,0,0,0,0,,,reconstructed from nflverse final report + reserve list (no lock file) | game day: nflverse snap_counts + weekly_rosters
2026,1,2026_01_GB_MIN,401872927,MIN,GB,Jalen Redmond,00-0038778,RedmJa01,4360277,DL,F7,DL,DE,0.76,1,1,,,,,,,none,,,0,0.9,0,,,,,1,,1,51,0.75,0,,,nflverse snap_counts (not on desk injury list) | game day: nflverse snap_counts + weekly_rosters
2026,1,2026_01_GB_MIN,401872927,MIN,GB,Jamal Adams,00-0033872,AdamJa00,3115373,EDGE1,F7,LB,OLB,0,0,0,,,,,,,IR,,unknown,1,0.7,0,IR,1,1,0.2,0,,0,0,0,0,,,reconstructed from nflverse final report + reserve list (no lock file) | game day: nflverse snap_counts + weekly_rosters
2026,1,2026_01_GB_MIN,401872927,MIN,GB,Levi Drake Rodriguez,00-0039421,RodrLe00,5093973,DL,F7,DL,NT,0.487,0,0.25,,,,,,,none,,,0,0.9,0,,,,,1,,1,34,0.5,0,,,nflverse snap_counts (not on desk injury list) | game day: nflverse snap_counts + weekly_rosters
2026,1,2026_01_GB_MIN,401872927,MIN,GB,Taki Taimani,00-0039720,TaimTa00,4361114,IDL,F7,DL,NT,0.092,0,0,,,,,,,IR,,unknown,1,0.9,0,IR,1,1,0.2,0,,0,0,0,0,,,reconstructed from nflverse final report + reserve list (no lock file) | game day: nflverse snap_counts + weekly_rosters
2026,1,2026_01_GB_MIN,401872927,MIN,GB,Tyler Batty,00-0040492,BattTy00,4608794,EDGE1,F7,LB,OLB,0.035,0,0,,,,,,,IR,,unknown,1,0.7,0,IR,1,1,0.2,0,,0,0,0,0,,,reconstructed from nflverse final report + reserve list (no lock file) | game day: nflverse snap_counts + weekly_rosters
2026,1,2026_01_GB_MIN,401872927,MIN,GB,Blake Brandel,00-0036347,BranBl00,,G,OL,G/C,C,0.333,0,0,,,,,,,none,,,0,0.8,0,,,,,1,,1,65,1,0,,,nflverse snap_counts (not on desk injury list) | game day: nflverse snap_counts + weekly_rosters
2026,1,2026_01_GB_MIN,401872927,MIN,GB,Brian O'Neill,00-0034158,ONeiBr00,,T,OL,T,T,0.672,1,0.75,,,,,,,none,,,0,1,0,,,,,1,,1,65,1,0,,,nflverse snap_counts (not on desk injury list) | game day: nflverse snap_counts + weekly_rosters
2026,1,2026_01_GB_MIN,401872927,MIN,GB,Donovan Jackson,00-0040661,JackDo03,,OL,OL,G/C,G,1,1,1,,,,,,,none,,,0,0.8,0,,,,,1,,1,65,1,0,,,nflverse snap_counts (not on desk injury list) | game day: nflverse snap_counts + weekly_rosters
2026,1,2026_01_GB_MIN,401872927,MIN,GB,Michael Jurgens,00-0039419,JurgMi02,,C,OL,G/C,C,0.665,1,0.75,,,,,,,IR,,unknown,1,0.8,0.6,IR,1,1,0.25,0,,0,0,0,0,,,reconstructed from nflverse final report + reserve list (no lock file) | game day: nflverse snap_counts + weekly_rosters
2026,1,2026_01_GB_MIN,401872927,MIN,GB,Will Fries,00-0036483,FrieWi00,,G,OL,G/C,G,1,1,1,,,,,,,none,,,0,0.8,0,,,,,1,,1,65,1,0,,,nflverse snap_counts (not on desk injury list) | game day: nflverse snap_counts + weekly_rosters
2026,1,2026_01_NE_SEA,401872656,NE,SEA,Christian Barmore,00-0036981,BarmCh00,4372030,DT,F7,DL,DT,0.665,1,0.75,,,,,,,none,,FP,0,0.9,0,,,,,1,,1,30,0.6,0,,,nflverse snap_counts (not on desk injury list) | game day: nflverse snap_counts + weekly_rosters
2026,1,2026_01_NE_SEA,401872656,NE,SEA,Christian Elliss,00-0036813,ElliCh00,4245273,LB,F7,LB,ILB,0.578,0,0.25,,,,,,,none,,,0,0.7,0,,,,,1,,1,49,0.98,0,,,nflverse snap_counts (not on desk injury list) | game day: nflverse snap_counts + weekly_rosters
2026,1,2026_01_NE_SEA,401872656,NE,SEA,Cory Durden,00-0038653,DurdCo00,4240042,DL,F7,DL,DT,0.485,0,0.25,,,,,,,none,,,0,0.9,0,,,,,1,,1,28,0.56,0,,,nflverse snap_counts (not on desk injury list) | game day: nflverse snap_counts + weekly_rosters
2026,1,2026_01_NE_SEA,401872656,NE,SEA,Elijah Ponder,00-0040574,PondEl02,4688432,LB,F7,LB,OLB,0.378,0,0,,,,,,,none,,,0,0.7,0,,,,,1,,1,39,0.78,0,,,nflverse snap_counts (not on desk injury list) | game day: nflverse snap_counts + weekly_rosters
2026,1,2026_01_NE_SEA,401872656,NE,SEA,Harold Landry,00-0034828,LandHa00,3122793,EDGE1,F7,LB,OLB,0.193,0,0,,,,,,,Pup,,unknown,1,0.7,0,PUP,1,1,1.41,0,,0,0,0,0,,,data/postmortem/locks/2026-w01-ne-sea.json | game day: nflverse snap_counts + weekly_rosters
2026,1,2026_01_NE_SEA,401872656,NE,SEA,Milton Williams,00-0036916,WillMi08,4239699,DT,F7,DL,DT,0.677,1,0.75,,,,,,,none,,,0,0.9,0,,,,,1,,1,33,0.66,0,,,nflverse snap_counts (not on desk injury list) | game day: nflverse snap_counts + weekly_rosters
2026,1,2026_01_NE_SEA,401872656,NE,SEA,Robert Spillane,00-0034720,SpilRo00,3129446,LB,F7,LB,ILB,0.788,1,1,,,,,,,none,,,0,0.7,0,,,,,1,,1,50,1,0,,,nflverse snap_counts (not on desk injury list) | game day: nflverse snap_counts + weekly_rosters
2026,1,2026_01_NE_SEA,401872656,NE,SEA,Jared Wilson,00-0040147,WilsJa02,,OL,OL,G/C,C,1,1,1,,,,,,,none,,,0,0.8,0,,,,,1,,1,71,1,0,,,nflverse snap_counts (not on desk injury list) | game day: nflverse snap_counts + weekly_rosters
2026,1,2026_01_NE_SEA,401872656,NE,SEA,Morgan Moses,00-0031330,MoseMo00,,T,OL,T,T,0.992,1,1,,,,,,,none,,,0,1,0,,,,,1,,1,71,1,0,,,nflverse snap_counts (not on desk injury list) | game day: nflverse snap_counts + weekly_rosters
2026,1,2026_01_NE_SEA,401872656,NE,SEA,Will Campbell,00-0040699,CampWi01,,T,OL,T,T,1,1,1,,,,,,,none,,,0,1,0,,,,,1,,1,71,1,0,,,nflverse snap_counts (not on desk injury list) | game day: nflverse snap_counts + weekly_rosters
2026,1,2026_01_NO_DET,401872923,NO,DET,Bryan Bresee,00-0038995,BresBr00,4428988,IDL,F7,DL,DT,0.273,0,0,,,,,,,IR,,unknown,1,0.9,0,IR,1,1,0.2,0,,0,0,0,0,,,reconstructed from nflverse final report + reserve list (no lock file) | game day: nflverse snap_counts + weekly_rosters
2026,1,2026_01_NO_DET,401872923,NO,DET,Cameron Jordan,00-0027962,JordCa00,13971,LB,F7,EDGE,OLB,0.52,0,0.25,,,,,,Hamstring,Out,,LP,1,0.7,0.175,OUT,1,1,0.2,0,,0,0,0,0,,,reconstructed from nflverse final report + reserve list (no lock file) | game day: nflverse snap_counts + weekly_rosters
2026,1,2026_01_NO_DET,401872923,NO,DET,Carl Granderson,00-0035402,GranCa01,3918310,DE,F7,EDGE,OLB,0.65,1,0.75,,,,,,,none,,,0,0.7,0,,,,,1,,1,59,0.77,0,,,nflverse snap_counts (not on desk injury list) | game day: nflverse snap_counts + weekly_rosters
2026,1,2026_01_NO_DET,401872923,NO,DET,Chase Young,00-0036321,YounCh04,4241986,DE,F7,EDGE,OLB,0.748,1,0.75,,,,,,,none,,,0,0.7,0,,,,,1,,1,59,0.77,0,,,nflverse snap_counts (not on desk injury list) | game day: nflverse snap_counts + weekly_rosters
2026,1,2026_01_NO_DET,401872923,NO,DET,Danny Stutsman,00-0040155,StutDa00,4683215,LB,F7,LB,ILB,0.383,0,0,,,,,,,none,,,0,0.7,0,,,,,1,,1,26,0.34,0,,,nflverse snap_counts (not on desk injury list) | game day: nflverse snap_counts + weekly_rosters
2026,1,2026_01_NO_DET,401872923,NO,DET,Jaylan Ford,00-0039388,FordJa02,4566088,LB,F7,LB,ILB,0.028,0,0,,,,,,,IR,,unknown,1,0.7,0,IR,1,1,0.2,0,,0,0,0,0,,,reconstructed from nflverse final report + reserve list (no lock file) | game day: nflverse snap_counts + weekly_rosters
2026,1,2026_01_NO_DET,401872923,NO,DET,Michael Heldman,00-0041329,HeldMi00,4705926,EDGE1,F7,EDGE,OLB,0,0,0,,,,,,,IR,,unknown,1,0.7,0,IR,1,1,0.2,0,,0,0,0,0,,,reconstructed from nflverse final report + reserve list (no lock file) | game day: nflverse snap_counts + weekly_rosters
2026,1,2026_01_NO_DET,401872923,NO,DET,Nathan Shepherd,00-0034760,ShepNa00,4076951,DT,F7,DL,DT,0.485,0,0.25,,,,,,,none,,,0,0.9,0,,,,,1,,1,55,0.71,0,,,nflverse snap_counts (not on desk injury list) | game day: nflverse snap_counts + weekly_rosters
2026,1,2026_01_NO_DET,401872923,NO,DET,Pete Werner,00-0036927,WernPe00,4241993,LB,F7,LB,ILB,0.547,0,0.25,,,,,,,none,,,0,0.7,0,,,,,1,,1,40,0.52,0,,,nflverse snap_counts (not on desk injury list) | game day: nflverse snap_counts + weekly_rosters
2026,1,2026_01_NO_DET,401872923,NO,DET,Cesar Ruiz,00-0036408,RuizCe00,,C,OL,G/C,G,0.41,0,0,,,,,,,none,,,0,0.8,0,,,,,1,,1,90,1,0,,,nflverse snap_counts (not on desk injury list) | game day: nflverse snap_counts + weekly_rosters
2026,1,2026_01_NO_DET,401872923,NO,DET,Dillon Radunz,00-0036619,RaduDi00,,OG,OL,G/C,G,1,1,1,,,,,,,IR,,unknown,1,0.8,0.8,IR,1,1,0.25,0,,0,0,0,0,,,reconstructed from nflverse final report + reserve list (no lock file) | game day: nflverse snap_counts + weekly_rosters
2026,1,2026_01_NO_DET,401872923,NO,DET,Kelvin Banks,00-0040125,BankKe01,,T,OL,T,T,0.802,1,1,,,,,,,none,,,0,1,0,,,,,1,,1,90,1,0,,,nflverse snap_counts (not on desk injury list) | game day: nflverse snap_counts + weekly_rosters
2026,1,2026_01_NO_DET,401872923,NO,DET,Nick Saldiveri,00-0038566,SaldNi00,,OG,OL,G/C,G,0,0,0,,,,,,,Pup,,unknown,1,0.8,0,PUP,1,1,0.2,0,,0,0,0,0,,,reconstructed from nflverse final report + reserve list (no lock file) | game day: nflverse snap_counts + weekly_rosters
2026,1,2026_01_NO_DET,401872923,NO,DET,Taliese Fuaga,00-0039339,FuagTa00,,T,OL,T,T,1,1,1,,,,,,,none,,,0,1,0,,,,,1,,1,90,1,0,,,nflverse snap_counts (not on desk injury list) | game day: nflverse snap_counts + weekly_rosters
2026,1,2026_01_DAL_NYG,401872930,NYG,DAL,Abdul Carter,00-0040677,CartAb00,4725996,LB,F7,LB,OLB,0.883,1,1,,,,,,,none,,,0,0.7,0,,,,,1,,1,53,0.91,0,,,nflverse snap_counts (not on desk injury list) | game day: nflverse snap_counts + weekly_rosters
2026,1,2026_01_DAL_NYG,401872930,NYG,DAL,Brian Burns,00-0035713,BurnBr00,4035631,LB,F7,LB,OLB,0.703,1,0.75,,,,,,,none,,,0,0.7,0,,,,,1,,1,49,0.84,0,,,nflverse snap_counts (not on desk injury list) | game day: nflverse snap_counts + weekly_rosters
2026,1,2026_01_DAL_NYG,401872930,NYG,DAL,Chauncey Golston,00-0036982,GolsCh00,4036132,DL,F7,DL,DE,0.385,0,0,,,,,,,none,,,0,0.9,0,,,,,1,,1,28,0.48,0,,,nflverse snap_counts (not on desk injury list) | game day: nflverse snap_counts + weekly_rosters
2026,1,2026_01_DAL_NYG,401872930,NYG,DAL,Darius Alexander,00-0040694,AlexDa01,4426542,DL,F7,DL,DT,0.577,0,0.25,,,,,,,none,,,0,0.9,0,,,,,1,,1,18,0.31,0,,,nflverse snap_counts (not on desk injury list) | game day: nflverse snap_counts + weekly_rosters
2026,1,2026_01_DAL_NYG,401872930,NYG,DAL,Roy Robertson-Harris,00-0032667,RobeRo00,2574891,IDL,F7,DL,DT,0.625,1,0.75,,,,,,,IR,,unknown,1,0.9,0.675,IR,1,1,0.25,0,,0,0,0,0,,,reconstructed from nflverse final report + reserve list (no lock file) | game day: nflverse snap_counts + weekly_rosters
2026,1,2026_01_DAL_NYG,401872930,NYG,DAL,Andrew Thomas,00-0036386,ThomAn02,,T,OL,T,T,0.34,0,0,,,,,,,none,,FP,0,1,0,,,,,1,,1,69,1,0,,,nflverse snap_counts (not on desk injury list) | game day: nflverse snap_counts + weekly_rosters
2026,1,2026_01_DAL_NYG,401872930,NYG,DAL,Jermaine Eluemunor,00-0033290,ElueJe00,,OL,OL,G/C,T,0.985,1,1,,,,,,,none,,,0,0.8,0,,,,,1,,1,69,1,0,,,nflverse snap_counts (not on desk injury list) | game day: nflverse snap_counts + weekly_rosters
2026,1,2026_01_DAL_NYG,401872930,NYG,DAL,John Michael Schmitz,00-0039019,MichJo00,,C,OL,G/C,C,0.438,0,0,,,,,,,none,,,0,0.8,0,,,,,1,,1,69,1,0,,,nflverse snap_counts (not on desk injury list) | game day: nflverse snap_counts + weekly_rosters
2026,1,2026_01_DAL_NYG,401872930,NYG,DAL,Jon Runyan Jr.,00-0036246,RunyJo00,,G,OL,G/C,G,0.75,1,1,,,,,,,none,,,0,0.8,0,,,,,1,,1,69,1,0,,,nflverse snap_counts (not on desk injury list) | game day: nflverse snap_counts + weekly_rosters
2026,1,2026_01_DAL_NYG,401872930,NYG,DAL,Marcus Mbow,00-0040181,MbowMa00,,OL,OL,G/C,T,0.66,1,0.75,,,,,,,none,,,0,0.8,0,,,,,1,,0,0,0,0,,,nflverse snap_counts (not on desk injury list) | game day: nflverse snap_counts + weekly_rosters
2026,1,2026_01_NYJ_TEN,401872924,NYJ,TEN,Harrison Phillips,00-0034782,PhilHa00,3117255,DL,F7,DL,DT,0.638,1,0.75,,,,,,,none,,,0,0.9,0,,,,,1,,1,27,0.54,0,,,nflverse snap_counts (not on desk injury list) | game day: nflverse snap_counts + weekly_rosters
2026,1,2026_01_NYJ_TEN,401872924,NYJ,TEN,Jamien Sherwood,00-0036500,SherJa00,4361331,LB,F7,LB,ILB,1,1,1,,,,,,,none,,,0,0.7,0,,,,,1,,1,45,0.9,0,,,nflverse snap_counts (not on desk injury list) | game day: nflverse snap_counts + weekly_rosters
2026,1,2026_01_NYJ_TEN,401872924,NYJ,TEN,Joseph Ossai,00-0036902,OssaJo00,4362094,EDGE1,F7,EDGE,OLB,0,0,0,,,,,,Foot,Out,,DNP,1,0.7,0,OUT,1,1,0.2,0,,0,0,0,0,,,reconstructed from nflverse final report + reserve list (no lock file) | game day: nflverse snap_counts + weekly_rosters
2026,1,2026_01_NYJ_TEN,401872924,NYJ,TEN,Jowon Briggs,00-0039431,BrigJo00,4426676,DL,F7,DL,DT,0.695,1,0.75,,,,,,,none,,,0,0.9,0,,,,,1,,1,10,0.2,1,,,nflverse snap_counts (not on desk injury list) | game day: nflverse snap_counts + weekly_rosters
2026,1,2026_01_NYJ_TEN,401872924,NYJ,TEN,Kingsley Jonathan,00-0037431,JonaKi00,4240405,EDGE1,F7,DL,DE,0.058,0,0,,,,,,,IR,,unknown,1,0.9,0,IR,1,1,0.2,0,,0,0,0,0,,,reconstructed from nflverse final report + reserve list (no lock file) | game day: nflverse snap_counts + weekly_rosters
2026,1,2026_01_NYJ_TEN,401872924,NYJ,TEN,Mykal Walker,00-0036300,WalkMy00,4243009,LB,F7,LB,LB,0.367,0,0,,,,,,,IR,,unknown,1,0.7,0,IR,1,1,0.2,0,,0,0,0,0,,,reconstructed from nflverse final report + reserve list (no lock file) | game day: nflverse snap_counts + weekly_rosters
2026,1,2026_01_NYJ_TEN,401872924,NYJ,TEN,Tyler Baron,00-0040196,BaroTy00,4692555,EDGE1,F7,DL,OLB,0,0,0,,,,,,,Pup,,unknown,1,0.9,0,PUP,1,1,0.2,0,,0,0,0,0,,,reconstructed from nflverse final report + reserve list (no lock file) | game day: nflverse snap_counts + weekly_rosters
2026,1,2026_01_NYJ_TEN,401872924,NYJ,TEN,Will McDonald,00-0039142,McDoWi00,4361767,DE,F7,EDGE,OLB,0.395,0,0,,,,,,,none,,,0,0.7,0,,,,,1,,1,25,0.5,0,,,nflverse snap_counts (not on desk injury list) | game day: nflverse snap_counts + weekly_rosters
2026,1,2026_01_NYJ_TEN,401872924,NYJ,TEN,Anez Cooper,00-0041097,CoopAn01,,OG,OL,G/C,G,0,0,0,,,,,,,IR,,unknown,1,0.8,0,IR,1,1,0.2,0,,0,0,0,0,,,reconstructed from nflverse final report + reserve list (no lock file) | game day: nflverse snap_counts + weekly_rosters
2026,1,2026_01_NYJ_TEN,401872924,NYJ,TEN,Armand Membou,00-0040123,MembAr00,,T,OL,T,T,1,1,1,,,,,,,none,,,0,1,0,,,,,1,,1,67,1,0,,,nflverse snap_counts (not on desk injury list) | game day: nflverse snap_counts + weekly_rosters
2026,1,2026_01_NYJ_TEN,401872924,NYJ,TEN,Joe Tippmann,00-0039145,TippJo00,,C,OL,G/C,G,1,1,1,,,,,,,none,,,0,0.8,0,,,,,1,,1,67,1,0,,,nflverse snap_counts (not on desk injury list) | game day: nflverse snap_counts + weekly_rosters
2026,1,2026_01_NYJ_TEN,401872924,NYJ,TEN,Josh Myers,00-0036622,MyerJo00,,C,OL,G/C,C,1,1,1,,,,,,,none,,,0,0.8,0,,,,,1,,1,67,1,0,,,nflverse snap_counts (not on desk injury list) | game day: nflverse snap_counts + weekly_rosters
2026,1,2026_01_WAS_PHI,401872929,PHI,WSH,Byron Young,00-0038978,YounBy00,4567123,DT,F7,DL,DT,0.42,0,0,,,,,,,none,,,0,0.9,0,,,,,1,,1,6,0.09,0,,,nflverse snap_counts (not on desk injury list) | game day: nflverse snap_counts + weekly_rosters
2026,1,2026_01_WAS_PHI,401872929,PHI,WSH,Jalen Carter,00-0038386,CartJa05,4685759,DT,F7,DL,DT,0.435,0,0,,,,,,,none,,,0,0.9,0,,,,,1,,1,66,0.94,0,,,nflverse snap_counts (not on desk injury list) | game day: nflverse snap_counts + weekly_rosters
2026,1,2026_01_WAS_PHI,401872929,PHI,WSH,Jalyx Hunt,00-0039740,HuntJa02,4571162,LB,F7,LB,OLB,0.505,0,0.25,,,,,,,none,,,0,0.7,0,,,,,1,,1,53,0.76,0,,,nflverse snap_counts (not on desk injury list) | game day: nflverse snap_counts + weekly_rosters
2026,1,2026_01_WAS_PHI,401872929,PHI,WSH,Jihaad Campbell,00-0040708,CampJi00,4685287,LB,F7,LB,ILB,0.63,1,0.75,,,,,,,none,,,0,0.7,0,,,,,1,,1,67,0.96,0,,,nflverse snap_counts (not on desk injury list) | game day: nflverse snap_counts + weekly_rosters
2026,1,2026_01_WAS_PHI,401872929,PHI,WSH,Jonathan Greenard,00-0036224,GreeJo04,3916409,LB,F7,LB,OLB,0,0,0,,,,,,Pectoral,Out,,LP,1,0.7,0,OUT,1,1,0.2,0,,0,0,0,0,,,reconstructed from nflverse final report + reserve list (no lock file) | game day: nflverse snap_counts + weekly_rosters
2026,1,2026_01_WAS_PHI,401872929,PHI,WSH,Jordan Davis,00-0037073,DaviJo03,4381558,DT,F7,DL,DT,0.552,0,0.25,,,,,,,none,,,0,0.9,0,,,,,1,,1,34,0.49,0,,,nflverse snap_counts (not on desk injury list) | game day: nflverse snap_counts + weekly_rosters
2026,1,2026_01_WAS_PHI,401872929,PHI,WSH,Moro Ojomo,00-0038412,OjomMo00,4362116,DT,F7,DL,DT,0.635,1,0.75,,,,,,,none,,,0,0.9,0,,,,,1,,1,48,0.69,0,,,nflverse snap_counts (not on desk injury list) | game day: nflverse snap_counts + weekly_rosters
2026,1,2026_01_WAS_PHI,401872929,PHI,WSH,Nolan Smith,00-0039013,SmitNo02,4426331,LB,F7,LB,OLB,0.595,0,0.25,,,,,,,none,,,0,0.7,0,,,,,1,,1,47,0.67,0,,,nflverse snap_counts (not on desk injury list) | game day: nflverse snap_counts + weekly_rosters
2026,1,2026_01_WAS_PHI,401872929,PHI,WSH,Zack Baun,00-0036418,BaunZa00,3917657,LB,F7,LB,ILB,0.728,1,0.75,,,,,,,none,,,0,0.7,0,,,,,1,,1,70,1,0,,,nflverse snap_counts (not on desk injury list) | game day: nflverse snap_counts + weekly_rosters
2026,1,2026_01_WAS_PHI,401872929,PHI,WSH,Cam Jurgens,00-0038112,JurgCa01,,C,OL,G/C,C,0.735,1,0.75,,,,,,,none,,,0,0.8,0,,,,,1,,1,55,1,0,,,nflverse snap_counts (not on desk injury list) | game day: nflverse snap_counts + weekly_rosters
2026,1,2026_01_WAS_PHI,401872929,PHI,WSH,Fred Johnson,00-0034951,JohnFr01,,T,OL,T,T,0.998,1,1,,,,,,,none,,,0,1,0,,,,,1,,0,0,0,0,,,nflverse snap_counts (not on desk injury list) | game day: nflverse snap_counts + weekly_rosters
2026,1,2026_01_WAS_PHI,401872929,PHI,WSH,Jordan Mailata,00-0034429,MailJo00,,T,OL,T,T,0.75,1,1,,,,,,,none,,,0,1,0,,,,,1,,1,55,1,0,,,nflverse snap_counts (not on desk injury list) | game day: nflverse snap_counts + weekly_rosters
2026,1,2026_01_WAS_PHI,401872929,PHI,WSH,Landon Dickerson,00-0037002,DickLa00,,G,OL,G/C,G,0.735,1,0.75,,,,,,,none,,,0,0.8,0,,,,,1,,1,55,1,0,,,nflverse snap_counts (not on desk injury list) | game day: nflverse snap_counts + weekly_rosters
2026,1,2026_01_WAS_PHI,401872929,PHI,WSH,Tyler Steen,00-0039001,SteeTy00,,OL,OL,G/C,G,0.843,1,1,,,,,,,none,,,0,0.8,0,,,,,1,,1,55,1,0,,,nflverse snap_counts (not on desk injury list) | game day: nflverse snap_counts + weekly_rosters
2026,1,2026_01_ATL_PIT,401872658,PIT,ATL,Alex Highsmith,00-0036333,HighAl02,4037333,LB,F7,LB,OLB,0.86,1,1,,,,,,,none,,,0,0.7,0,,,,,1,,1,41,0.68,0,,,nflverse snap_counts (not on desk injury list) | game day: nflverse snap_counts + weekly_rosters
2026,1,2026_01_ATL_PIT,401872658,PIT,ATL,Cameron Heyward,00-0027969,HeywCa01,13977,DT,F7,DL,DT,0.7,1,0.75,,,,,,,none,,,0,0.9,0,,,,,1,,1,32,0.53,0,,,nflverse snap_counts (not on desk injury list) | game day: nflverse snap_counts + weekly_rosters
2026,1,2026_01_ATL_PIT,401872658,PIT,ATL,Derrick Harmon,00-0040678,HarmDe01,4682980,DT,F7,DL,DT,0.657,1,0.75,,,,,,,none,,,0,0.9,0,,,,,1,,1,24,0.4,1,,,nflverse snap_counts (not on desk injury list) | game day: nflverse snap_counts + weekly_rosters
2026,1,2026_01_ATL_PIT,401872658,PIT,ATL,Jack Sawyer,00-0040160,SawyJa00,4431590,LB,F7,LB,OLB,0.35,0,0,,,,,,,none,,,0,0.7,0,,,,,1,,1,23,0.38,0,,,nflverse snap_counts (not on desk injury list) | game day: nflverse snap_counts + weekly_rosters
2026,1,2026_01_ATL_PIT,401872658,PIT,ATL,Keeanu Benton,00-0039110,BentKe00,4426694,DT,F7,DL,DT,0.637,1,0.75,,,,,,,none,,,0,0.9,0,,,,,1,,1,35,0.58,0,,,nflverse snap_counts (not on desk injury list) | game day: nflverse snap_counts + weekly_rosters
2026,1,2026_01_ATL_PIT,401872658,PIT,ATL,Logan Lee,00-0039389,LeexLo00,4569474,IDL,F7,DL,DT,0.02,0,0,,,,,,,IR,,unknown,1,0.9,0,IR,1,1,0.2,0,,0,0,0,0,,,reconstructed from nflverse final report + reserve list (no lock file) | game day: nflverse snap_counts + weekly_rosters
2026,1,2026_01_ATL_PIT,401872658,PIT,ATL,Nick Herbig,00-0038577,HerbNi00,4429164,LB,F7,LB,OLB,0.355,0,0,,,,,,,none,,,0,0.7,0,,,,,1,,1,39,0.65,0,,,nflverse snap_counts (not on desk injury list) | game day: nflverse snap_counts + weekly_rosters
2026,1,2026_01_ATL_PIT,401872658,PIT,ATL,Patrick Queen,00-0036323,QueePa00,4242207,LB,F7,LB,ILB,1,1,1,,,,,,,none,,,0,0.7,0,,,,,1,,1,60,1,0,,,nflverse snap_counts (not on desk injury list) | game day: nflverse snap_counts + weekly_rosters
2026,1,2026_01_ATL_PIT,401872658,PIT,ATL,Payton Wilson,00-0039741,WilsPa00,4361652,LB,F7,LB,ILB,0.447,0,0,,,,,,,none,,,0,0.7,0,,,,,1,,1,57,0.95,0,,,nflverse snap_counts (not on desk injury list) | game day: nflverse snap_counts + weekly_rosters
2026,1,2026_01_ATL_PIT,401872658,PIT,ATL,T.J. Watt,00-0033886,WattT.00,3045282,LB,F7,LB,OLB,0.4,0,0,,,,,,,none,,,0,0.7,0,,,,,1,,1,38,0.63,0,,,nflverse snap_counts (not on desk injury list) | game day: nflverse snap_counts + weekly_rosters
2026,1,2026_01_ATL_PIT,401872658,PIT,ATL,Yahya Black,00-0040188,BlacYa00,4430947,DE,F7,EDGE,DT,0.31,0,0,,,,,,,none,,,0,0.7,0,,,,,1,,1,18,0.3,0,,,nflverse snap_counts (not on desk injury list) | game day: nflverse snap_counts + weekly_rosters
2026,1,2026_01_ATL_PIT,401872658,PIT,ATL,Dylan Cook,00-0037480,CookDy00,,T,OL,T,T,0.99,1,1,,,,,,,none,,,0,1,0,,,,,1,,1,67,1,0,,,nflverse snap_counts (not on desk injury list) | game day: nflverse snap_counts + weekly_rosters
2026,1,2026_01_ATL_PIT,401872658,PIT,ATL,Jack Driscoll,00-0036396,DrisJa00,,RT,OL,T,T,0,0,0,,,,,,,IR,,unknown,1,1,0,IR,1,1,0.2,0,,0,0,0,0,,,reconstructed from nflverse final report + reserve list (no lock file) | game day: nflverse snap_counts + weekly_rosters
2026,1,2026_01_ATL_PIT,401872658,PIT,ATL,Mason McCormick,00-0039358,McCoMa00,,G,OL,G/C,G,1,1,1,,,,,,,none,,,0,0.8,0,,,,,1,,1,67,1,0,,,nflverse snap_counts (not on desk injury list) | game day: nflverse snap_counts + weekly_rosters
2026,1,2026_01_ATL_PIT,401872658,PIT,ATL,Spencer Anderson,00-0038645,AndeSp00,,OL,OL,G/C,G,0.525,0,0.25,,,,,,,none,,,0,0.8,0,,,,,1,,1,67,1,0,,,nflverse snap_counts (not on desk injury list) | game day: nflverse snap_counts + weekly_rosters
2026,1,2026_01_ATL_PIT,401872658,PIT,ATL,Troy Fautanu,00-0039871,FautTr00,,T,OL,T,T,1,1,1,,,,,,,none,,,0,1,0,,,,,1,,1,66,0.99,0,,,nflverse snap_counts (not on desk injury list) | game day: nflverse snap_counts + weekly_rosters
2026,1,2026_01_ATL_PIT,401872658,PIT,ATL,Zach Frazier,00-0039896,FrazZa00,,C,OL,G/C,C,1,1,1,,,,,,,none,,,0,0.8,0,,,,,1,,1,67,1,0,,,nflverse snap_counts (not on desk injury list) | game day: nflverse snap_counts + weekly_rosters
2026,1,2026_01_NE_SEA,401872656,SEA,NE,Byron Murphy,00-0039309,MurpBy01,4570040,DT,F7,DL,DT,0.625,1,0.75,,,,,,,none,,,0,0.9,0,,,,,1,,1,50,0.7,0,,,nflverse snap_counts (not on desk injury list) | game day: nflverse snap_counts + weekly_rosters
2026,1,2026_01_NE_SEA,401872656,SEA,NE,DeMarcus Lawrence,00-0031411,LawrDe00,16802,LB,F7,LB,OLB,0.62,1,0.75,,,,,,,none,,,0,0.7,0,,,,,1,,1,42,0.59,0,,,nflverse snap_counts (not on desk injury list) | game day: nflverse snap_counts + weekly_rosters
2026,1,2026_01_NE_SEA,401872656,SEA,NE,Derick Hall,00-0039047,HallDe04,4567226,LB,F7,LB,OLB,0.487,0,0.25,,,,,,,none,,,0,0.7,0,,,,,1,,1,44,0.62,0,,,nflverse snap_counts (not on desk injury list) | game day: nflverse snap_counts + weekly_rosters
2026,1,2026_01_NE_SEA,401872656,SEA,NE,Drake Thomas,00-0038922,ThomDr00,4428659,LB,F7,LB,ILB,0.613,1,0.75,,,,,,,none,,,0,0.7,0,,,,,1,,1,71,1,0,,,nflverse snap_counts (not on desk injury list) | game day: nflverse snap_counts + weekly_rosters
2026,1,2026_01_NE_SEA,401872656,SEA,NE,Ernest Jones,00-0036994,JoneEr01,4362851,LB,F7,LB,ILB,0.963,1,1,,,,,,,none,,,0,0.7,0,,,,,1,,1,71,1,0,,,nflverse snap_counts (not on desk injury list) | game day: nflverse snap_counts + weekly_rosters
2026,1,2026_01_NE_SEA,401872656,SEA,NE,Jarran Reed,00-0032387,ReedJa02,3115312,NT,F7,DL,NT,0.47,0,0.25,,,,,,,none,,,0,0.9,0,,,,,1,,1,34,0.48,0,,,nflverse snap_counts (not on desk injury list) | game day: nflverse snap_counts + weekly_rosters
2026,1,2026_01_NE_SEA,401872656,SEA,NE,Leonard Williams,00-0031933,WillLe02,2971622,DE,F7,EDGE,DT,0.71,1,0.75,,,,,,,none,,,0,0.7,0,,,,,1,,1,49,0.69,0,,,nflverse snap_counts (not on desk injury list) | game day: nflverse snap_counts + weekly_rosters
2026,1,2026_01_NE_SEA,401872656,SEA,NE,Uchenna Nwosu,00-0034350,NwosUc00,3120358,LB,F7,LB,OLB,0.518,0,0.25,,,,,,,none,,,0,0.7,0,,,,,1,,1,33,0.46,0,,,nflverse snap_counts (not on desk injury list) | game day: nflverse snap_counts + weekly_rosters
2026,1,2026_01_NE_SEA,401872656,SEA,NE,Abraham Lucas,00-0037812,LucaAb00,,T,OL,T,T,1,1,1,,,,,,,none,,,0,1,0,,,,,1,,1,50,1,0,,,nflverse snap_counts (not on desk injury list) | game day: nflverse snap_counts + weekly_rosters
2026,1,2026_01_NE_SEA,401872656,SEA,NE,Anthony Bradford,00-0039020,BradAn00,,G,OL,G/C,G,0.973,1,1,,,,,,,none,,FP,0,0.8,0,,,,,1,,1,50,1,0,,,nflverse snap_counts (not on desk injury list) | game day: nflverse snap_counts + weekly_rosters
2026,1,2026_01_NE_SEA,401872656,SEA,NE,Charles Cross,00-0037821,CrosCh00,,T,OL,T,T,0.67,1,0.75,,,,,,,none,,,0,1,0,,,,,1,,1,50,1,0,,,nflverse snap_counts (not on desk injury list) | game day: nflverse snap_counts + weekly_rosters
2026,1,2026_01_NE_SEA,401872656,SEA,NE,Grey Zabel,00-0040639,ZabeGr00,,G,OL,G/C,G,1,1,1,,,,,,,none,,,0,0.8,0,,,,,1,,1,50,1,0,,,nflverse snap_counts (not on desk injury list) | game day: nflverse snap_counts + weekly_rosters
2026,1,2026_01_NE_SEA,401872656,SEA,NE,Jalen Sundell,00-0039926,SundJa00,,C,OL,G/C,C,0.973,1,1,,,,,,,none,,,0,0.8,0,,,,,1,,1,50,1,0,,,nflverse snap_counts (not on desk injury list) | game day: nflverse snap_counts + weekly_rosters
2026,1,2026_01_SF_LA,401872657,SF,LAR,Alfred Collins,00-0040721,CollAl01,4430835,IDL,F7,DL,DT,0.45,0,0.25,,,,,,Knee,Out,,DNP,1,0.9,0.225,OUT,1,1,0.2,0,,0,0,0,0,,,reconstructed from nflverse final report + reserve list (no lock file) | game day: nflverse snap_counts + weekly_rosters
2026,1,2026_01_SF_LA,401872657,SF,LAR,Andrew Farmer,00-0038865,FarmAn00,4394894,EDGE1,F7,EDGE,OLB,0,0,0,,,,,,,IR,,unknown,1,0.7,0,IR,1,1,0.2,0,,0,0,0,0,,,reconstructed from nflverse final report + reserve list (no lock file) | game day: nflverse snap_counts + weekly_rosters
2026,1,2026_01_SF_LA,401872657,SF,LAR,CJ West,00-0040711,WestCJ00,4686308,DL,F7,DL,DT,0.41,0,0,,,,,,,none,,,0,0.9,0,,,,,1,,1,23,0.38,0,,,nflverse snap_counts (not on desk injury list) | game day: nflverse snap_counts + weekly_rosters
2026,1,2026_01_SF_LA,401872657,SF,LAR,Garret Wallow,00-0036844,WallGa00,4241807,LB,F7,LB,OLB,0.547,0,0.25,,,,,,,none,,,0,0.7,0,,,,,1,,1,13,0.21,0,,,nflverse snap_counts (not on desk injury list) | game day: nflverse snap_counts + weekly_rosters
2026,1,2026_01_SF_LA,401872657,SF,LAR,James Thompson Jr.,00-0041363,ThomJa06,,IDL,F7,DL,DT,0,0,0,,,,,,Hamstring,Questionable,,LP,0.24,0.9,0,QUESTIONABLE,1,0.35,0.07,1,,1,21,0.34,0,,,reconstructed from nflverse final report + reserve list (no lock file) | game day: nflverse snap_counts + weekly_rosters
2026,1,2026_01_SF_LA,401872657,SF,LAR,Keion White,00-0039148,WhitKe03,4243493,DL,F7,DL,DE,0.505,0,0.25,,,,,,,none,,,0,0.9,0,,,,,1,,1,30,0.49,0,,,nflverse snap_counts (not on desk injury list) | game day: nflverse snap_counts + weekly_rosters
2026,1,2026_01_SF_LA,401872657,SF,LAR,Mikail Kamara,00-0041360,KamaMi00,,EDGE1,F7,EDGE,DE,0,0,0,,,,,,,IR,,unknown,1,0.7,0,IR,1,1,0.2,0,,0,0,0,0,,,reconstructed from nflverse final report + reserve list (no lock file) | game day: nflverse snap_counts + weekly_rosters
2026,1,2026_01_SF_LA,401872657,SF,LAR,Mykel Williams,00-0040660,WillMy00,4685623,EDGE1,F7,DL,DE,0,0,0,,,,,,,Pup,,unknown,1,0.9,0,PUP,1,1,0.2,0,,0,0,0,0,,,reconstructed from nflverse final report + reserve list (no lock file) | game day: nflverse snap_counts + weekly_rosters
2026,1,2026_01_SF_LA,401872657,SF,LAR,Nick Martin,00-0040135,MartNi01,4573188,EDGE1,F7,LB,OLB,0,0,0,,,,,,,IR,,unknown,1,0.7,0,IR,1,1,0.2,0,,0,0,0,0,,,reconstructed from nflverse final report + reserve list (no lock file) | game day: nflverse snap_counts + weekly_rosters
2026,1,2026_01_SF_LA,401872657,SF,LAR,Sam Okuayinonu,00-0037602,OkuaSa00,4569497,EDGE1,F7,DL,DE,0.555,0,0.25,,,,,,,IR,,unknown,1,0.9,0.225,IR,1,1,0.2,0,,0,0,0,0,,,reconstructed from nflverse final report + reserve list (no lock file) | game day: nflverse snap_counts + weekly_rosters
2026,1,2026_01_SF_LA,401872657,SF,LAR,Tatum Bethune,00-0039435,BethTa00,4426698,LB,F7,LB,MLB,0.443,0,0,,,,,,,none,,,0,0.7,0,,,,,0,,0,0,0,0,,,nflverse snap_counts (not on desk injury list) | game day: nflverse snap_counts + weekly_rosters
2026,1,2026_01_SF_LA,401872657,SF,LAR,Victor Dimukeje,00-0036896,DimuVi00,4240464,EDGE1,F7,LB,DE,0,0,0,,,,,,,IR,,unknown,1,0.7,0,IR,1,1,0.2,0,,0,0,0,0,,,reconstructed from nflverse final report + reserve list (no lock file) | game day: nflverse snap_counts + weekly_rosters
2026,1,2026_01_SF_LA,401872657,SF,LAR,Austen Pleasants,00-0035829,PleaAu00,,RT,OL,G/C,T,0.51,0,0.25,,,,,,,IR,,unknown,1,0.8,0.2,IR,1,1,0.2,0,,0,0,0,0,,,reconstructed from nflverse final report + reserve list (no lock file) | game day: nflverse snap_counts + weekly_rosters
2026,1,2026_01_SF_LA,401872657,SF,LAR,Brett Toth,00-0035743,TothBr00,,OG,OL,T,G,0,0,0,,,,,,,IR,,unknown,1,1,0,IR,1,1,0.2,0,,0,0,0,0,,,reconstructed from nflverse final report + reserve list (no lock file) | game day: nflverse snap_counts + weekly_rosters
2026,1,2026_01_SF_LA,401872657,SF,LAR,Colton McKivitz,00-0036256,McKiCo00,,OL,OL,G/C,T,1,1,1,,,,,,,none,,,0,0.8,0,,,,,1,,1,65,1,0,,,nflverse snap_counts (not on desk injury list) | game day: nflverse snap_counts + weekly_rosters
2026,1,2026_01_SF_LA,401872657,SF,LAR,Dominick Puni,00-0039351,PuniDo00,,OL,OL,G/C,G,0.988,1,1,,,,,,,none,,,0,0.8,0,,,,,1,,1,65,1,0,,,nflverse snap_counts (not on desk injury list) | game day: nflverse snap_counts + weekly_rosters
2026,1,2026_01_SF_LA,401872657,SF,LAR,Jake Brendel,00-0032701,BrenJa01,,OL,OL,G/C,C,0.988,1,1,,,,,,,none,,,0,0.8,0,,,,,1,,1,65,1,0,,,nflverse snap_counts (not on desk injury list) | game day: nflverse snap_counts + weekly_rosters
2026,1,2026_01_SF_LA,401872657,SF,LAR,Nick Zakelj,00-0037831,ZakeNi00,,OG,OL,G/C,G,0,0,0,,,,,,,IR,,unknown,1,0.8,0,IR,1,1,0.2,0,,0,0,0,0,,,reconstructed from nflverse final report + reserve list (no lock file) | game day: nflverse snap_counts + weekly_rosters
2026,1,2026_01_SF_LA,401872657,SF,LAR,Trent Williams,00-0027857,WillTr21,,T,OL,T,T,0.49,0,0.25,,,,,,,none,,,0,1,0,,,,,1,,1,65,1,0,,,nflverse snap_counts (not on desk injury list) | game day: nflverse snap_counts + weekly_rosters
2026,1,2026_01_TB_CIN,401872925,TB,CIN,Christian Rozeboom,00-0035942,RozeCh00,3909013,LB,F7,LB,ILB,0,0,0,,,,,,Foot,Questionable,,LP,0.24,0.7,0,QUESTIONABLE,1,0.35,0.07,1,,0,0,0,0,,,reconstructed from nflverse final report + reserve list (no lock file) | game day: nflverse snap_counts + weekly_rosters
2026,1,2026_01_TB_CIN,401872925,TB,CIN,Deshawn McKnight,00-0041339,McKnDe00,,EDGE1,F7,EDGE,DE,0,0,0,,,,,,,IR,,unknown,1,0.7,0,IR,1,1,0.2,0,,0,0,0,0,,,reconstructed from nflverse final report + reserve list (no lock file) | game day: nflverse snap_counts + weekly_rosters
2026,1,2026_01_TB_CIN,401872925,TB,CIN,Elijah Roberts,00-0040183,RobeEl01,4690795,DL,F7,DL,DE,0.455,0,0.25,,,,,,,none,,,0,0.9,0,,,,,1,,1,16,0.25,0,,,nflverse snap_counts (not on desk injury list) | game day: nflverse snap_counts + weekly_rosters
2026,1,2026_01_TB_CIN,401872925,TB,CIN,Mohamed Kamara,00-0039877,KamaMo00,4427677,EDGE1,F7,LB,OLB,0,0,0,,,,,,,IR,,unknown,1,0.7,0,IR,1,1,0.2,0,,0,0,0,0,,,reconstructed from nflverse final report + reserve list (no lock file) | game day: nflverse snap_counts + weekly_rosters
2026,1,2026_01_TB_CIN,401872925,TB,CIN,SirVocea Dennis,00-0039049,DennSi00,4429511,LB,F7,LB,ILB,0.69,1,0.75,,,,,,,none,,,0,0.7,0,,,,,1,,1,5,0.08,1,,,nflverse snap_counts (not on desk injury list) | game day: nflverse snap_counts + weekly_rosters
2026,1,2026_01_TB_CIN,401872925,TB,CIN,Vita Vea,00-0034773,VeaxVi00,3134362,NT,F7,DL,NT,0.77,1,1,,,,,,,none,,,0,0.9,0,,,,,1,,1,44,0.69,0,,,nflverse snap_counts (not on desk injury list) | game day: nflverse snap_counts + weekly_rosters
2026,1,2026_01_TB_CIN,401872925,TB,CIN,YaYa Diaby,00-0039068,DiabYa00,4686334,LB,F7,LB,OLB,0.75,1,1,,,,,,,none,,,0,0.7,0,,,,,1,,1,40,0.62,0,,,nflverse snap_counts (not on desk injury list) | game day: nflverse snap_counts + weekly_rosters
2026,1,2026_01_TB_CIN,401872925,TB,CIN,Dan Feeney,00-0033910,FeenDa00,,G,OL,G/C,C,1,1,1,,,,,,,none,,,0,0.8,0,,,,,1,,0,0,0,0,,,nflverse snap_counts (not on desk injury list) | game day: nflverse snap_counts + weekly_rosters
2026,1,2026_01_TB_CIN,401872925,TB,CIN,Graham Barton,00-0039905,BartGr00,,C,OL,G/C,C,1,1,1,,,,,,,none,,,0,0.8,0,,,,,1,,1,57,1,0,,,nflverse snap_counts (not on desk injury list) | game day: nflverse snap_counts + weekly_rosters
2026,1,2026_01_TB_CIN,401872925,TB,CIN,Justin Skule,00-0034989,SkulJu00,,RT,OL,T,T,0,0,0,,,,,,Oblique,Doubtful,,LP,1,1,0,DOUBTFUL,1,0.75,0.15,0,,0,0,0,0,,,reconstructed from nflverse final report + reserve list (no lock file) | game day: nflverse snap_counts + weekly_rosters
2026,1,2026_01_TB_CIN,401872925,TB,CIN,Luke Goedeke,00-0037835,GoedLu00,,T,OL,T,T,1,1,1,,,,,,,none,,,0,1,0,,,,,1,,1,57,1,0,,,nflverse snap_counts (not on desk injury list) | game day: nflverse snap_counts + weekly_rosters
2026,1,2026_01_TB_CIN,401872925,TB,CIN,Tristan Wirfs,00-0036406,WirfTr00,,T,OL,T,T,0.75,1,1,,,,,,,none,,,0,1,0,,,,,1,,1,57,1,0,,,nflverse snap_counts (not on desk injury list) | game day: nflverse snap_counts + weekly_rosters
2026,1,2026_01_NYJ_TEN,401872924,TEN,NYJ,Cedric Gray,00-0039858,GrayCe00,4429834,LB,F7,LB,OLB,0.708,1,0.75,,,,,,Concussion,Out,,DNP,1,0.7,0.525,OUT,1,1,0.25,0,,0,0,0,0,,,reconstructed from nflverse final report + reserve list (no lock file) | game day: nflverse snap_counts + weekly_rosters
2026,1,2026_01_NYJ_TEN,401872924,TEN,NYJ,Cody Barton,00-0035672,BartCo00,3926229,LB,F7,LB,MLB,1,1,1,,,,,,,none,,,0,0.7,0,,,,,1,,1,65,0.97,0,,,nflverse snap_counts (not on desk injury list) | game day: nflverse snap_counts + weekly_rosters
2026,1,2026_01_NYJ_TEN,401872924,TEN,NYJ,Dominique Hampton,00-0039381,HampDo00,4361094,EDGE1,F7,EDGE,OLB,0,0,0,,,,,,,IR,,unknown,1,0.7,0,IR,1,1,0.2,0,,0,0,0,0,,,reconstructed from nflverse final report + reserve list (no lock file) | game day: nflverse snap_counts + weekly_rosters
2026,1,2026_01_NYJ_TEN,401872924,TEN,NYJ,Dorian Mausi,00-0040503,MausDo00,,EDGE1,F7,LB,OLB,0,0,0,,,,,,,IR,,unknown,1,0.7,0,IR,1,1,0.2,0,,0,0,0,0,,,reconstructed from nflverse final report + reserve list (no lock file) | game day: nflverse snap_counts + weekly_rosters
2026,1,2026_01_NYJ_TEN,401872924,TEN,NYJ,James Williams,00-0039430,WillJa15,4431613,LB,F7,LB,OLB,0.375,0,0,,,,,,,none,,,0,0.7,0,,,,,1,,1,28,0.42,0,,,nflverse snap_counts (not on desk injury list) | game day: nflverse snap_counts + weekly_rosters
2026,1,2026_01_NYJ_TEN,401872924,TEN,NYJ,Jaylen Harrell,00-0039436,HarrJa05,4429058,EDGE1,F7,LB,OLB,0.613,1,0.75,,,,,,,IR,,unknown,1,0.7,0.525,IR,1,1,0.25,0,,0,0,0,0,,,reconstructed from nflverse final report + reserve list (no lock file) | game day: nflverse snap_counts + weekly_rosters
2026,1,2026_01_NYJ_TEN,401872924,TEN,NYJ,Jeffery Simmons,00-0035643,SimmJe01,4035369,DT,F7,DL,DT,0.833,1,1,,,,,,,none,,,0,0.9,0,,,,,1,,1,50,0.75,0,,,nflverse snap_counts (not on desk injury list) | game day: nflverse snap_counts + weekly_rosters
2026,1,2026_01_NYJ_TEN,401872924,TEN,NYJ,Milo Eifler,00-0036511,EiflMi00,4371940,LB,F7,LB,ILB,0,0,0,,,,,,,IR,,unknown,1,0.7,0,IR,1,1,0.2,0,,0,0,0,0,,,reconstructed from nflverse final report + reserve list (no lock file) | game day: nflverse snap_counts + weekly_rosters
2026,1,2026_01_NYJ_TEN,401872924,TEN,NYJ,Tanoh Kpassagnon,00-0033902,KpasTa00,2982313,EDGE1,F7,DL,DE,0,0,0,,,,,,,IR,,unknown,1,0.9,0,IR,1,1,0.2,0,,0,0,0,0,,,reconstructed from nflverse final report + reserve list (no lock file) | game day: nflverse snap_counts + weekly_rosters
2026,1,2026_01_NYJ_TEN,401872924,TEN,NYJ,Dan Moore,00-0036869,MoorDa05,,T,OL,T,T,0.748,1,0.75,,,,,,,none,,,0,1,0,,,,,1,,1,50,1,0,,,nflverse snap_counts (not on desk injury list) | game day: nflverse snap_counts + weekly_rosters
2026,1,2026_01_NYJ_TEN,401872924,TEN,NYJ,JC Latham,00-0039731,LathJC00,,T,OL,T,T,1,1,1,,,,,,,none,,,0,1,0,,,,,1,,1,50,1,0,,,nflverse snap_counts (not on desk injury list) | game day: nflverse snap_counts + weekly_rosters
2026,1,2026_01_NYJ_TEN,401872924,TEN,NYJ,Peter Skoronski,00-0039034,SkorPe00,,OL,OL,G/C,G,1,1,1,,,,,,,none,,,0,0.8,0,,,,,1,,1,50,1,0,,,nflverse snap_counts (not on desk injury list) | game day: nflverse snap_counts + weekly_rosters
2026,1,2026_01_WAS_PHI,401872929,WSH,PHI,Daron Payne,00-0034333,PaynDa00,3925354,DT,F7,DL,DT,0.432,0,0,,,,,,,none,,LP,0,0.9,0,,,,,1,,1,34,0.62,0,,,nflverse snap_counts (not on desk injury list) | game day: nflverse snap_counts + weekly_rosters
2026,1,2026_01_WAS_PHI,401872929,WSH,PHI,Deatrich Wise,00-0033947,WiseDe00,2980080,EDGE1,F7,EDGE,DE,0,0,0,,,,,,,Pup,,unknown,1,0.7,0,PUP,1,1,0.2,0,,0,0,0,0,,,reconstructed from nflverse final report + reserve list (no lock file) | game day: nflverse snap_counts + weekly_rosters
2026,1,2026_01_WAS_PHI,401872929,WSH,PHI,Drake Jackson,00-0037826,JackDr01,4569511,EDGE1,F7,EDGE,OLB,0.198,0,0,,,,,,,IR,,unknown,1,0.7,0,IR,1,1,0.2,0,,0,0,0,0,,,reconstructed from nflverse final report + reserve list (no lock file) | game day: nflverse snap_counts + weekly_rosters
2026,1,2026_01_WAS_PHI,401872929,WSH,PHI,Frankie Luvu,00-0034302,LuvuFr00,3127273,LB,F7,LB,ILB,1,1,1,,,,,,,none,,,0,0.7,0,,,,,1,,1,29,0.53,0,,,nflverse snap_counts (not on desk injury list) | game day: nflverse snap_counts + weekly_rosters
2026,1,2026_01_WAS_PHI,401872929,WSH,PHI,Javon Kinlaw,00-0036260,KinlJa00,4259491,DT,F7,DL,DT,0.665,1,0.75,,,,,,,none,,FP,0,0.9,0,,,,,1,,1,32,0.58,0,,,nflverse snap_counts (not on desk injury list) | game day: nflverse snap_counts + weekly_rosters
2026,1,2026_01_WAS_PHI,401872929,WSH,PHI,Jer'Zhan Newton,00-0039906,NewtJe00,4430560,IDL,F7,DL,DT,0.492,0,0.25,,,,,,,IR,,unknown,1,0.9,0.225,IR,1,1,0.2,0,,0,0,0,0,,,reconstructed from nflverse final report + reserve list (no lock file) | game day: nflverse snap_counts + weekly_rosters
2026,1,2026_01_WAS_PHI,401872929,WSH,PHI,Jordan Magee,00-0039368,MageJo00,4568617,LB,F7,LB,ILB,0.4,0,0,,,,,,,none,,FP,0,0.7,0,,,,,1,,1,9,0.16,0,,,nflverse snap_counts (not on desk injury list) | game day: nflverse snap_counts + weekly_rosters
2026,1,2026_01_WAS_PHI,401872929,WSH,PHI,T.J. Maguranyanga,00-0040004,MaguTJ00,5278092,EDGE1,F7,EDGE,OLB,0,0,0,,,,,,,IR,,unknown,1,0.7,0,IR,1,1,0.2,0,,0,0,0,0,,,reconstructed from nflverse final report + reserve list (no lock file) | game day: nflverse snap_counts + weekly_rosters
2026,1,2026_01_WAS_PHI,401872929,WSH,PHI,Andrew Wylie,00-0033831,WyliAn00,,G,OL,G/C,T,0.46,0,0.25,,,,,,,none,,,0,0.8,0,,,,,1,,1,1,0.01,0,,,nflverse snap_counts (not on desk injury list) | game day: nflverse snap_counts + weekly_rosters
2026,1,2026_01_WAS_PHI,401872929,WSH,PHI,Brandon Coleman,00-0039913,ColeBr02,,T,OL,T,T,0.858,1,1,,,,,,,none,,,0,1,0,,,,,1,,1,70,1,0,,,nflverse snap_counts (not on desk injury list) | game day: nflverse snap_counts + weekly_rosters
2026,1,2026_01_WAS_PHI,401872929,WSH,PHI,Chris Paul,00-0037092,PaulCh00,,G,OL,G/C,G,1,1,1,,,,,,,none,,,0,0.8,0,,,,,1,,1,70,1,0,,,nflverse snap_counts (not on desk injury list) | game day: nflverse snap_counts + weekly_rosters
2026,1,2026_01_WAS_PHI,401872929,WSH,PHI,Josh Conerly,00-0040686,ConeJo00,,T,OL,T,T,1,1,1,,,,,,,none,,,0,1,0,,,,,1,,1,70,1,0,,,nflverse snap_counts (not on desk injury list) | game day: nflverse snap_counts + weekly_rosters
2026,1,2026_01_WAS_PHI,401872929,WSH,PHI,Laremy Tunsil,00-0032380,TunsLa00,,RT,OL,T,T,0.12,0,0,,,,,,,IR,,unknown,1,1,0,IR,1,1,0.2,0,,0,0,0,0,,,reconstructed from nflverse final report + reserve list (no lock file) | game day: nflverse snap_counts + weekly_rosters
2026,1,2026_01_WAS_PHI,401872929,WSH,PHI,Nick Allegretti,00-0035149,AlleNi00,,G,OL,G/C,G,0.518,0,0.25,,,,,,,none,,FP,0,0.8,0,,,,,1,,1,70,1,0,,,nflverse snap_counts (not on desk injury list) | game day: nflverse snap_counts + weekly_rosters
2026,2,2026_02_SEA_ARI,401872943,ARI,SEA,Andrew Billings,00-0033066,BillAn00,3051775,IDL,F7,DL,NT,0,0,0,,,,,,Knee,Questionable,,LP,0.24,0.9,0,QUESTIONABLE,1,0.35,0.07,0,,0,0,0,0,,,data/postmortem/locks/2026-w02-sea-ari.json | game day: nflverse snap_counts + weekly_rosters
2026,2,2026_02_SEA_ARI,401872943,ARI,SEA,Baron Browning,00-0036995,BrowBa01,4241987,LB,F7,LB,OLB,0.47,0,0.25,,,,,,,none,,,0,0.7,0,,,,,1,,1,34,0.49,0,,,nflverse snap_counts (not on desk injury list) | game day: nflverse snap_counts + weekly_rosters
2026,2,2026_02_SEA_ARI,401872943,ARI,SEA,Cody Simon,00-0040645,SimoCo01,4429071,LB,F7,LB,ILB,0.73,1,0.75,,,,,,,none,,FP,0,0.7,0,,,,,1,,1,5,0.07,1,,,nflverse snap_counts (not on desk injury list) | game day: nflverse snap_counts + weekly_rosters
2026,2,2026_02_SEA_ARI,401872943,ARI,SEA,Dante Stills,00-0038623,StilDa01,4362225,DL,F7,DL,DE,0.458,0,0.25,,,,,,,none,,,0,0.9,0,,,,,1,,1,41,0.59,0,,,nflverse snap_counts (not on desk injury list) | game day: nflverse snap_counts + weekly_rosters
2026,2,2026_02_SEA_ARI,401872943,ARI,SEA,Darius Robinson,00-0039854,RobiDa01,4569480,DL,F7,DL,DT,0.498,0,0.25,,,,,,,none,,,0,0.9,0,,,,,1,,1,30,0.43,0,,,nflverse snap_counts (not on desk injury list) | game day: nflverse snap_counts + weekly_rosters
2026,2,2026_02_SEA_ARI,401872943,ARI,SEA,Jordan Burch,00-0040137,BurcJo00,4428996,LB,F7,LB,OLB,0.438,0,0,,,,,,,none,,,0,0.7,0,,,,,1,,1,34,0.49,0,,,nflverse snap_counts (not on desk injury list) | game day: nflverse snap_counts + weekly_rosters
2026,2,2026_02_SEA_ARI,401872943,ARI,SEA,Kaleb Proctor,00-0041555,ProcKa01,5084514,IDL,F7,DL,DT,0,0,0,,,,,,,IR,,unknown,1,0.9,0,IR,1,1,0.8,0,,0,0,0,0,,,data/postmortem/locks/2026-w02-sea-ari.json | game day: nflverse snap_counts + weekly_rosters
2026,2,2026_02_SEA_ARI,401872943,ARI,SEA,Roy Lopez,00-0036568,LopeRo00,4040805,IDL,F7,DL,NT,0.117,0,0,,,,,,Groin,Questionable,,LP,0.24,0.9,0,QUESTIONABLE,1,0.35,0.09,1,,1,50,0.71,0,,,data/postmortem/locks/2026-w02-sea-ari.json | game day: nflverse snap_counts + weekly_rosters
2026,2,2026_02_SEA_ARI,401872943,ARI,SEA,Zaven Collins,00-0036933,CollZa00,4244606,LB,F7,LB,OLB,0.487,0,0.25,,,,,,,none,,,0,0.7,0,,,,,1,,1,28,0.4,0,,,nflverse snap_counts (not on desk injury list) | game day: nflverse snap_counts + weekly_rosters
2026,2,2026_02_SEA_ARI,401872943,ARI,SEA,Chase Bisontis,00-0041468,BisoCh00,,OG,OL,G/C,G,0,0,0,,,,,,,IR,,unknown,1,0.8,0,IR,1,1,0.2,0,,0,0,0,0,,,data/postmortem/locks/2026-w02-sea-ari.json | game day: nflverse snap_counts + weekly_rosters
2026,2,2026_02_SEA_ARI,401872943,ARI,SEA,Hjalte Froholdt,00-0035258,FrohHj00,,OL,OL,G/C,C,0.953,1,1,,,,,,,none,,,0,0.8,0,,,,,1,,1,50,1,0,,,nflverse snap_counts (not on desk injury list) | game day: nflverse snap_counts + weekly_rosters
2026,2,2026_02_SEA_ARI,401872943,ARI,SEA,Isaac Seumalo,00-0032954,SeumIs00,,OG,OL,G/C,G,0.24,0,0,,,,,,Shoulder,Questionable,,LP,0.24,0.8,0,QUESTIONABLE,1,0.35,0.13,1,,1,50,1,0,,,data/postmortem/locks/2026-w02-sea-ari.json | game day: nflverse snap_counts + weekly_rosters
2026,2,2026_02_SEA_ARI,401872943,ARI,SEA,Isaiah Adams,00-0039808,AdamIs01,,OG,OL,G/C,G,0.75,1,1,,,,,,Knee,Questionable,,LP,0.24,0.8,0.192,QUESTIONABLE,1,0.35,0.17,1,,1,50,1,0,,,data/postmortem/locks/2026-w02-sea-ari.json | game day: nflverse snap_counts + weekly_rosters
2026,2,2026_02_SEA_ARI,401872943,ARI,SEA,Jon Gaines,00-0038571,GainJo00,,OL,OL,G/C,C,0.932,1,1,,,,,,,none,,,0,0.8,0,,,,,1,,0,0,0,0,,,nflverse snap_counts (not on desk injury list) | game day: nflverse snap_counts + weekly_rosters
2026,2,2026_02_SEA_ARI,401872943,ARI,SEA,Josh Fryar,00-0040382,FryaJo00,,OL,OL,G/C,T,0.688,1,0.75,,,,,,,none,,,0,0.8,0,,,,,0,,0,0,0,0,,,nflverse snap_counts (not on desk injury list) | game day: nflverse snap_counts + weekly_rosters
2026,2,2026_02_CAR_ATL,401872933,ATL,CAR,Brandon Dorlus,00-0039859,DorlBr00,4427090,DL,F7,DL,DT,0.353,0,0,,,,,,,none,,,0,0.9,0,,,,,1,,1,25,0.38,0,,,nflverse snap_counts (not on desk injury list) | game day: nflverse snap_counts + weekly_rosters
2026,2,2026_02_CAR_ATL,401872933,ATL,CAR,Da'Shawn Hand,00-0034371,HandDa00,3126352,IDL,F7,DL,DT,0.025,0,0,,,,,,,IR,,unknown,1,0.9,0,IR,1,1,0.8,0,,0,0,0,0,,,data/postmortem/locks/2026-w02-car-atl.json | game day: nflverse snap_counts + weekly_rosters
2026,2,2026_02_CAR_ATL,401872933,ATL,CAR,Divine Deablo,00-0036990,DeabDi00,4037626,LB,F7,LB,ILB,1,1,1,,,,,,,Questionable,,unknown,0.27,0.7,0.189,QUESTIONABLE,1,0.35,0.13,1,,1,54,0.82,0,,,data/postmortem/locks/2026-w02-car-atl.json | game day: nflverse snap_counts + weekly_rosters
2026,2,2026_02_CAR_ATL,401872933,ATL,CAR,Jalon Walker,00-0040577,WalkJa02,4685597,EDGE1,F7,EDGE,OLB,0.362,0,0,,,,,,,IR,,unknown,1,0.7,0,IR,1,1,0.87,0,,0,0,0,0,,,data/postmortem/locks/2026-w02-car-atl.json | game day: nflverse snap_counts + weekly_rosters
2026,2,2026_02_CAR_ATL,401872933,ATL,CAR,James Pearce,00-0040578,PearJa00,5081394,DE,F7,EDGE,OLB,0.44,0,0,,,,,,,none,,,0,0.7,0,,,,,0,,0,0,0,0,,,nflverse snap_counts (not on desk injury list) | game day: nflverse snap_counts + weekly_rosters
2026,2,2026_02_CAR_ATL,401872933,ATL,CAR,LaCale London,00-0036204,LondLa00,4376288,DL,F7,DL,DT,0.39,0,0,,,,,,,none,,,0,0.9,0,,,,,1,,1,26,0.39,0,,,nflverse snap_counts (not on desk injury list) | game day: nflverse snap_counts + weekly_rosters
2026,2,2026_02_CAR_ATL,401872933,ATL,CAR,Cameron Williams,00-0040687,WillCa04,,OG,OL,T,T,0,0,0,,,,,,,IR,,unknown,1,1,0,IR,1,1,0.5,0,,0,0,0,0,,,data/postmortem/locks/2026-w02-car-atl.json | game day: nflverse snap_counts + weekly_rosters
2026,2,2026_02_CAR_ATL,401872933,ATL,CAR,Chris Lindstrom,00-0035630,LindCh00,,OG,OL,G/C,G,0.963,1,1,,,,,,Concussion,Questionable,,FP,0.12,0.8,0.096,QUESTIONABLE,1,0.35,1.18,1,,1,59,0.86,0,,,data/postmortem/locks/2026-w02-car-atl.json | game day: nflverse snap_counts + weekly_rosters
2026,2,2026_02_CAR_ATL,401872933,ATL,CAR,Jake Matthews,00-0031279,MattJa00,,T,OL,T,T,0.998,1,1,,,,,,,none,,DNP,0,1,0,,,,,1,,1,69,1,0,,,nflverse snap_counts (not on desk injury list) | game day: nflverse snap_counts + weekly_rosters
2026,2,2026_02_CAR_ATL,401872933,ATL,CAR,Matthew Bergeron,00-0039048,BergMa00,,OL,OL,G/C,G,1,1,1,,,,,,,none,,,0,0.8,0,,,,,1,,1,69,1,0,,,nflverse snap_counts (not on desk injury list) | game day: nflverse snap_counts + weekly_rosters
2026,2,2026_02_CAR_ATL,401872933,ATL,CAR,Ryan Neuzil,00-0036833,NeuzRy00,,OL,OL,G/C,C,1,1,1,,,,,,,none,,DNP,0,0.8,0,,,,,1,,1,69,1,0,,,nflverse snap_counts (not on desk injury list) | game day: nflverse snap_counts + weekly_rosters
2026,2,2026_02_NO_BAL,401872938,BAL,NO,John Jenkins,00-0030070,JenkJo00,15846,DL,F7,DL,NT,0.418,0,0,,,,,,,none,,,0,0.9,0,,,,,1,,1,21,0.31,0,,,nflverse snap_counts (not on desk injury list) | game day: nflverse snap_counts + weekly_rosters
2026,2,2026_02_NO_BAL,401872938,BAL,NO,Mike Green,00-0040722,GreeMi02,4683188,LB,F7,LB,OLB,0.458,0,0.25,,,,,,,none,,,0,0.7,0,,,,,1,,1,32,0.47,0,,,nflverse snap_counts (not on desk injury list) | game day: nflverse snap_counts + weekly_rosters
2026,2,2026_02_NO_BAL,401872938,BAL,NO,Nnamdi Madubuike,00-0036130,MaduJu00,4035245,IDL,F7,DL,DT,0,0,0,,,,,,Neck,Out,,LP,1,0.9,0,OUT,1,1,2.92,0,,0,0,0,0,,,data/postmortem/locks/2026-w02-no-bal.json | game day: nflverse snap_counts + weekly_rosters
2026,2,2026_02_NO_BAL,401872938,BAL,NO,Roquan Smith,00-0034874,SmitRo07,3915189,LB,F7,LB,ILB,0.968,1,1,,,,,,,none,,,0,0.7,0,,,,,1,,1,68,1,0,,,nflverse snap_counts (not on desk injury list) | game day: nflverse snap_counts + weekly_rosters
2026,2,2026_02_NO_BAL,401872938,BAL,NO,Tavius Robinson,00-0038505,RobiTa00,4690179,LB,F7,LB,OLB,0.75,1,1,,,,,,,none,,,0,0.7,0,,,,,1,,1,53,0.78,0,,,nflverse snap_counts (not on desk injury list) | game day: nflverse snap_counts + weekly_rosters
2026,2,2026_02_NO_BAL,401872938,BAL,NO,Teddye Buchanan,00-0040069,BuchTe00,4698244,LB,F7,LB,ILB,0,0,0,,,,,,Knee,Out,,LP,1,0.7,0,OUT,1,1,0.5,0,,0,0,0,0,,,data/postmortem/locks/2026-w02-no-bal.json | game day: nflverse snap_counts + weekly_rosters
2026,2,2026_02_NO_BAL,401872938,BAL,NO,Travis Jones,00-0037756,JoneTr00,4362139,DL,F7,DL,NT,0.75,1,1,,,,,,,none,,,0,0.9,0,,,,,1,,1,38,0.56,0,,,nflverse snap_counts (not on desk injury list) | game day: nflverse snap_counts + weekly_rosters
2026,2,2026_02_NO_BAL,401872938,BAL,NO,Trenton Simpson,00-0038504,SimpTr00,4430831,LB,F7,LB,ILB,0.66,1,0.75,,,,,,,none,,,0,0.7,0,,,,,1,,1,42,0.62,0,,,nflverse snap_counts (not on desk injury list) | game day: nflverse snap_counts + weekly_rosters
2026,2,2026_02_NO_BAL,401872938,BAL,NO,Trey Hendrickson,00-0033935,HendTr00,3052743,EDGE1,F7,EDGE,OLB,0.185,0,0,,,,,,Finger,Questionable,,LP,0.24,0.7,0,QUESTIONABLE,1,0.35,1.27,1,,1,36,0.53,0,,,data/postmortem/locks/2026-w02-no-bal.json | game day: nflverse snap_counts + weekly_rosters
2026,2,2026_02_NO_BAL,401872938,BAL,NO,Andrew Vorhees,00-0038383,VorhAn00,,OL,OL,G/C,G,0.627,1,0.75,,,,,,,none,,,0,0.8,0,,,,,0,,0,0,0,0,,,nflverse snap_counts (not on desk injury list) | game day: nflverse snap_counts + weekly_rosters
2026,2,2026_02_NO_BAL,401872938,BAL,NO,John Simpson,00-0036369,SimpJo00,,OG,OL,G/C,G,0.25,0,0,,,,,,Groin,Questionable,,LP,0.24,0.8,0,QUESTIONABLE,1,0.35,0.07,1,,1,58,1,0,,,data/postmortem/locks/2026-w02-no-bal.json | game day: nflverse snap_counts + weekly_rosters
2026,2,2026_02_NO_BAL,401872938,BAL,NO,Roger Rosengarten,00-0039233,RoseRo01,,T,OL,T,T,1,1,1,,,,,,,none,,,0,1,0,,,,,1,,1,58,1,0,,,nflverse snap_counts (not on desk injury list) | game day: nflverse snap_counts + weekly_rosters
2026,2,2026_02_NO_BAL,401872938,BAL,NO,Ronnie Stanley,00-0032965,StanRo00,,LT,OL,T,T,0.998,1,1,,,,,,Toe,Questionable,,LP,0.24,1,0.24,QUESTIONABLE,1,0.35,1.09,1,,1,46,0.79,0,,,data/postmortem/locks/2026-w02-no-bal.json | game day: nflverse snap_counts + weekly_rosters
2026,2,2026_02_DET_BUF,401872932,BUF,DET,Deone Walker,00-0040710,WalkDe04,4831989,DT,F7,DL,DT,0.517,0,0.25,,,,,,,none,,,0,0.9,0,,,,,1,,1,44,0.68,0,,,nflverse snap_counts (not on desk injury list) | game day: nflverse snap_counts + weekly_rosters
2026,2,2026_02_DET_BUF,401872932,BUF,DET,Dorian Williams,00-0038557,WillDo04,4568624,LB,F7,LB,ILB,0.512,0,0.25,,,,,,,none,,,0,0.7,0,,,,,1,,1,37,0.57,0,,,nflverse snap_counts (not on desk injury list) | game day: nflverse snap_counts + weekly_rosters
2026,2,2026_02_DET_BUF,401872932,BUF,DET,T.J. Sanders,00-0040724,SandTJ00,4684527,IDL,F7,DL,DE,0.3,0,0,,,,,,Knee,Questionable,,LP,0.24,0.9,0,QUESTIONABLE,1,0.35,0.28,0,,0,0,0,0,,,data/postmortem/locks/2026-w02-det-buf.json | game day: nflverse snap_counts + weekly_rosters
2026,2,2026_02_DET_BUF,401872932,BUF,DET,Terrel Bernard,00-0037254,BernTe00,4259166,LB,F7,LB,ILB,0.25,0,0,,,,,,,Probable,,LP,0,0.7,0,PROBABLE,1,0,0,1,,1,65,1,0,,,data/postmortem/locks/2026-w02-det-buf.json | game day: nflverse snap_counts + weekly_rosters
2026,2,2026_02_DET_BUF,401872932,BUF,DET,Alec Anderson,00-0037428,AndeAl01,,T,OL,T,G,0.56,0,0.25,,,,,,,none,,,0,1,0,,,,,1,,1,74,1,0,,,nflverse snap_counts (not on desk injury list) | game day: nflverse snap_counts + weekly_rosters
2026,2,2026_02_DET_BUF,401872932,BUF,DET,Connor McGovern,00-0035679,McGoCo01,,G,OL,G/C,C,0.713,1,0.75,,,,,,,none,,,0,0.8,0,,,,,1,,1,74,1,0,,,nflverse snap_counts (not on desk injury list) | game day: nflverse snap_counts + weekly_rosters
2026,2,2026_02_DET_BUF,401872932,BUF,DET,Dion Dawkins,00-0033904,DawkDi00,,T,OL,T,T,0.75,1,1,,,,,,,none,,,0,1,0,,,,,1,,1,74,1,0,,,nflverse snap_counts (not on desk injury list) | game day: nflverse snap_counts + weekly_rosters
2026,2,2026_02_DET_BUF,401872932,BUF,DET,O'Cyrus Torrence,00-0038548,TorrOC00,,G,OL,G/C,G,1,1,1,,,,,,,none,,,0,0.8,0,,,,,1,,1,74,1,0,,,nflverse snap_counts (not on desk injury list) | game day: nflverse snap_counts + weekly_rosters
2026,2,2026_02_DET_BUF,401872932,BUF,DET,Spencer Brown,00-0036976,BrowSp00,,T,OL,T,T,0.76,1,1,,,,,,,none,,,0,1,0,,,,,1,,1,74,1,0,,,nflverse snap_counts (not on desk injury list) | game day: nflverse snap_counts + weekly_rosters
2026,2,2026_02_CAR_ATL,401872933,CAR,ATL,Bobby Brown III,00-0036903,BrowBo04,4372518,IDL,F7,DL,DT,0.378,0,0,,,,,,Back,Out,,DNP,1,0.9,0,OUT,1,1,0.2,0,,0,0,0,0,,,data/postmortem/locks/2026-w02-car-atl.json | game day: nflverse snap_counts + weekly_rosters
2026,2,2026_02_CAR_ATL,401872933,CAR,ATL,Claudin Cherelus,00-0038493,CherCl00,4256224,LB,F7,LB,ILB,0.323,0,0,,,,,,,none,,,0,0.7,0,,,,,1,,0,0,0,0,,,nflverse snap_counts (not on desk injury list) | game day: nflverse snap_counts + weekly_rosters
2026,2,2026_02_CAR_ATL,401872933,CAR,ATL,Derrick Brown,00-0036220,BrowDe05,4035495,DT,F7,DL,DE,0.85,1,1,,,,,,,none,,,0,0.9,0,,,,,1,,1,40,0.58,0,,,nflverse snap_counts (not on desk injury list) | game day: nflverse snap_counts + weekly_rosters
2026,2,2026_02_CAR_ATL,401872933,CAR,ATL,Nic Scourton,00-0040746,ScouNi00,4833355,LB,F7,LB,OLB,0.565,0,0.25,,,,,,,none,,,0,0.7,0,,,,,0,,0,0,0,0,,,nflverse snap_counts (not on desk injury list) | game day: nflverse snap_counts + weekly_rosters
2026,2,2026_02_CAR_ATL,401872933,CAR,ATL,Patrick Jones II,00-0037007,JonePa00,4036063,LB,F7,LB,OLB,0,0,0,,,,,,Back,Questionable,,LP,0.24,0.7,0,QUESTIONABLE,1,0.35,0.17,0,,0,0,0,0,,,data/postmortem/locks/2026-w02-car-atl.json | game day: nflverse snap_counts + weekly_rosters
2026,2,2026_02_CAR_ATL,401872933,CAR,ATL,Tershawn Wharton,00-0035890,WharTe00,4058925,IDL,F7,DL,DT,0.165,0,0,,,,,,,Pup,,unknown,1,0.9,0,PUP,1,1,0.8,0,,0,0,0,0,,,data/postmortem/locks/2026-w02-car-atl.json | game day: nflverse snap_counts + weekly_rosters
2026,2,2026_02_CAR_ATL,401872933,CAR,ATL,Trevis Gipson,00-0036305,GipsTr00,3917016,LB,F7,LB,OLB,0.36,0,0,,,,,,,none,,,0,0.7,0,,,,,1,,1,26,0.38,0,,,nflverse snap_counts (not on desk injury list) | game day: nflverse snap_counts + weekly_rosters
2026,2,2026_02_CAR_ATL,401872933,CAR,ATL,Brady Christensen,00-0036968,ChriBr00,,OG,OL,G/C,G,0,0,0,,,,,,,IR,,unknown,1,0.8,0,IR,1,1,0.2,0,,0,0,0,0,,,data/postmortem/locks/2026-w02-car-atl.json | game day: nflverse snap_counts + weekly_rosters
2026,2,2026_02_CAR_ATL,401872933,CAR,ATL,Damien Lewis,00-0036417,LewiDa05,,G,OL,G/C,G,0.992,1,1,,,,,,,none,,,0,0.8,0,,,,,1,,1,63,0.95,0,,,nflverse snap_counts (not on desk injury list) | game day: nflverse snap_counts + weekly_rosters
2026,2,2026_02_CAR_ATL,401872933,CAR,ATL,Ikem Ekwonu,00-0037229,EkwoIk00,,LT,OL,T,T,0.53,0,0.25,,,,,,,Pup,,unknown,1,1,0.25,PUP,1,1,1.62,0,,0,0,0,0,,,data/postmortem/locks/2026-w02-car-atl.json | game day: nflverse snap_counts + weekly_rosters
2026,2,2026_02_CAR_ATL,401872933,CAR,ATL,Robert Hunt,00-0036325,HuntRo01,,G,OL,G/C,G,0.415,0,0,,,,,,,none,,,0,0.8,0,,,,,1,,1,65,0.98,0,,,nflverse snap_counts (not on desk injury list) | game day: nflverse snap_counts + weekly_rosters
2026,2,2026_02_CAR_ATL,401872933,CAR,ATL,Taylor Moton,00-0033284,MotoTa00,,RT,OL,T,T,0.75,1,1,,,,,,,Nfi,,unknown,1,1,1,NFI,1,1,1.62,0,,0,0,0,0,,,data/postmortem/locks/2026-w02-car-atl.json | game day: nflverse snap_counts + weekly_rosters
2026,2,2026_02_MIN_CHI,401872937,CHI,MIN,Austin Booker,00-0039840,BookAu00,4683553,DL,F7,DL,DE,0.82,1,1,,,,,,,none,,,0,0.9,0,,,,,1,,1,19,0.37,1,,,nflverse snap_counts (not on desk injury list) | game day: nflverse snap_counts + weekly_rosters
2026,2,2026_02_MIN_CHI,401872937,CHI,MIN,D'Marco Jackson,00-0037271,JackDM00,4241007,LB,F7,LB,OLB,0.483,0,0.25,,,,,,,none,,,0,0.7,0,,,,,1,,1,25,0.48,0,,,nflverse snap_counts (not on desk injury list) | game day: nflverse snap_counts + weekly_rosters
2026,2,2026_02_MIN_CHI,401872937,CHI,MIN,Grady Jarrett,00-0031583,JarrGr00,2576492,DL,F7,DL,DT,0.76,1,1,,,,,,,none,,FP,0,0.9,0,,,,,1,,1,37,0.71,0,,,nflverse snap_counts (not on desk injury list) | game day: nflverse snap_counts + weekly_rosters
2026,2,2026_02_MIN_CHI,401872937,CHI,MIN,Montez Sweat,00-0035647,SweaMo00,3134690,DL,F7,DL,DE,0.755,1,1,,,,,,,none,,,0,0.9,0,,,,,1,,1,36,0.69,0,,,nflverse snap_counts (not on desk injury list) | game day: nflverse snap_counts + weekly_rosters
2026,2,2026_02_MIN_CHI,401872937,CHI,MIN,T.J. Edwards,00-0035386,EdwaTJ02,3121544,LB,F7,LB,OLB,0.535,0,0.25,,,,,,,none,,,0,0.7,0,,,,,1,,1,52,1,0,,,nflverse snap_counts (not on desk injury list) | game day: nflverse snap_counts + weekly_rosters
2026,2,2026_02_MIN_CHI,401872937,CHI,MIN,Darnell Wright,00-0038932,WrigDa00,,OL,OL,G/C,T,1,1,1,,,,,,,none,,FP,0,0.8,0,,,,,1,,1,74,1,0,,,nflverse snap_counts (not on desk injury list) | game day: nflverse snap_counts + weekly_rosters
2026,2,2026_02_MIN_CHI,401872937,CHI,MIN,Joe Thuney,00-0032391,ThunJo00,,OL,OL,G/C,G,1,1,1,,,,,,,none,,FP,0,0.8,0,,,,,1,,1,74,1,0,,,nflverse snap_counts (not on desk injury list) | game day: nflverse snap_counts + weekly_rosters
2026,2,2026_02_MIN_CHI,401872937,CHI,MIN,Jonah Jackson,00-0036258,JackJo03,,OL,OL,G/C,G,1,1,1,,,,,,,none,,,0,0.8,0,,,,,1,,1,74,1,0,,,nflverse snap_counts (not on desk injury list) | game day: nflverse snap_counts + weekly_rosters
2026,2,2026_02_MIN_CHI,401872937,CHI,MIN,Theo Benedet,00-0039459,BeneTh00,,OL,OL,G/C,T,0.338,0,0,,,,,,,none,,,0,0.8,0,,,,,1,,1,19,0.26,0,,,nflverse snap_counts (not on desk injury list) | game day: nflverse snap_counts + weekly_rosters
2026,2,2026_02_CIN_HOU,401872934,CIN,HOU,B.J. Hill,00-0034800,HillB.00,3116748,IDL,F7,DL,DT,0.432,0,0,,,,,,Achilles,Questionable,,DNP,0.45,0.9,0,QUESTIONABLE,1,0.35,0.07,0,,0,0,0,0,,,data/postmortem/locks/2026-w02-cin-hou.json | game day: nflverse snap_counts + weekly_rosters
2026,2,2026_02_CIN_HOU,401872934,CIN,HOU,Barrett Carter,00-0040157,CartBa00,4431519,LB,F7,LB,ILB,0.863,1,1,,,,,,,none,,,0,0.7,0,,,,,1,,1,80,1,0,,,nflverse snap_counts (not on desk injury list) | game day: nflverse snap_counts + weekly_rosters
2026,2,2026_02_CIN_HOU,401872934,CIN,HOU,Cedric Johnson,00-0039752,JohnCe01,4430065,DE,F7,EDGE,DE,0.453,0,0.25,,,,,,,none,,,0,0.7,0,,,,,1,,1,23,0.29,0,,,nflverse snap_counts (not on desk injury list) | game day: nflverse snap_counts + weekly_rosters
2026,2,2026_02_CIN_HOU,401872934,CIN,HOU,Demetrius Knight,00-0040738,KnigDe00,4427729,LB,F7,LB,ILB,0.723,1,0.75,,,,,,,none,,,0,0.7,0,,,,,1,,1,72,0.9,0,,,nflverse snap_counts (not on desk injury list) | game day: nflverse snap_counts + weekly_rosters
2026,2,2026_02_CIN_HOU,401872934,CIN,HOU,Myles Murphy,00-0038546,MurpMy00,4428985,DE,F7,EDGE,DE,0.647,1,0.75,,,,,,,none,,,0,0.7,0,,,,,1,,1,45,0.56,0,,,nflverse snap_counts (not on desk injury list) | game day: nflverse snap_counts + weekly_rosters
2026,2,2026_02_CIN_HOU,401872934,CIN,HOU,Shemar Stewart,00-0040756,StewSh00,4685562,DE,F7,EDGE,DE,0.46,0,0.25,,,,,,,none,,FP,0,0.7,0,,,,,1,,1,5,0.06,0,,,nflverse snap_counts (not on desk injury list) | game day: nflverse snap_counts + weekly_rosters
2026,2,2026_02_CIN_HOU,401872934,CIN,HOU,Tedarrell Slaton,00-0036642,SlatTe00,4240612,DT,F7,DL,DT,0.432,0,0,,,,,,,none,,,0,0.9,0,,,,,1,,1,27,0.34,0,,,nflverse snap_counts (not on desk injury list) | game day: nflverse snap_counts + weekly_rosters
2026,2,2026_02_CIN_HOU,401872934,CIN,HOU,Amarius Mims,00-0039925,MimsAm00,,T,OL,T,T,0.92,1,1,,,,,,,none,,,0,1,0,,,,,1,,1,57,0.95,0,,,nflverse snap_counts (not on desk injury list) | game day: nflverse snap_counts + weekly_rosters
2026,2,2026_02_CIN_HOU,401872934,CIN,HOU,Brian Parker II,00-0041098,ParkBr02,,RT,OL,G/C,G,0,0,0,,,,,,,IR,,unknown,1,0.8,0,IR,1,1,1,0,,0,0,0,0,,,data/postmortem/locks/2026-w02-cin-hou.json | game day: nflverse snap_counts + weekly_rosters
2026,2,2026_02_CIN_HOU,401872934,CIN,HOU,Dalton Risner,00-0035702,RisnDa00,,G,OL,G/C,G,0.958,1,1,,,,,,,none,,,0,0.8,0,,,,,1,,1,60,1,0,,,nflverse snap_counts (not on desk injury list) | game day: nflverse snap_counts + weekly_rosters
2026,2,2026_02_CIN_HOU,401872934,CIN,HOU,Dylan Fairchild,00-0040140,FairDy00,,G,OL,G/C,G,0.975,1,1,,,,,,,none,,,0,0.8,0,,,,,1,,1,60,1,0,,,nflverse snap_counts (not on desk injury list) | game day: nflverse snap_counts + weekly_rosters
2026,2,2026_02_CIN_HOU,401872934,CIN,HOU,Orlando Brown Jr.,00-0034752,BrowOr00,,T,OL,T,T,1,1,1,,,,,,,none,,,0,1,0,,,,,1,,1,60,1,0,,,nflverse snap_counts (not on desk injury list) | game day: nflverse snap_counts + weekly_rosters
2026,2,2026_02_CIN_HOU,401872934,CIN,HOU,Ted Karras,00-0032445,KarrTe00,,C,OL,G/C,C,1,1,1,,,,,,,none,,,0,0.8,0,,,,,1,,1,60,1,0,,,nflverse snap_counts (not on desk injury list) | game day: nflverse snap_counts + weekly_rosters
2026,2,2026_02_CLE_TB,401872935,CLE,TB,Adin Huntington,00-0040255,HuntAd00,4605792,DT,F7,DL,DT,0.333,0,0,,,,,,,none,,,0,0.9,0,,,,,1,,1,22,0.34,0,,,nflverse snap_counts (not on desk injury list) | game day: nflverse snap_counts + weekly_rosters
2026,2,2026_02_CLE_TB,401872935,CLE,TB,Alex Wright,00-0037251,WrigAl01,4570119,DE,F7,EDGE,DE,0.51,0,0.25,,,,,,,none,,,0,0.7,0,,,,,0,,0,0,0,0,,,nflverse snap_counts (not on desk injury list) | game day: nflverse snap_counts + weekly_rosters
2026,2,2026_02_CLE_TB,401872935,CLE,TB,Carson Schwesinger,00-0040579,SchwCa00,4876017,LB,F7,LB,MLB,0.75,1,1,,,,,,,none,,,0,0.7,0,,,,,1,,1,65,1,0,,,nflverse snap_counts (not on desk injury list) | game day: nflverse snap_counts + weekly_rosters
2026,2,2026_02_CLE_TB,401872935,CLE,TB,Isaiah McGuire,00-0038574,McGuIs00,4427963,DE,F7,EDGE,DE,0.315,0,0,,,,,,,none,,,0,0.7,0,,,,,1,,1,40,0.62,0,,,nflverse snap_counts (not on desk injury list) | game day: nflverse snap_counts + weekly_rosters
2026,2,2026_02_CLE_TB,401872935,CLE,TB,Jeremiah Owusu-Koramoah,00-0036915,OwusJe00,4258599,LB,F7,EDGE,OLB,0,0,0,,,,,,,Out,,unknown,1,0.7,0,OUT,1,1,0.87,0,,0,0,0,0,,,data/postmortem/locks/2026-w02-cle-tb.json | game day: nflverse snap_counts + weekly_rosters
2026,2,2026_02_CLE_TB,401872935,CLE,TB,Mason Graham,00-0040685,GrahMa00,4873232,DT,F7,DL,DT,0.753,1,1,,,,,,,none,,,0,0.9,0,,,,,1,,1,41,0.63,0,,,nflverse snap_counts (not on desk injury list) | game day: nflverse snap_counts + weekly_rosters
2026,2,2026_02_CLE_TB,401872935,CLE,TB,Kendrick Green,00-0036983,GreeKe02,,OG,OL,G/C,C,0,0,0,,,,,,,IR,,unknown,1,0.8,0,IR,1,1,0.5,0,,0,0,0,0,,,data/postmortem/locks/2026-w02-cle-tb.json | game day: nflverse snap_counts + weekly_rosters
2026,2,2026_02_CLE_TB,401872935,CLE,TB,Luke Wypler,00-0038609,WyplLu00,,C,OL,G/C,C,0.667,1,0.75,,,,,,,none,,,0,0.8,0,,,,,1,,0,0,0,0,,,nflverse snap_counts (not on desk injury list) | game day: nflverse snap_counts + weekly_rosters
2026,2,2026_02_CLE_TB,401872935,CLE,TB,Teven Jenkins,00-0036953,JenkTe00,,OG,OL,G/C,G,0.65,1,0.75,,,,,,Back,Out,,DNP,1,0.8,0.6,OUT,1,1,0.2,0,,0,0,0,0,,,data/postmortem/locks/2026-w02-cle-tb.json | game day: nflverse snap_counts + weekly_rosters
2026,2,2026_02_WAS_DAL,401872944,DAL,WSH,DeMarvion Overshown,00-0038556,OverDe00,4362088,LB,F7,LB,ILB,0.207,0,0,,,,,,Hamstring,Out,,DNP,1,0.7,0,OUT,1,1,0.2,0,,0,0,0,0,,,data/postmortem/locks/2026-w02-wsh-dal.json | game day: nflverse snap_counts + weekly_rosters
2026,2,2026_02_WAS_DAL,401872944,DAL,WSH,Donovan Ezeiruaku,00-0040725,EzeiDo00,4683848,DE,F7,EDGE,OLB,0.53,0,0.25,,,,,,,none,,,0,0.7,0,,,,,1,,1,49,0.69,0,,,nflverse snap_counts (not on desk injury list) | game day: nflverse snap_counts + weekly_rosters
2026,2,2026_02_WAS_DAL,401872944,DAL,WSH,Kenny Clark,00-0033120,ClarKe01,3122752,DT,F7,DL,DT,0.72,1,0.75,,,,,,,none,,,0,0.9,0,,,,,1,,1,49,0.69,0,,,nflverse snap_counts (not on desk injury list) | game day: nflverse snap_counts + weekly_rosters
2026,2,2026_02_WAS_DAL,401872944,DAL,WSH,Quinnen Williams,00-0035718,WillQu00,4040982,DT,F7,DL,DT,0.515,0,0.25,,,,,,,none,,,0,0.9,0,,,,,1,,1,50,0.7,0,,,nflverse snap_counts (not on desk injury list) | game day: nflverse snap_counts + weekly_rosters
2026,2,2026_02_WAS_DAL,401872944,DAL,WSH,Shemar James,00-0040011,JameSh00,4685400,LB,F7,LB,ILB,0.642,1,0.75,,,,,,,none,,,0,0.7,0,,,,,1,,1,38,0.54,0,,,nflverse snap_counts (not on desk injury list) | game day: nflverse snap_counts + weekly_rosters
2026,2,2026_02_WAS_DAL,401872944,DAL,WSH,Cooper Beebe,00-0039348,BeebCo00,,C,OL,G/C,C,0.983,1,1,,,,,,,none,,,0,0.8,0,,,,,1,,1,55,1,0,,,nflverse snap_counts (not on desk injury list) | game day: nflverse snap_counts + weekly_rosters
2026,2,2026_02_WAS_DAL,401872944,DAL,WSH,T.J. Bass,00-0038731,BassTJ00,,G,OL,G/C,G,0.75,1,1,,,,,,,none,,,0,0.8,0,,,,,1,,1,55,1,0,,,nflverse snap_counts (not on desk injury list) | game day: nflverse snap_counts + weekly_rosters
2026,2,2026_02_WAS_DAL,401872944,DAL,WSH,Terence Steele,00-0036036,SteeTe01,,T,OL,T,T,0.995,1,1,,,,,,,none,,,0,1,0,,,,,1,,1,55,1,0,,,nflverse snap_counts (not on desk injury list) | game day: nflverse snap_counts + weekly_rosters
2026,2,2026_02_WAS_DAL,401872944,DAL,WSH,Tyler Booker,00-0040007,BookTy00,,G,OL,G/C,G,1,1,1,,,,,,,none,,,0,0.8,0,,,,,1,,1,55,1,0,,,nflverse snap_counts (not on desk injury list) | game day: nflverse snap_counts + weekly_rosters
2026,2,2026_02_WAS_DAL,401872944,DAL,WSH,Tyler Smith,00-0037243,SmitTy02,,OL,OL,G/C,G,0.74,1,0.75,,,,,,,none,,,0,0.8,0,,,,,0,,0,0,0,0,,,nflverse snap_counts (not on desk injury list) | game day: nflverse snap_counts + weekly_rosters
2026,2,2026_02_JAX_DEN,401872940,DEN,JAX,Alex Singleton,00-0031898,SingAl00,2612151,LB,F7,LB,ILB,0.938,1,1,,,,,,,none,,,0,0.7,0,,,,,1,,1,59,1,0,,,nflverse snap_counts (not on desk injury list) | game day: nflverse snap_counts + weekly_rosters
2026,2,2026_02_JAX_DEN,401872940,DEN,JAX,D.J. Jones,00-0033297,JoneD.01,3894915,DT,F7,DL,DT,0.448,0,0,,,,,,,none,,,0,0.9,0,,,,,1,,1,25,0.42,0,,,nflverse snap_counts (not on desk injury list) | game day: nflverse snap_counts + weekly_rosters
2026,2,2026_02_JAX_DEN,401872940,DEN,JAX,Dondrea Tillman,00-0037799,TillDo00,5216101,LB,F7,LB,OLB,0.435,0,0,,,,,,,none,,,0,0.7,0,,,,,1,,1,18,0.31,0,,,nflverse snap_counts (not on desk injury list) | game day: nflverse snap_counts + weekly_rosters
2026,2,2026_02_JAX_DEN,401872940,DEN,JAX,Eyioma Uwazurike,00-0038106,UwazEy00,4066109,DL,F7,DL,DE,0.483,0,0.25,,,,,,,none,,,0,0.9,0,,,,,1,,1,27,0.46,0,,,nflverse snap_counts (not on desk injury list) | game day: nflverse snap_counts + weekly_rosters
2026,2,2026_02_JAX_DEN,401872940,DEN,JAX,Jonah Elliss,00-0039809,ElliJo03,4687592,LB,F7,LB,OLB,0.463,0,0.25,,,,,,,none,,FP,0,0.7,0,,,,,1,,1,41,0.69,0,,,nflverse snap_counts (not on desk injury list) | game day: nflverse snap_counts + weekly_rosters
2026,2,2026_02_JAX_DEN,401872940,DEN,JAX,Jonathon Cooper,00-0036952,CoopJo02,4040608,LB,F7,LB,OLB,0.44,0,0,,,,,,,Out,,unknown,1,0.7,0,OUT,1,1,1.12,,,0,0,0,0,,,data/postmortem/locks/2026-w02-jax-den.json | game day: nflverse snap_counts + weekly_rosters
2026,2,2026_02_JAX_DEN,401872940,DEN,JAX,Justin Strnad,00-0036428,StrnJu00,3919548,LB,F7,LB,ILB,0.59,0,0.25,,,,,,,none,,,0,0.7,0,,,,,1,,1,55,0.93,0,,,nflverse snap_counts (not on desk injury list) | game day: nflverse snap_counts + weekly_rosters
2026,2,2026_02_JAX_DEN,401872940,DEN,JAX,Levelle Bailey,00-0039565,BailLe00,4428241,LB,F7,LB,ILB,0.037,0,0,,,,,,,IR,,unknown,1,0.7,0,IR,1,1,0.5,0,,0,0,0,0,,,data/postmortem/locks/2026-w02-jax-den.json | game day: nflverse snap_counts + weekly_rosters
2026,2,2026_02_JAX_DEN,401872940,DEN,JAX,Malcolm Roach,00-0035763,RoacMa01,4039064,DT,F7,DL,DT,0.515,0,0.25,,,,,,,none,,,0,0.9,0,,,,,1,,1,34,0.58,0,,,nflverse snap_counts (not on desk injury list) | game day: nflverse snap_counts + weekly_rosters
2026,2,2026_02_JAX_DEN,401872940,DEN,JAX,Nik Bonitto,00-0037249,BoniNi00,4360259,LB,F7,LB,OLB,0.508,0,0.25,,,,,,,none,,,0,0.7,0,,,,,1,,1,40,0.68,0,,,nflverse snap_counts (not on desk injury list) | game day: nflverse snap_counts + weekly_rosters
2026,2,2026_02_JAX_DEN,401872940,DEN,JAX,Zach Allen,00-0035248,AlleZa01,3915282,DL,F7,DL,DE,0.608,1,0.75,,,,,,,none,,,0,0.9,0,,,,,1,,1,48,0.81,0,,,nflverse snap_counts (not on desk injury list) | game day: nflverse snap_counts + weekly_rosters
2026,2,2026_02_JAX_DEN,401872940,DEN,JAX,Alex Forsyth,00-0038649,ForsAl00,,C,OL,G/C,C,0.427,0,0,,,,,,,none,,,0,0.8,0,,,,,1,,0,0,0,0,,,nflverse snap_counts (not on desk injury list) | game day: nflverse snap_counts + weekly_rosters
2026,2,2026_02_JAX_DEN,401872940,DEN,JAX,Ben Powers,00-0034978,PoweBe00,,G,OL,G/C,G,1,1,1,,,,,,,none,,,0,0.8,0,,,,,1,,1,62,1,0,,,nflverse snap_counts (not on desk injury list) | game day: nflverse snap_counts + weekly_rosters
2026,2,2026_02_JAX_DEN,401872940,DEN,JAX,Frank Crum,00-0039568,CrumFr00,,RT,OL,T,T,0.075,0,0,,,,,,,IR,,unknown,1,1,0,IR,1,1,1,0,,0,0,0,0,,,data/postmortem/locks/2026-w02-jax-den.json | game day: nflverse snap_counts + weekly_rosters
2026,2,2026_02_JAX_DEN,401872940,DEN,JAX,Garett Bolles,00-0033538,BollGa00,,T,OL,T,T,0.965,1,1,,,,,,,none,,,0,1,0,,,,,1,,1,62,1,0,,,nflverse snap_counts (not on desk injury list) | game day: nflverse snap_counts + weekly_rosters
2026,2,2026_02_JAX_DEN,401872940,DEN,JAX,Luke Wattenberg,00-0037278,WattLu00,,C,OL,G/C,C,0.5,0,0.25,,,,,,,none,,,0,0.8,0,,,,,1,,1,62,1,0,,,nflverse snap_counts (not on desk injury list) | game day: nflverse snap_counts + weekly_rosters
2026,2,2026_02_JAX_DEN,401872940,DEN,JAX,Mike McGlinchey,00-0034847,McGlMi00,,T,OL,T,T,1,1,1,,,,,,,none,,,0,1,0,,,,,1,,1,62,1,0,,,nflverse snap_counts (not on desk injury list) | game day: nflverse snap_counts + weekly_rosters
2026,2,2026_02_JAX_DEN,401872940,DEN,JAX,Nick Gargiulo,00-0039438,GargNi00,,OG,OL,G/C,G,0,0,0,,,,,,,Out,,unknown,1,0.8,0,OUT,1,1,0.5,0,,0,0,0,0,,,data/postmortem/locks/2026-w02-jax-den.json | game day: nflverse snap_counts + weekly_rosters
2026,2,2026_02_JAX_DEN,401872940,DEN,JAX,Quinn Meinerz,00-0037001,MeinQu02,,G,OL,G/C,G,1,1,1,,,,,,,none,,,0,0.8,0,,,,,1,,1,60,0.97,0,,,nflverse snap_counts (not on desk injury list) | game day: nflverse snap_counts + weekly_rosters
2026,2,2026_02_DET_BUF,401872932,DET,BUF,Aidan Hutchinson,00-0037236,HutcAi00,4372099,DE,F7,EDGE,DE,0.847,1,1,,,,,,,none,,,0,0.7,0,,,,,1,,1,63,0.85,0,,,nflverse snap_counts (not on desk injury list) | game day: nflverse snap_counts + weekly_rosters
2026,2,2026_02_DET_BUF,401872932,DET,BUF,Alim McNeill,00-0036624,McNeAl00,4361662,DL,F7,DL,DT,0.485,0,0.25,,,,,,,none,,,0,0.9,0,,,,,1,,1,66,0.89,0,,,nflverse snap_counts (not on desk injury list) | game day: nflverse snap_counts + weekly_rosters
2026,2,2026_02_DET_BUF,401872932,DET,BUF,Derrick Barnes,00-0036964,BarnDe02,4260409,LB,F7,LB,OLB,0.882,1,1,,,,,,,none,,,0,0.7,0,,,,,1,,1,74,1,0,,,nflverse snap_counts (not on desk injury list) | game day: nflverse snap_counts + weekly_rosters
2026,2,2026_02_DET_BUF,401872932,DET,BUF,Jack Campbell,00-0039018,CampJa04,4569465,LB,F7,LB,MLB,1,1,1,,,,,,,none,,,0,0.7,0,,,,,1,,1,74,1,0,,,nflverse snap_counts (not on desk injury list) | game day: nflverse snap_counts + weekly_rosters
2026,2,2026_02_DET_BUF,401872932,DET,BUF,Malcolm Rodriguez,00-0037289,RodrMa00,4241411,LB,F7,LB,OLB,0.335,0,0,,,,,,,none,,,0,0.7,0,,,,,1,,1,15,0.2,0,,,nflverse snap_counts (not on desk injury list) | game day: nflverse snap_counts + weekly_rosters
2026,2,2026_02_DET_BUF,401872932,DET,BUF,Tyleik Williams,00-0040672,WillTy02,4431615,DL,F7,DL,DT,0.373,0,0,,,,,,,none,,,0,0.9,0,,,,,1,,1,47,0.64,0,,,nflverse snap_counts (not on desk injury list) | game day: nflverse snap_counts + weekly_rosters
2026,2,2026_02_DET_BUF,401872932,DET,BUF,Blake Miller,00-0041439,MillBl01,,RT,OL,T,T,0.25,0,0,,,,,,Knee,Out,,DNP,1,1,0,OUT,1,1,0.7,0,,0,0,0,0,,,data/postmortem/locks/2026-w02-det-buf.json | game day: nflverse snap_counts + weekly_rosters
2026,2,2026_02_DET_BUF,401872932,DET,BUF,Cade Mays,00-0037297,MaysCa00,,C,OL,G/C,C,0,0,0,,,,,,,IR,,unknown,1,0.8,0,IR,1,1,0.2,0,,0,0,0,0,,,data/postmortem/locks/2026-w02-det-buf.json | game day: nflverse snap_counts + weekly_rosters
2026,2,2026_02_DET_BUF,401872932,DET,BUF,Christian Mahogany,00-0039408,MahoCh00,,OG,OL,G/C,G,0.762,1,1,,,,,,Hip,Out,,DNP,1,0.8,0.8,OUT,1,1,0.5,0,,0,0,0,0,,,data/postmortem/locks/2026-w02-det-buf.json | game day: nflverse snap_counts + weekly_rosters
2026,2,2026_02_DET_BUF,401872932,DET,BUF,Juice Scruggs,00-0038936,ScruJu00,,OG,OL,G/C,G,0.25,0,0,,,,,,,Probable,,FP,0,0.8,0,PROBABLE,1,0,0,1,,1,65,1,0,,,data/postmortem/locks/2026-w02-det-buf.json | game day: nflverse snap_counts + weekly_rosters
2026,2,2026_02_DET_BUF,401872932,DET,BUF,Penei Sewell,00-0036880,SewePe00,,T,OL,T,T,0.728,1,0.75,,,,,,,none,,,0,1,0,,,,,1,,1,65,1,0,,,nflverse snap_counts (not on desk injury list) | game day: nflverse snap_counts + weekly_rosters
2026,2,2026_02_DET_BUF,401872932,DET,BUF,Tate Ratledge,00-0040728,RatlTa00,,OL,OL,G/C,G,1,1,1,,,,,,,none,,,0,0.8,0,,,,,1,,1,65,1,0,,,nflverse snap_counts (not on desk injury list) | game day: nflverse snap_counts + weekly_rosters
2026,2,2026_02_GB_NYJ,401872936,GB,NYJ,Barryn Sorrell,00-0040010,SorrBa00,4683643,DL,F7,DL,OLB,0.44,0,0,,,,,,,none,,LP,0,0.9,0,,,,,1,,1,31,0.42,0,,,nflverse snap_counts (not on desk injury list) | game day: nflverse snap_counts + weekly_rosters
2026,2,2026_02_GB_NYJ,401872936,GB,NYJ,Brenton Cox,00-0038463,CoxxBr02,4361776,DL,F7,DL,OLB,0.312,0,0,,,,,,,none,,,0,0.9,0,,,,,1,,1,30,0.41,0,,,nflverse snap_counts (not on desk injury list) | game day: nflverse snap_counts + weekly_rosters
2026,2,2026_02_GB_NYJ,401872936,GB,NYJ,Edgerrin Cooper,00-0039850,CoopEd00,4430438,LB,F7,LB,ILB,0.637,1,0.75,,,,,,,none,,,0,0.7,0,,,,,1,,1,74,1,0,,,nflverse snap_counts (not on desk injury list) | game day: nflverse snap_counts + weekly_rosters
2026,2,2026_02_GB_NYJ,401872936,GB,NYJ,Isaiah McDuffie,00-0036658,McDuIs00,4239947,LB,F7,LB,ILB,0.407,0,0,,,,,,,none,,,0,0.7,0,,,,,1,,0,0,0,0,,,nflverse snap_counts (not on desk injury list) | game day: nflverse snap_counts + weekly_rosters
2026,2,2026_02_GB_NYJ,401872936,GB,NYJ,Javon Hargrave,00-0033109,HargJa00,2983055,IDL,F7,DL,DT,0.115,0,0,,,,,,Knee,Doubtful,,DNP,1,0.9,0,OUT,1,1,0.42,0,,0,0,0,0,,,data/postmortem/locks/2026-w02-gb-nyj.json | game day: nflverse snap_counts + weekly_rosters
2026,2,2026_02_GB_NYJ,401872936,GB,NYJ,Karl Brooks,00-0038398,BrooKa00,4373423,DL,F7,DL,DT,0.475,0,0.25,,,,,,,none,,,0,0.9,0,,,,,1,,1,50,0.68,0,,,nflverse snap_counts (not on desk injury list) | game day: nflverse snap_counts + weekly_rosters
2026,2,2026_02_GB_NYJ,401872936,GB,NYJ,Lukas Van Ness,00-0039112,VanNLu00,4686906,DL,F7,DL,OLB,0.47,0,0.25,,,,,,Concussion,Questionable,,LP,0.24,0.9,0.054,,,,,1,,1,54,0.73,0,,,nflverse snap_counts (not on desk injury list) | game day: nflverse snap_counts + weekly_rosters
2026,2,2026_02_GB_NYJ,401872936,GB,NYJ,Micah Parsons,00-0036932,ParsMi00,4361423,EDGE1,F7,DL,OLB,0,0,0,,,,,,,Pup,,unknown,1,0.9,0,PUP,1,1,4.5,0,,0,0,0,0,,,data/postmortem/locks/2026-w02-gb-nyj.json | game day: nflverse snap_counts + weekly_rosters
2026,2,2026_02_GB_NYJ,401872936,GB,NYJ,Warren Brinson,00-0040016,BrinWa00,4429136,IDL,F7,DL,DT,0.367,0,0,,,,,,Calf,Out,,DNP,1,0.9,0,OUT,1,1,0.8,0,,0,0,0,0,,,data/postmortem/locks/2026-w02-gb-nyj.json | game day: nflverse snap_counts + weekly_rosters
2026,2,2026_02_GB_NYJ,401872936,GB,NYJ,Aaron Banks,00-0036551,BankAa00,,OG,OL,G/C,G,0.468,0,0.25,,,,,,Knee,Questionable,,LP,0.24,0.8,0.048,QUESTIONABLE,1,0.35,0.07,1,,1,22,0.37,0,,,data/postmortem/locks/2026-w02-gb-nyj.json | game day: nflverse snap_counts + weekly_rosters
2026,2,2026_02_GB_NYJ,401872936,GB,NYJ,Anthony Belton,00-0040726,BeltAn00,,T,OL,T,T,0.765,1,1,,,,,,,none,,,0,1,0,,,,,1,,1,56,0.95,0,,,nflverse snap_counts (not on desk injury list) | game day: nflverse snap_counts + weekly_rosters
2026,2,2026_02_GB_NYJ,401872936,GB,NYJ,Jacob Monk,00-0039817,MonkJa00,,C,OL,G/C,C,0.532,0,0.25,,,,,,,none,,,0,0.8,0,,,,,1,,1,59,1,0,,,nflverse snap_counts (not on desk injury list) | game day: nflverse snap_counts + weekly_rosters
2026,2,2026_02_GB_NYJ,401872936,GB,NYJ,Jordan Morgan,00-0039904,MorgJo03,,T,OL,T,G,1,1,1,,,,,,,none,,,0,1,0,,,,,1,,1,59,1,0,,,nflverse snap_counts (not on desk injury list) | game day: nflverse snap_counts + weekly_rosters
2026,2,2026_02_GB_NYJ,401872936,GB,NYJ,Sean Rhyan,00-0037076,RhyaSe00,,G,OL,G/C,G,0.708,1,0.75,,,,,,,none,,,0,0.8,0,,,,,1,,1,59,1,0,,,nflverse snap_counts (not on desk injury list) | game day: nflverse snap_counts + weekly_rosters
2026,2,2026_02_GB_NYJ,401872936,GB,NYJ,Zach Bako-Bewele,00-0037817,TomxZa00,,RT,OL,G/C,T,0.25,0,0,,,,,,Knee,Questionable,,LP,0.24,0.8,0,QUESTIONABLE,1,0.35,1.19,1,,1,3,0.05,0,,,data/postmortem/locks/2026-w02-gb-nyj.json | game day: nflverse snap_counts + weekly_rosters
2026,2,2026_02_CIN_HOU,401872934,HOU,CIN,Azeez Al-Shaair,00-0035166,AlShAz00,3919117,LB,F7,LB,MLB,0.828,1,1,,,,,,,none,,,0,0.7,0,,,,,1,,1,60,1,0,,,nflverse snap_counts (not on desk injury list) | game day: nflverse snap_counts + weekly_rosters
2026,2,2026_02_CIN_HOU,401872934,HOU,CIN,Danielle Hunter,00-0031565,HuntDa01,2976560,DE,F7,EDGE,DE,0.633,1,0.75,,,,,,,none,,,0,0.7,0,,,,,1,,1,50,0.83,0,,,nflverse snap_counts (not on desk injury list) | game day: nflverse snap_counts + weekly_rosters
2026,2,2026_02_CIN_HOU,401872934,HOU,CIN,Henry To'oTo'o,00-0038599,TooTHe00,4426350,LB,F7,LB,OLB,0.85,1,1,,,,,,,IR,,unknown,1,0.7,0.7,IR,1,1,0.5,0,,0,0,0,0,,,data/postmortem/locks/2026-w02-cin-hou.json | game day: nflverse snap_counts + weekly_rosters
2026,2,2026_02_CIN_HOU,401872934,HOU,CIN,Jadeveon Clowney,00-0031364,ClowJa00,16734,EDGE1,F7,EDGE,DE,0.085,0,0,,,,,,Knee,Out,,DNP,1,0.7,0,OUT,1,1,1.12,0,,0,0,0,0,,,data/postmortem/locks/2026-w02-cin-hou.json | game day: nflverse snap_counts + weekly_rosters
2026,2,2026_02_CIN_HOU,401872934,HOU,CIN,Jake Hummel,,HummJa00,,LB,F7,LB,,0,0,0,,,,,,,Out,,unknown,1,0.7,0,OUT,1,1,0.5,,,0,0,0,0,,,data/postmortem/locks/2026-w02-cin-hou.json | game day: nflverse snap_counts + weekly_rosters
2026,2,2026_02_CIN_HOU,401872934,HOU,CIN,Kayden McDonald,00-0041440,McDoKa00,4870893,IDL,F7,DL,DT,0,0,0,,,,,,,IR,,unknown,1,0.9,0,IR,1,1,0.8,0,,0,0,0,0,,,data/postmortem/locks/2026-w02-cin-hou.json | game day: nflverse snap_counts + weekly_rosters
2026,2,2026_02_CIN_HOU,401872934,HOU,CIN,Sheldon Rankins,00-0032759,RankSh00,2970204,DT,F7,DL,DT,0.617,1,0.75,,,,,,,none,,,0,0.9,0,,,,,1,,1,44,0.73,0,,,nflverse snap_counts (not on desk injury list) | game day: nflverse snap_counts + weekly_rosters
2026,2,2026_02_CIN_HOU,401872934,HOU,CIN,Tommy Togiai,00-0036883,TogiTo00,4361366,DT,F7,DL,DT,0.63,1,0.75,,,,,,,none,,,0,0.9,0,,,,,1,,1,35,0.58,0,,,nflverse snap_counts (not on desk injury list) | game day: nflverse snap_counts + weekly_rosters
2026,2,2026_02_CIN_HOU,401872934,HOU,CIN,Will Anderson,00-0039108,AndeWi01,4685724,DE,F7,EDGE,DE,0.64,1,0.75,,,,,,,none,,LP,0,0.7,0,,,,,1,,1,47,0.78,0,,,nflverse snap_counts (not on desk injury list) | game day: nflverse snap_counts + weekly_rosters
2026,2,2026_02_CIN_HOU,401872934,HOU,CIN,Aireontae Ersery,00-0040745,ErseAi00,,T,OL,T,T,1,1,1,,,,,,,none,,,0,1,0,,,,,1,,1,80,1,0,,,nflverse snap_counts (not on desk injury list) | game day: nflverse snap_counts + weekly_rosters
2026,2,2026_02_CIN_HOU,401872934,HOU,CIN,Ed Ingram,00-0038131,IngrEd00,,OG,OL,G/C,G,0.948,1,1,,,,,,Groin,Out,,DNP,1,0.8,0.8,OUT,1,1,0.2,0,,0,0,0,0,,,data/postmortem/locks/2026-w02-cin-hou.json | game day: nflverse snap_counts + weekly_rosters
2026,2,2026_02_CIN_HOU,401872934,HOU,CIN,Jake Andrews,00-0039030,AndrJa00,,C,OL,G/C,C,0.75,1,1,,,,,,,none,,,0,0.8,0,,,,,1,,0,0,0,0,,,nflverse snap_counts (not on desk injury list) | game day: nflverse snap_counts + weekly_rosters
2026,2,2026_02_CIN_HOU,401872934,HOU,CIN,Trent Brown,00-0032071,BrowTr02,,T,OL,T,T,0.5,0,0.25,,,,,,,none,,FP,0,1,0,,,,,1,,1,80,1,0,,,nflverse snap_counts (not on desk injury list) | game day: nflverse snap_counts + weekly_rosters
2026,2,2026_02_IND_KC,401872945,IND,KC,Adetomiwa Adebawore,00-0039031,AdebAd00,4427635,DT,F7,DL,DT,0.445,0,0,,,,,,,none,,,0,0.9,0,,,,,1,,1,24,0.3,0,,,nflverse snap_counts (not on desk injury list) | game day: nflverse snap_counts + weekly_rosters
2026,2,2026_02_IND_KC,401872945,IND,KC,DeForest Buckner,00-0032378,BuckDe00,2971282,DT,F7,DL,DT,0.355,0,0,,,,,,,none,,DNP,0,0.9,0,,,,,1,,1,64,0.8,0,,,nflverse snap_counts (not on desk injury list) | game day: nflverse snap_counts + weekly_rosters
2026,2,2026_02_IND_KC,401872945,IND,KC,Grover Stewart,00-0033952,StewGr00,4058825,DT,F7,DL,DT,0.613,1,0.75,,,,,,,none,,FP,0,0.9,0,,,,,1,,1,49,0.61,0,,,nflverse snap_counts (not on desk injury list) | game day: nflverse snap_counts + weekly_rosters
2026,2,2026_02_IND_KC,401872945,IND,KC,Laiatu Latu,00-0039340,LatuLa00,4426473,DE,F7,EDGE,DE,0.703,1,0.75,,,,,,,none,,,0,0.7,0,,,,,1,,1,60,0.75,0,,,nflverse snap_counts (not on desk injury list) | game day: nflverse snap_counts + weekly_rosters
2026,2,2026_02_IND_KC,401872945,IND,KC,Bernhard Raimann,00-0037757,RaimBe00,,T,OL,T,T,0.75,1,1,,,,,,,none,,,0,1,0,,,,,1,,1,65,1,0,,,nflverse snap_counts (not on desk injury list) | game day: nflverse snap_counts + weekly_rosters
2026,2,2026_02_IND_KC,401872945,IND,KC,Jalen Travis,00-0040163,TravJa00,,T,OL,T,T,1,1,1,,,,,,,none,,,0,1,0,,,,,1,,1,65,1,0,,,nflverse snap_counts (not on desk injury list) | game day: nflverse snap_counts + weekly_rosters
2026,2,2026_02_IND_KC,401872945,IND,KC,Matt Goncalves,00-0039736,GoncMa00,,G,OL,G/C,G,0.995,1,1,,,,,,,none,,,0,0.8,0,,,,,1,,1,65,1,0,,,nflverse snap_counts (not on desk injury list) | game day: nflverse snap_counts + weekly_rosters
2026,2,2026_02_IND_KC,401872945,IND,KC,Quenton Nelson,00-0034342,NelsQu00,,G,OL,G/C,G,0.983,1,1,,,,,,,none,,,0,0.8,0,,,,,1,,1,65,1,0,,,nflverse snap_counts (not on desk injury list) | game day: nflverse snap_counts + weekly_rosters
2026,2,2026_02_IND_KC,401872945,IND,KC,Tanor Bortolini,00-0039744,BortTa00,,C,OL,G/C,C,0.508,0,0.25,,,,,,,none,,,0,0.8,0,,,,,1,,1,65,1,0,,,nflverse snap_counts (not on desk injury list) | game day: nflverse snap_counts + weekly_rosters
2026,2,2026_02_JAX_DEN,401872940,JAX,DEN,Arik Armstead,00-0032164,ArmsAr01,2971275,DT,F7,DL,DT,0.535,0,0.25,,,,,,,none,,,0,0.9,0,,,,,1,,1,42,0.68,0,,,nflverse snap_counts (not on desk injury list) | game day: nflverse snap_counts + weekly_rosters
2026,2,2026_02_JAX_DEN,401872940,JAX,DEN,B.J. Green II,00-0040329,GreeBJ00,4875266,EDGE1,F7,DL,DE,0.087,0,0,,,,,,,IR,,unknown,1,0.9,0,IR,1,1,1.5,0,,0,0,0,0,,,data/postmortem/locks/2026-w02-jax-den.json | game day: nflverse snap_counts + weekly_rosters
2026,2,2026_02_JAX_DEN,401872940,JAX,DEN,DaVon Hamilton,00-0036262,HamiDa02,3915520,DT,F7,DL,DT,0.41,0,0,,,,,,,none,,,0,0.9,0,,,,,1,,1,37,0.6,0,,,nflverse snap_counts (not on desk injury list) | game day: nflverse snap_counts + weekly_rosters
2026,2,2026_02_JAX_DEN,401872940,JAX,DEN,Dennis Gardeck,00-0034473,GardDe01,4334300,LB,F7,LB,OLB,0.373,0,0,,,,,,,none,,,0,0.7,0,,,,,1,,1,24,0.39,0,,,nflverse snap_counts (not on desk injury list) | game day: nflverse snap_counts + weekly_rosters
2026,2,2026_02_JAX_DEN,401872940,JAX,DEN,Josh Hines-Allen,00-0035642,AlleJo03,3915239,DE,F7,EDGE,DE,0.807,1,1,,,,,,,none,,,0,0.7,0,,,,,1,,1,53,0.85,0,,,nflverse snap_counts (not on desk injury list) | game day: nflverse snap_counts + weekly_rosters
2026,2,2026_02_JAX_DEN,401872940,JAX,DEN,Matt Dickerson,00-0034657,DickMa00,3134316,DL,F7,DL,DT,0.453,0,0.25,,,,,,,none,,,0,0.9,0,,,,,1,,1,26,0.42,0,,,nflverse snap_counts (not on desk injury list) | game day: nflverse snap_counts + weekly_rosters
2026,2,2026_02_JAX_DEN,401872940,JAX,DEN,Travon Walker,00-0037235,WalkTr03,4426349,DE,F7,EDGE,DE,0.78,1,1,,,,,,,none,,,0,0.7,0,,,,,1,,1,51,0.82,0,,,nflverse snap_counts (not on desk injury list) | game day: nflverse snap_counts + weekly_rosters
2026,2,2026_02_JAX_DEN,401872940,JAX,DEN,Anton Harrison,00-0038934,HarrAn00,,OL,OL,G/C,T,1,1,1,,,,,,,none,,,0,0.8,0,,,,,1,,1,59,1,0,,,nflverse snap_counts (not on desk injury list) | game day: nflverse snap_counts + weekly_rosters
2026,2,2026_02_JAX_DEN,401872940,JAX,DEN,Cole Van Lanen,00-0036655,VanxCo00,,OL,OL,G/C,T,0.637,1,0.75,,,,,,,none,,FP,0,0.8,0,,,,,1,,1,59,1,0,,,nflverse snap_counts (not on desk injury list) | game day: nflverse snap_counts + weekly_rosters
2026,2,2026_02_JAX_DEN,401872940,JAX,DEN,Ezra Cleveland,00-0036327,ClevEz00,,OL,OL,G/C,G,0.92,1,1,,,,,,,none,,,0,0.8,0,,,,,1,,1,59,1,0,,,nflverse snap_counts (not on desk injury list) | game day: nflverse snap_counts + weekly_rosters
2026,2,2026_02_JAX_DEN,401872940,JAX,DEN,Robert Hainsey,00-0036985,HainRo00,,OL,OL,G/C,C,0.708,1,0.75,,,,,,,none,,,0,0.8,0,,,,,1,,1,59,1,0,,,nflverse snap_counts (not on desk injury list) | game day: nflverse snap_counts + weekly_rosters
2026,2,2026_02_JAX_DEN,401872940,JAX,DEN,Walker Little,00-0036975,LittWa00,,OL,OL,G/C,T,0.843,1,1,,,,,,,none,,,0,0.8,0,,,,,1,,0,0,0,0,,,nflverse snap_counts (not on desk injury list) | game day: nflverse snap_counts + weekly_rosters
2026,2,2026_02_IND_KC,401872945,KC,IND,Ashton Gillotte,00-0040640,GillAs00,4684432,DE,F7,EDGE,DE,0.562,0,0.25,,,,,,,none,,FP,0,0.7,0,,,,,1,,1,28,0.43,0,,,nflverse snap_counts (not on desk injury list) | game day: nflverse snap_counts + weekly_rosters
2026,2,2026_02_IND_KC,401872945,KC,IND,Chris Jones,00-0032762,JoneCh09,3044859,DT,F7,DL,DT,0.485,0,0.25,,,,,,Calf,Questionable,,LP,0.24,0.9,0.054,,,,,1,,1,44,0.68,0,,,nflverse snap_counts (not on desk injury list) | game day: nflverse snap_counts + weekly_rosters
2026,2,2026_02_IND_KC,401872945,KC,IND,Cooper McDonald,00-0040118,McDoCo01,4567826,LB,F7,LB,MLB,0.195,0,0,,,,,,,IR,,unknown,1,0.7,0,IR,1,1,0.5,0,,0,0,0,0,,,data/postmortem/locks/2026-w02-ind-kc.json | game day: nflverse snap_counts + weekly_rosters
2026,2,2026_02_IND_KC,401872945,KC,IND,Drue Tranquill,00-0035262,TranDr00,3129310,LB,F7,LB,OLB,0.828,1,1,,,,,,,none,,,0,0.7,0,,,,,1,,1,63,0.97,0,,,nflverse snap_counts (not on desk injury list) | game day: nflverse snap_counts + weekly_rosters
2026,2,2026_02_IND_KC,401872945,KC,IND,George Karlaftis III,00-0037192,KarlGe00,4426659,DE,F7,EDGE,DE,0.552,0,0.25,,,,,,,none,,,0,0.7,0,,,,,1,,1,58,0.89,0,,,nflverse snap_counts (not on desk injury list) | game day: nflverse snap_counts + weekly_rosters
2026,2,2026_02_IND_KC,401872945,KC,IND,Nick Bolton,00-0036621,BoltNi00,4362759,LB,F7,LB,MLB,0.998,1,1,,,,,,,none,,,0,0.7,0,,,,,1,,1,65,1,0,,,nflverse snap_counts (not on desk injury list) | game day: nflverse snap_counts + weekly_rosters
2026,2,2026_02_IND_KC,401872945,KC,IND,Omarr Norman-Lott,00-0040748,NormOm00,4591008,IDL,F7,DL,DT,0,0,0,,,,,,,Out,,unknown,1,0.9,0,OUT,1,1,0.8,0,,0,0,0,0,,,data/postmortem/locks/2026-w02-ind-kc.json | game day: nflverse snap_counts + weekly_rosters
2026,2,2026_02_IND_KC,401872945,KC,IND,Creed Humphrey,00-0036623,HumpCr00,,C,OL,G/C,C,1,1,1,,,,,,,none,,,0,0.8,0,,,,,1,,1,80,1,0,,,nflverse snap_counts (not on desk injury list) | game day: nflverse snap_counts + weekly_rosters
2026,2,2026_02_IND_KC,401872945,KC,IND,Kingsley Suamataia,00-0039844,SuamKi00,,T,OL,T,G,1,1,1,,,,,,,none,,,0,1,0,,,,,1,,1,80,1,0,,,nflverse snap_counts (not on desk injury list) | game day: nflverse snap_counts + weekly_rosters
2026,2,2026_02_IND_KC,401872945,KC,IND,Trey Smith,00-0036660,SmitTr05,,G,OL,G/C,G,0.75,1,1,,,,,,,none,,,0,0.8,0,,,,,1,,1,80,1,0,,,nflverse snap_counts (not on desk injury list) | game day: nflverse snap_counts + weekly_rosters
2026,2,2026_02_LV_LAC,401872941,LAC,LV,Daiyan Henley,00-0038553,HenlDa00,4241597,LB,F7,LB,ILB,0.718,1,0.75,,,,,,,none,,,0,0.7,0,,,,,1,,1,53,0.84,0,,,nflverse snap_counts (not on desk injury list) | game day: nflverse snap_counts + weekly_rosters
2026,2,2026_02_LV_LAC,401872941,LAC,LV,Del'Shawn Phillips,00-0035202,PhilDe00,4240528,LB,F7,LB,ILB,0.43,0,0,,,,,,,none,,,0,0.7,0,,,,,1,,1,40,0.63,0,,,nflverse snap_counts (not on desk injury list) | game day: nflverse snap_counts + weekly_rosters
2026,2,2026_02_LV_LAC,401872941,LAC,LV,Jamaree Caldwell,00-0040144,CaldJa00,5089178,DT,F7,DL,DT,0.525,0,0.25,,,,,,,none,,,0,0.9,0,,,,,1,,1,35,0.56,0,,,nflverse snap_counts (not on desk injury list) | game day: nflverse snap_counts + weekly_rosters
2026,2,2026_02_LV_LAC,401872941,LAC,LV,Justin Eboigbe,00-0039835,EboiJu00,4567138,DL,F7,DL,DE,0.427,0,0,,,,,,,none,,,0,0.9,0,,,,,1,,1,36,0.57,0,,,nflverse snap_counts (not on desk injury list) | game day: nflverse snap_counts + weekly_rosters
2026,2,2026_02_LV_LAC,401872941,LAC,LV,Khalil Mack,00-0031040,MackKh00,16710,LB,F7,LB,OLB,0.565,0,0.25,,,,,,,none,,FP,0,0.7,0,,,,,1,,1,42,0.67,0,,,nflverse snap_counts (not on desk injury list) | game day: nflverse snap_counts + weekly_rosters
2026,2,2026_02_LV_LAC,401872941,LAC,LV,Teair Tart,00-0036181,TartTe00,4374269,DL,F7,DL,DT,0.485,0,0.25,,,,,,,none,,FP,0,0.9,0,,,,,1,,1,36,0.57,0,,,nflverse snap_counts (not on desk injury list) | game day: nflverse snap_counts + weekly_rosters
2026,2,2026_02_LV_LAC,401872941,LAC,LV,Troy Dye,00-0036338,DyexTr00,4038946,LB,F7,LB,ILB,0.388,0,0,,,,,,,none,,,0,0.7,0,,,,,1,,1,15,0.24,0,,,nflverse snap_counts (not on desk injury list) | game day: nflverse snap_counts + weekly_rosters
2026,2,2026_02_LV_LAC,401872941,LAC,LV,Tuli Tuipulotu,00-0039111,TuipTu00,4431442,LB,F7,LB,OLB,0.623,1,0.75,,,,,,,none,,,0,0.7,0,,,,,1,,1,46,0.73,0,,,nflverse snap_counts (not on desk injury list) | game day: nflverse snap_counts + weekly_rosters
2026,2,2026_02_LV_LAC,401872941,LAC,LV,Trevor Penning,00-0037241,PennTr00,,T,OL,T,G,0.328,0,0,,,,,,,none,,,0,1,0,,,,,1,,1,29,0.43,0,,,nflverse snap_counts (not on desk injury list) | game day: nflverse snap_counts + weekly_rosters
2026,2,2026_02_LV_LAC,401872941,LAC,LV,Trey Pipkins III,00-0035688,PipkTr00,,RT,OL,G/C,T,0.59,0,0.25,,,,,,Knee,Out,,DNP,1,0.8,0.2,OUT,1,1,1,0,,0,0,0,0,,,data/postmortem/locks/2026-w02-lv-lac.json | game day: nflverse snap_counts + weekly_rosters
2026,2,2026_02_LV_LAC,401872941,LAC,LV,Tyler Biadasz,00-0036376,BiadTy00,,C,OL,G/C,C,0,0,0,,,,,,,IR,,unknown,1,0.8,0,IR,1,1,0.42,0,,0,0,0,0,,,data/postmortem/locks/2026-w02-lv-lac.json | game day: nflverse snap_counts + weekly_rosters
2026,2,2026_02_NYG_LA,401872947,LAR,NYG,Braden Fiske,00-0039734,FiskBr00,4362245,DE,F7,EDGE,DT,0.57,0,0.25,,,,,,,none,,,0,0.7,0,,,,,1,,1,30,0.52,0,,,nflverse snap_counts (not on desk injury list) | game day: nflverse snap_counts + weekly_rosters
2026,2,2026_02_NYG_LA,401872947,LAR,NYG,Byron Young,00-0039137,YounBy01,4875196,LB,F7,LB,OLB,0.63,1,0.75,,,,,,,none,,DNP,0,0.7,0,,,,,1,,1,41,0.71,0,,,nflverse snap_counts (not on desk injury list) | game day: nflverse snap_counts + weekly_rosters
2026,2,2026_02_NYG_LA,401872947,LAR,NYG,Josaiah Stewart,00-0040580,StewJo03,4682983,LB,F7,LB,OLB,0.42,0,0,,,,,,,none,,,0,0.7,0,,,,,1,,1,46,0.79,0,,,nflverse snap_counts (not on desk injury list) | game day: nflverse snap_counts + weekly_rosters
2026,2,2026_02_NYG_LA,401872947,LAR,NYG,Kobie Turner,00-0039138,TurnKo00,4250621,DE,F7,EDGE,DT,0.67,1,0.75,,,,,,,none,,,0,0.7,0,,,,,1,,1,34,0.59,0,,,nflverse snap_counts (not on desk injury list) | game day: nflverse snap_counts + weekly_rosters
2026,2,2026_02_NYG_LA,401872947,LAR,NYG,Myles Garrett,00-0033868,GarrMy00,3122132,EDGE1,F7,EDGE,OLB,0.155,0,0,,,,,,,IR,,unknown,1,0.7,0,IR,1,1,0.5,0,,0,0,0,0,,,data/postmortem/locks/2026-w02-nyg-lar.json | game day: nflverse snap_counts + weekly_rosters
2026,2,2026_02_NYG_LA,401872947,LAR,NYG,Omar Speights,00-0039774,SpeiOm00,4428550,LB,F7,LB,ILB,0.65,1,0.75,,,,,,,none,,FP,0,0.7,0,,,,,1,,1,25,0.43,1,,,nflverse snap_counts (not on desk injury list) | game day: nflverse snap_counts + weekly_rosters
2026,2,2026_02_NYG_LA,401872947,LAR,NYG,Poona Ford,00-0034234,FordPo00,3125114,NT,F7,DL,NT,0.538,0,0.25,,,,,,,none,,,0,0.9,0,,,,,1,,1,18,0.31,0,,,nflverse snap_counts (not on desk injury list) | game day: nflverse snap_counts + weekly_rosters
2026,2,2026_02_NYG_LA,401872947,LAR,NYG,Tyler Davis,00-0039749,DaviTy05,4568217,DE,F7,EDGE,DT,0.422,0,0,,,,,,,none,,,0,0.7,0,,,,,1,,1,23,0.4,0,,,nflverse snap_counts (not on desk injury list) | game day: nflverse snap_counts + weekly_rosters
2026,2,2026_02_NYG_LA,401872947,LAR,NYG,Alaric Jackson,00-0036603,JackAl01,,OL,OL,G/C,T,1,1,1,,,,,,,none,,DNP,0,0.8,0,,,,,1,,1,62,1,0,,,nflverse snap_counts (not on desk injury list) | game day: nflverse snap_counts + weekly_rosters
2026,2,2026_02_NYG_LA,401872947,LAR,NYG,Coleman Shelton,00-0034114,ShelCo00,,OL,OL,G/C,C,1,1,1,,,,,,,none,,,0,0.8,0,,,,,1,,1,62,1,0,,,nflverse snap_counts (not on desk injury list) | game day: nflverse snap_counts + weekly_rosters
2026,2,2026_02_NYG_LA,401872947,LAR,NYG,Kevin Dotson,00-0036339,DotsKe00,,OL,OL,G/C,G,0.742,1,0.75,,,,,,,none,,,0,0.8,0,,,,,1,,1,62,1,0,,,nflverse snap_counts (not on desk injury list) | game day: nflverse snap_counts + weekly_rosters
2026,2,2026_02_NYG_LA,401872947,LAR,NYG,Steve Avila,00-0039058,AvilSt00,,OL,OL,G/C,G,1,1,1,,,,,,,none,,,0,0.8,0,,,,,1,,1,62,1,0,,,nflverse snap_counts (not on desk injury list) | game day: nflverse snap_counts + weekly_rosters
2026,2,2026_02_NYG_LA,401872947,LAR,NYG,Warren McClendon,00-0039077,McClWa00,,OL,OL,G/C,T,1,1,1,,,,,,,none,,,0,0.8,0,,,,,1,,1,62,1,0,,,nflverse snap_counts (not on desk injury list) | game day: nflverse snap_counts + weekly_rosters
2026,2,2026_02_LV_LAC,401872941,LV,LAC,Adam Butler,00-0033381,ButlAd00,2972342,DT,F7,DL,DT,0.32,0,0,,,,,,,none,,,0,0.9,0,,,,,1,,1,21,0.31,0,,,nflverse snap_counts (not on desk injury list) | game day: nflverse snap_counts + weekly_rosters
2026,2,2026_02_LV_LAC,401872941,LV,LAC,Jonah Laulu,00-0039423,LaulJo00,4373956,DT,F7,DL,DT,0.607,1,0.75,,,,,,,none,,,0,0.9,0,,,,,1,,1,26,0.38,1,,,nflverse snap_counts (not on desk injury list) | game day: nflverse snap_counts + weekly_rosters
2026,2,2026_02_LV_LAC,401872941,LV,LAC,Malcolm Koonce,00-0036989,KoonMa00,4239719,DE,F7,EDGE,DE,0.587,0,0.25,,,,,,,none,,,0,0.7,0,,,,,1,,1,28,0.41,0,,,nflverse snap_counts (not on desk injury list) | game day: nflverse snap_counts + weekly_rosters
2026,2,2026_02_LV_LAC,401872941,LV,LAC,Maxx Crosby,00-0034973,CrosMa00,3916655,DE,F7,EDGE,DE,0.455,0,0.25,,,,,,,none,,,0,0.7,0,,,,,1,,1,59,0.87,0,,,nflverse snap_counts (not on desk injury list) | game day: nflverse snap_counts + weekly_rosters
2026,2,2026_02_LV_LAC,401872941,LV,LAC,Thomas Booker,00-0037262,BookTh00,4360749,DT,F7,DL,DT,0.51,0,0.25,,,,,,,none,,,0,0.9,0,,,,,1,,1,26,0.38,0,,,nflverse snap_counts (not on desk injury list) | game day: nflverse snap_counts + weekly_rosters
2026,2,2026_02_LV_LAC,401872941,LV,LAC,Tonka Hemingway,00-0040169,HemiTo00,4429109,DT,F7,DL,DT,0.438,0,0,,,,,,,none,,,0,0.9,0,,,,,1,,1,50,0.74,0,,,nflverse snap_counts (not on desk injury list) | game day: nflverse snap_counts + weekly_rosters
2026,2,2026_02_LV_LAC,401872941,LV,LAC,Caleb Rogers,00-0040150,RogeCa01,,G,OL,G/C,G,0.75,1,1,,,,,,,none,,,0,0.8,0,,,,,1,,0,0,0,0,,,nflverse snap_counts (not on desk injury list) | game day: nflverse snap_counts + weekly_rosters
2026,2,2026_02_MIA_SF,401872942,MIA,SF,Chop Robinson,00-0039911,RobiCh00,4431586,LB,F7,LB,OLB,0.395,0,0,,,,,,Concussion,Out,,DNP,1,0.7,0,OUT,1,1,0.2,0,,0,0,0,0,,,data/postmortem/locks/2026-w02-mia-sf.json | game day: nflverse snap_counts + weekly_rosters
2026,2,2026_02_MIA_SF,401872942,MIA,SF,Jordan Phillips,00-0040175,PhilJo02,4837188,DT,F7,DL,DT,0.505,0,0.25,,,,,,,none,,,0,0.9,0,,,,,1,,1,31,0.6,0,,,nflverse snap_counts (not on desk injury list) | game day: nflverse snap_counts + weekly_rosters
2026,2,2026_02_MIA_SF,401872942,MIA,SF,Jordyn Brooks,00-0036409,BrooJo01,4043130,LB,F7,LB,OLB,0.815,1,1,,,,,,,none,,,0,0.7,0,,,,,1,,1,44,0.85,0,,,nflverse snap_counts (not on desk injury list) | game day: nflverse snap_counts + weekly_rosters
2026,2,2026_02_MIA_SF,401872942,MIA,SF,Kenneth Grant,00-0040127,GranKe01,4894654,DT,F7,DL,DT,0.4,0,0,,,,,,,none,,,0,0.9,0,,,,,0,,0,0,0,0,,,nflverse snap_counts (not on desk injury list) | game day: nflverse snap_counts + weekly_rosters
2026,2,2026_02_MIA_SF,401872942,MIA,SF,Kyle Louis,00-0041527,LouiKy00,4880273,LB,F7,EDGE,OLB,0.01,0,0,,,,,,,IR,,unknown,1,0.7,0,IR,1,1,0.5,0,,0,0,0,0,,,data/postmortem/locks/2026-w02-mia-sf.json | game day: nflverse snap_counts + weekly_rosters
2026,2,2026_02_MIA_SF,401872942,MIA,SF,Ronnie Harrison Jr.,00-0034779,HarrRo02,3859006,LB,F7,LB,OLB,0,0,0,,,,,,Hamstring,Out,,DNP,1,0.7,0,IR,1,1,0.5,0,,0,0,0,0,,,data/postmortem/locks/2026-w02-mia-sf.json | game day: nflverse snap_counts + weekly_rosters
2026,2,2026_02_MIA_SF,401872942,MIA,SF,Willie Gay Jr.,00-0036362,GayJWi00,4259804,LB,F7,LB,OLB,0.34,0,0,,,,,,,none,,,0,0.7,0,,,,,1,,1,32,0.62,0,,,nflverse snap_counts (not on desk injury list) | game day: nflverse snap_counts + weekly_rosters
2026,2,2026_02_MIA_SF,401872942,MIA,SF,Zach Sieler,00-0034285,SielZa00,3057956,DT,F7,DL,DT,0.667,1,0.75,,,,,,,none,,,0,0.9,0,,,,,1,,1,34,0.65,0,,,nflverse snap_counts (not on desk injury list) | game day: nflverse snap_counts + weekly_rosters
2026,2,2026_02_MIA_SF,401872942,MIA,SF,Zeek Biggers,00-0040248,BiggZe01,4683276,DT,F7,DL,DT,0.475,0,0.25,,,,,,,none,,,0,0.9,0,,,,,1,,1,35,0.67,0,,,nflverse snap_counts (not on desk injury list) | game day: nflverse snap_counts + weekly_rosters
2026,2,2026_02_MIA_SF,401872942,MIA,SF,Aaron Brewer,00-0036171,BrewAa01,,OL,OL,G/C,C,0.75,1,1,,,,,,,none,,,0,0.8,0,,,,,1,,1,59,1,0,,,nflverse snap_counts (not on desk injury list) | game day: nflverse snap_counts + weekly_rosters
2026,2,2026_02_MIA_SF,401872942,MIA,SF,Austin Jackson,00-0036248,JackAu00,,OL,OL,G/C,T,0.75,1,1,,,,,,,none,,,0,0.8,0,,,,,1,,1,59,1,0,,,nflverse snap_counts (not on desk injury list) | game day: nflverse snap_counts + weekly_rosters
2026,2,2026_02_MIA_SF,401872942,MIA,SF,Jonah Savaiinaea,00-0040742,SavaJo00,,OL,OL,G/C,G,1,1,1,,,,,,,none,,,0,0.8,0,,,,,1,,1,59,1,0,,,nflverse snap_counts (not on desk injury list) | game day: nflverse snap_counts + weekly_rosters
2026,2,2026_02_MIA_SF,401872942,MIA,SF,Patrick Paul,00-0039899,PaulPa01,,T,OL,T,T,1,1,1,,,,,,,none,,,0,1,0,,,,,1,,1,59,1,0,,,nflverse snap_counts (not on desk injury list) | game day: nflverse snap_counts + weekly_rosters
2026,2,2026_02_MIN_CHI,401872937,MIN,CHI,Andrew Van Ginkel,00-0035272,VanGAn00,3133487,LB,F7,LB,OLB,0.868,1,1,,,,,,,none,,FP,0,0.7,0,,,,,1,,1,64,0.86,0,,,nflverse snap_counts (not on desk injury list) | game day: nflverse snap_counts + weekly_rosters
2026,2,2026_02_MIN_CHI,401872937,MIN,CHI,Blake Cashman,00-0035276,CashBl00,3728281,LB,F7,LB,ILB,0.96,1,1,,,,,,,none,,FP,0,0.7,0,,,,,1,,1,66,0.89,0,,,nflverse snap_counts (not on desk injury list) | game day: nflverse snap_counts + weekly_rosters
2026,2,2026_02_MIN_CHI,401872937,MIN,CHI,Dallas Turner,00-0039924,TurnDa01,4565190,LB,F7,LB,OLB,0.732,1,0.75,,,,,,,none,,,0,0.7,0,,,,,1,,1,59,0.8,0,,,nflverse snap_counts (not on desk injury list) | game day: nflverse snap_counts + weekly_rosters
2026,2,2026_02_MIN_CHI,401872937,MIN,CHI,Eric Wilson,00-0033336,WilsEr00,3056916,LB,F7,LB,ILB,0.968,1,1,,,,,,,none,,,0,0.7,0,,,,,1,,1,66,0.89,0,,,nflverse snap_counts (not on desk injury list) | game day: nflverse snap_counts + weekly_rosters
2026,2,2026_02_MIN_CHI,401872937,MIN,CHI,Jalen Redmond,00-0038778,RedmJa01,4360277,DL,F7,DL,DE,0.748,1,0.75,,,,,,,none,,,0,0.9,0,,,,,1,,1,62,0.84,0,,,nflverse snap_counts (not on desk injury list) | game day: nflverse snap_counts + weekly_rosters
2026,2,2026_02_MIN_CHI,401872937,MIN,CHI,Levi Drake Rodriguez,00-0039421,RodrLe00,5093973,DL,F7,DL,NT,0.535,0,0.25,,,,,,,none,,,0,0.9,0,,,,,1,,1,60,0.81,0,,,nflverse snap_counts (not on desk injury list) | game day: nflverse snap_counts + weekly_rosters
2026,2,2026_02_MIN_CHI,401872937,MIN,CHI,Tyrion Ingram-Dawkins,00-0040173,IngrTy00,4629149,DL,F7,DL,DE,0.365,0,0,,,,,,,none,,,0,0.9,0,,,,,1,,1,12,0.16,0,,,nflverse snap_counts (not on desk injury list) | game day: nflverse snap_counts + weekly_rosters
2026,2,2026_02_MIN_CHI,401872937,MIN,CHI,Blake Brandel,00-0036347,BranBl00,,G,OL,G/C,C,0.532,0,0.25,,,,,,,none,,,0,0.8,0,,,,,1,,1,52,1,0,,,nflverse snap_counts (not on desk injury list) | game day: nflverse snap_counts + weekly_rosters
2026,2,2026_02_MIN_CHI,401872937,MIN,CHI,Brian O'Neill,00-0034158,ONeiBr00,,RT,OL,T,T,0.718,1,0.75,,,,,,Knee,Questionable,,LP,0.24,1,0.18,QUESTIONABLE,1,0.35,0.83,1,,1,52,1,0,,,data/postmortem/locks/2026-w02-min-chi.json | game day: nflverse snap_counts + weekly_rosters
2026,2,2026_02_MIN_CHI,401872937,MIN,CHI,Donovan Jackson,00-0040661,JackDo03,,OL,OL,G/C,G,1,1,1,,,,,,,none,,,0,0.8,0,,,,,1,,1,52,1,0,,,nflverse snap_counts (not on desk injury list) | game day: nflverse snap_counts + weekly_rosters
2026,2,2026_02_MIN_CHI,401872937,MIN,CHI,Michael Jurgens,00-0039419,JurgMi02,,G,OL,G/C,C,0.665,1,0.75,,,,,,,none,,,0,0.8,0,,,,,0,,0,0,0,0,,,nflverse snap_counts (not on desk injury list) | game day: nflverse snap_counts + weekly_rosters
2026,2,2026_02_MIN_CHI,401872937,MIN,CHI,Will Fries,00-0036483,FrieWi00,,G,OL,G/C,G,1,1,1,,,,,,,none,,,0,0.8,0,,,,,1,,1,52,1,0,,,nflverse snap_counts (not on desk injury list) | game day: nflverse snap_counts + weekly_rosters
2026,2,2026_02_PIT_NE,401872946,NE,PIT,Christian Barmore,00-0036981,BarmCh00,4372030,DT,F7,DL,DT,0.665,1,0.75,,,,,,,none,,,0,0.9,0,,,,,1,,1,36,0.51,0,,,nflverse snap_counts (not on desk injury list) | game day: nflverse snap_counts + weekly_rosters
2026,2,2026_02_PIT_NE,401872946,NE,PIT,Christian Elliss,00-0036813,ElliCh00,4245273,LB,F7,LB,ILB,0.672,1,0.75,,,,,,,none,,,0,0.7,0,,,,,1,,1,70,1,0,,,nflverse snap_counts (not on desk injury list) | game day: nflverse snap_counts + weekly_rosters
2026,2,2026_02_PIT_NE,401872946,NE,PIT,Cory Durden,00-0038653,DurdCo00,4240042,DL,F7,DL,DT,0.505,0,0.25,,,,,,,none,,,0,0.9,0,,,,,1,,1,34,0.49,0,,,nflverse snap_counts (not on desk injury list) | game day: nflverse snap_counts + weekly_rosters
2026,2,2026_02_PIT_NE,401872946,NE,PIT,Dre'Mont Jones,00-0035678,JoneDr00,3915525,EDGE1,F7,LB,OLB,0.21,0,0,,,,,,Foot,Questionable,,LP,0.24,0.7,0,QUESTIONABLE,1,0.35,0.13,1,,1,18,0.26,0,,,data/postmortem/locks/2026-w02-pit-ne.json | game day: nflverse snap_counts + weekly_rosters
2026,2,2026_02_PIT_NE,401872946,NE,PIT,Elijah Ponder,00-0040574,PondEl02,4688432,LB,F7,LB,OLB,0.48,0,0.25,,,,,,,none,,,0,0.7,0,,,,,1,,1,54,0.77,0,,,nflverse snap_counts (not on desk injury list) | game day: nflverse snap_counts + weekly_rosters
2026,2,2026_02_PIT_NE,401872946,NE,PIT,Harold Landry,00-0034828,LandHa00,3122793,EDGE1,F7,LB,OLB,0.085,0,0,,,,,,,Pup,,unknown,1,0.7,0,PUP,1,1,1.5,0,,0,0,0,0,,,data/postmortem/locks/2026-w02-pit-ne.json | game day: nflverse snap_counts + weekly_rosters
2026,2,2026_02_PIT_NE,401872946,NE,PIT,Milton Williams,00-0036916,WillMi08,4239699,DT,F7,DL,DT,0.688,1,0.75,,,,,,,none,,,0,0.9,0,,,,,1,,1,44,0.63,0,,,nflverse snap_counts (not on desk injury list) | game day: nflverse snap_counts + weekly_rosters
2026,2,2026_02_PIT_NE,401872946,NE,PIT,Robert Spillane,00-0034720,SpilRo00,3129446,LB,F7,LB,ILB,0.788,1,1,,,,,,,none,,FP,0,0.7,0,,,,,1,,1,70,1,0,,,nflverse snap_counts (not on desk injury list) | game day: nflverse snap_counts + weekly_rosters
2026,2,2026_02_PIT_NE,401872946,NE,PIT,Ben Brown,00-0037413,BrowBe01,,C,OL,G/C,C,0,0,0,,,,,,Knee,Questionable,,LP,0.24,0.8,0,QUESTIONABLE,1,0.35,0.28,1,,0,0,0,0,,,data/postmortem/locks/2026-w02-pit-ne.json | game day: nflverse snap_counts + weekly_rosters
2026,2,2026_02_PIT_NE,401872946,NE,PIT,Dametrious Crownover,00-0041103,CrowDa00,,RT,OL,T,T,0,0,0,,,,,,Knee,Out,,DNP,1,1,0,OUT,1,1,1,0,,0,0,0,0,,,data/postmortem/locks/2026-w02-pit-ne.json | game day: nflverse snap_counts + weekly_rosters
2026,2,2026_02_PIT_NE,401872946,NE,PIT,Jared Wilson,00-0040147,WilsJa02,,OL,OL,G/C,C,1,1,1,,,,,,,none,,,0,0.8,0,,,,,1,,1,55,1,0,,,nflverse snap_counts (not on desk injury list) | game day: nflverse snap_counts + weekly_rosters
2026,2,2026_02_PIT_NE,401872946,NE,PIT,Morgan Moses,00-0031330,MoseMo00,,T,OL,T,T,0.992,1,1,,,,,,,none,,,0,1,0,,,,,1,,1,51,0.93,0,,,nflverse snap_counts (not on desk injury list) | game day: nflverse snap_counts + weekly_rosters
2026,2,2026_02_PIT_NE,401872946,NE,PIT,Will Campbell,00-0040699,CampWi01,,T,OL,T,T,1,1,1,,,,,,,none,,,0,1,0,,,,,1,,1,55,1,0,,,nflverse snap_counts (not on desk injury list) | game day: nflverse snap_counts + weekly_rosters
2026,2,2026_02_NO_BAL,401872938,NO,BAL,Bryan Bresee,00-0038995,BresBr00,4428988,IDL,F7,DL,DT,0.11,0,0,,,,,,,IR,,unknown,1,0.9,0,IR,1,1,0.2,0,,0,0,0,0,,,data/postmortem/locks/2026-w02-no-bal.json | game day: nflverse snap_counts + weekly_rosters
2026,2,2026_02_NO_BAL,401872938,NO,BAL,Cameron Jordan,00-0027962,JordCa00,13971,DE,F7,EDGE,OLB,0.41,0,0,,,,,,,none,,FP,0,0.7,0,,,,,1,,1,29,0.5,0,,,nflverse snap_counts (not on desk injury list) | game day: nflverse snap_counts + weekly_rosters
2026,2,2026_02_NO_BAL,401872938,NO,BAL,Carl Granderson,00-0035402,GranCa01,3918310,DE,F7,EDGE,OLB,0.698,1,0.75,,,,,,,none,,,0,0.7,0,,,,,1,,1,39,0.67,0,,,nflverse snap_counts (not on desk injury list) | game day: nflverse snap_counts + weekly_rosters
2026,2,2026_02_NO_BAL,401872938,NO,BAL,Chase Young,00-0036321,YounCh04,4241986,EDGE1,F7,EDGE,OLB,0.755,1,1,,,,,,Calf,Questionable,,LP,0.24,0.7,0.168,QUESTIONABLE,1,0.35,0.48,1,,1,39,0.67,0,,,data/postmortem/locks/2026-w02-no-bal.json | game day: nflverse snap_counts + weekly_rosters
2026,2,2026_02_NO_BAL,401872938,NO,BAL,Christen Miller,00-0041390,MillCh01,4685479,IDL,F7,DL,DT,0.08,0,0,,,,,,Toe,Questionable,,LP,0.24,0.9,0,QUESTIONABLE,1,0.35,0.28,0,,0,0,0,0,,,data/postmortem/locks/2026-w02-no-bal.json | game day: nflverse snap_counts + weekly_rosters
2026,2,2026_02_NO_BAL,401872938,NO,BAL,Danny Stutsman,00-0040155,StutDa00,4683215,LB,F7,LB,ILB,0.42,0,0,,,,,,,none,,,0,0.7,0,,,,,1,,1,2,0.03,0,,,nflverse snap_counts (not on desk injury list) | game day: nflverse snap_counts + weekly_rosters
2026,2,2026_02_NO_BAL,401872938,NO,BAL,Isaiah Stalbird,00-0039622,StalIs00,4361194,LB,F7,LB,ILB,0.005,0,0,,,,,,Shoulder,Doubtful,,DNP,1,0.7,0,DOUBTFUL,1,0.75,0.38,0,,0,0,0,0,,,data/postmortem/locks/2026-w02-no-bal.json | game day: nflverse snap_counts + weekly_rosters
2026,2,2026_02_NO_BAL,401872938,NO,BAL,Nathan Shepherd,00-0034760,ShepNa00,4076951,DT,F7,DL,DT,0.5,0,0.25,,,,,,,none,,,0,0.9,0,,,,,1,,1,39,0.67,0,,,nflverse snap_counts (not on desk injury list) | game day: nflverse snap_counts + weekly_rosters
2026,2,2026_02_NO_BAL,401872938,NO,BAL,Pete Werner,00-0036927,WernPe00,4241993,LB,F7,LB,ILB,0.52,0,0.25,,,,,,,none,,,0,0.7,0,,,,,1,,1,54,0.93,0,,,nflverse snap_counts (not on desk injury list) | game day: nflverse snap_counts + weekly_rosters
2026,2,2026_02_NO_BAL,401872938,NO,BAL,Cesar Ruiz,00-0036408,RuizCe00,,C,OL,G/C,G,0.5,0,0.25,,,,,,,none,,,0,0.8,0,,,,,1,,1,68,1,0,,,nflverse snap_counts (not on desk injury list) | game day: nflverse snap_counts + weekly_rosters
2026,2,2026_02_NO_BAL,401872938,NO,BAL,Dillon Radunz,00-0036619,RaduDi00,,OL,OL,G/C,G,0.75,1,1,,,,,,,none,,,0,0.8,0,,,,,0,,0,0,0,0,,,nflverse snap_counts (not on desk injury list) | game day: nflverse snap_counts + weekly_rosters
2026,2,2026_02_NO_BAL,401872938,NO,BAL,Kelvin Banks,00-0040125,BankKe01,,T,OL,T,T,0.802,1,1,,,,,,,none,,,0,1,0,,,,,1,,1,40,0.59,0,,,nflverse snap_counts (not on desk injury list) | game day: nflverse snap_counts + weekly_rosters
2026,2,2026_02_NO_BAL,401872938,NO,BAL,Taliese Fuaga,00-0039339,FuagTa00,,T,OL,T,T,1,1,1,,,,,,,none,,,0,1,0,,,,,1,,1,68,1,0,,,nflverse snap_counts (not on desk injury list) | game day: nflverse snap_counts + weekly_rosters
2026,2,2026_02_NYG_LA,401872947,NYG,LAR,Abdul Carter,00-0040677,CartAb00,4725996,LB,F7,LB,OLB,0.91,1,1,,,,,,,none,,,0,0.7,0,,,,,1,,1,55,0.89,0,,,nflverse snap_counts (not on desk injury list) | game day: nflverse snap_counts + weekly_rosters
2026,2,2026_02_NYG_LA,401872947,NYG,LAR,Brian Burns,00-0035713,BurnBr00,4035631,LB,F7,LB,OLB,0.72,1,0.75,,,,,,,none,,,0,0.7,0,,,,,1,,1,42,0.68,0,,,nflverse snap_counts (not on desk injury list) | game day: nflverse snap_counts + weekly_rosters
2026,2,2026_02_NYG_LA,401872947,NYG,LAR,Chauncey Golston,00-0036982,GolsCh00,4036132,DL,F7,DL,DE,0.41,0,0,,,,,,,none,,FP,0,0.9,0,,,,,1,,1,39,0.63,0,,,nflverse snap_counts (not on desk injury list) | game day: nflverse snap_counts + weekly_rosters
2026,2,2026_02_NYG_LA,401872947,NYG,LAR,Darius Alexander,00-0040694,AlexDa01,4426542,DL,F7,DL,DT,0.525,0,0.25,,,,,,,none,,,0,0.9,0,,,,,0,,0,0,0,0,,,nflverse snap_counts (not on desk injury list) | game day: nflverse snap_counts + weekly_rosters
2026,2,2026_02_NYG_LA,401872947,NYG,LAR,Micah McFadden,00-0037259,McFaMi01,4371961,LB,F7,LB,ILB,0,0,0,,,,,,Neck,Questionable,,LP,1,0.7,0,OUT,1,1,0.25,0,,0,0,0,0,,,data/postmortem/locks/2026-w02-nyg-lar.json | game day: nflverse snap_counts + weekly_rosters
2026,2,2026_02_NYG_LA,401872947,NYG,LAR,Roy Robertson-Harris,00-0032667,RobeRo00,2574891,DT,F7,DL,DT,0.478,0,0.25,,,,,,,none,,,0,0.9,0,,,,,0,,0,0,0,0,,,nflverse snap_counts (not on desk injury list) | game day: nflverse snap_counts + weekly_rosters
2026,2,2026_02_NYG_LA,401872947,NYG,LAR,Andrew Thomas,00-0036386,ThomAn02,,T,OL,T,T,0.34,0,0,,,,,,,none,,LP,0,1,0,,,,,1,,1,58,1,0,,,nflverse snap_counts (not on desk injury list) | game day: nflverse snap_counts + weekly_rosters
2026,2,2026_02_NYG_LA,401872947,NYG,LAR,Jermaine Eluemunor,00-0033290,ElueJe00,,OL,OL,G/C,T,0.985,1,1,,,,,,,none,,,0,0.8,0,,,,,1,,1,58,1,0,,,nflverse snap_counts (not on desk injury list) | game day: nflverse snap_counts + weekly_rosters
2026,2,2026_02_NYG_LA,401872947,NYG,LAR,John Michael Schmitz,00-0039019,MichJo00,,C,OL,G/C,C,0.438,0,0,,,,,,,none,,,0,0.8,0,,,,,1,,1,58,1,0,,,nflverse snap_counts (not on desk injury list) | game day: nflverse snap_counts + weekly_rosters
2026,2,2026_02_NYG_LA,401872947,NYG,LAR,Jon Runyan Jr.,00-0036246,RunyJo00,,G,OL,G/C,G,0.75,1,1,,,,,,,none,,,0,0.8,0,,,,,1,,1,58,1,0,,,nflverse snap_counts (not on desk injury list) | game day: nflverse snap_counts + weekly_rosters
2026,2,2026_02_NYG_LA,401872947,NYG,LAR,Marcus Mbow,00-0040181,MbowMa00,,OL,OL,G/C,T,0.66,1,0.75,,,,,,,none,,,0,0.8,0,,,,,1,,0,0,0,0,,,nflverse snap_counts (not on desk injury list) | game day: nflverse snap_counts + weekly_rosters
2026,2,2026_02_GB_NYJ,401872936,NYJ,GB,Braiden McGregor,00-0039284,McGrBr00,4429005,DE,F7,EDGE,OLB,0.367,0,0,,,,,,,none,,,0,0.7,0,,,,,1,,1,19,0.32,0,,,nflverse snap_counts (not on desk injury list) | game day: nflverse snap_counts + weekly_rosters
2026,2,2026_02_GB_NYJ,401872936,NYJ,GB,Harrison Phillips,00-0034782,PhilHa00,3117255,DL,F7,DL,DT,0.62,1,0.75,,,,,,,none,,,0,0.9,0,,,,,1,,1,32,0.54,0,,,nflverse snap_counts (not on desk injury list) | game day: nflverse snap_counts + weekly_rosters
2026,2,2026_02_GB_NYJ,401872936,NYJ,GB,Jamien Sherwood,00-0036500,SherJa00,4361331,LB,F7,LB,ILB,0.975,1,1,,,,,,,none,,FP,0,0.7,0,,,,,1,,1,59,1,0,,,nflverse snap_counts (not on desk injury list) | game day: nflverse snap_counts + weekly_rosters
2026,2,2026_02_GB_NYJ,401872936,NYJ,GB,Joseph Ossai,00-0036902,OssaJo00,4362094,EDGE1,F7,EDGE,OLB,0,0,0,,,,,,Foot,Out,,DNP,1,0.7,0,OUT,1,1,0.2,0,,0,0,0,0,,,data/postmortem/locks/2026-w02-gb-nyj.json | game day: nflverse snap_counts + weekly_rosters
2026,2,2026_02_GB_NYJ,401872936,NYJ,GB,Jowon Briggs,00-0039431,BrigJo00,4426676,DL,F7,DL,DT,0.563,0,0.25,,,,,,,none,,,0,0.9,0,,,,,1,,1,35,0.59,0,,,nflverse snap_counts (not on desk injury list) | game day: nflverse snap_counts + weekly_rosters
2026,2,2026_02_GB_NYJ,401872936,NYJ,GB,Will McDonald IV,00-0039142,McDoWi00,4361767,EDGE1,F7,EDGE,OLB,0.307,0,0,,,,,,Ankle,Questionable,,LP,0.24,0.7,0,QUESTIONABLE,1,0.35,0.22,1,,1,25,0.42,0,,,data/postmortem/locks/2026-w02-gb-nyj.json | game day: nflverse snap_counts + weekly_rosters
2026,2,2026_02_GB_NYJ,401872936,NYJ,GB,Armand Membou,00-0040123,MembAr00,,T,OL,T,T,1,1,1,,,,,,,none,,,0,1,0,,,,,1,,1,74,1,0,,,nflverse snap_counts (not on desk injury list) | game day: nflverse snap_counts + weekly_rosters
2026,2,2026_02_GB_NYJ,401872936,NYJ,GB,Joe Tippmann,00-0039145,TippJo00,,C,OL,G/C,G,1,1,1,,,,,,,none,,,0,0.8,0,,,,,1,,1,74,1,0,,,nflverse snap_counts (not on desk injury list) | game day: nflverse snap_counts + weekly_rosters
2026,2,2026_02_GB_NYJ,401872936,NYJ,GB,Josh Myers,00-0036622,MyerJo00,,C,OL,G/C,C,1,1,1,,,,,,,none,,,0,0.8,0,,,,,1,,1,74,1,0,,,nflverse snap_counts (not on desk injury list) | game day: nflverse snap_counts + weekly_rosters
2026,2,2026_02_PHI_TEN,401872939,PHI,TEN,Byron Young,00-0038978,YounBy00,4567123,DT,F7,DL,DT,0.323,0,0,,,,,,,none,,,0,0.9,0,,,,,1,,1,13,0.25,0,,,nflverse snap_counts (not on desk injury list) | game day: nflverse snap_counts + weekly_rosters
2026,2,2026_02_PHI_TEN,401872939,PHI,TEN,Jalen Carter,00-0038386,CartJa05,4685759,DT,F7,DL,DT,0.67,1,0.75,,,,,,,none,,LP,0,0.9,0,,,,,1,,1,41,0.77,0,,,nflverse snap_counts (not on desk injury list) | game day: nflverse snap_counts + weekly_rosters
2026,2,2026_02_PHI_TEN,401872939,PHI,TEN,Jalyx Hunt,00-0039740,HuntJa02,4571162,LB,F7,LB,OLB,0.555,0,0.25,,,,,,,none,,,0,0.7,0,,,,,1,,1,42,0.79,0,,,nflverse snap_counts (not on desk injury list) | game day: nflverse snap_counts + weekly_rosters
2026,2,2026_02_PHI_TEN,401872939,PHI,TEN,Jihaad Campbell,00-0040708,CampJi00,4685287,LB,F7,LB,ILB,0.703,1,0.75,,,,,,,none,,,0,0.7,0,,,,,1,,1,47,0.89,0,,,nflverse snap_counts (not on desk injury list) | game day: nflverse snap_counts + weekly_rosters
2026,2,2026_02_PHI_TEN,401872939,PHI,TEN,Jonathan Greenard,00-0036224,GreeJo04,3916409,EDGE1,F7,LB,OLB,0,0,0,,,,,,Pectoral,Out,,LP,1,0.7,0,OUT,1,1,2.37,0,,0,0,0,0,,,data/postmortem/locks/2026-w02-phi-ten.json | game day: nflverse snap_counts + weekly_rosters
2026,2,2026_02_PHI_TEN,401872939,PHI,TEN,Jordan Davis,00-0037073,DaviJo03,4381558,DT,F7,DL,DT,0.522,0,0.25,,,,,,,none,,,0,0.9,0,,,,,1,,1,23,0.43,0,,,nflverse snap_counts (not on desk injury list) | game day: nflverse snap_counts + weekly_rosters
2026,2,2026_02_PHI_TEN,401872939,PHI,TEN,Moro Ojomo,00-0038412,OjomMo00,4362116,DT,F7,DL,DT,0.608,1,0.75,,,,,,,none,,,0,0.9,0,,,,,1,,1,43,0.81,0,,,nflverse snap_counts (not on desk injury list) | game day: nflverse snap_counts + weekly_rosters
2026,2,2026_02_PHI_TEN,401872939,PHI,TEN,Nolan Smith,00-0039013,SmitNo02,4426331,LB,F7,LB,OLB,0.578,0,0.25,,,,,,,none,,,0,0.7,0,,,,,1,,1,41,0.77,0,,,nflverse snap_counts (not on desk injury list) | game day: nflverse snap_counts + weekly_rosters
2026,2,2026_02_PHI_TEN,401872939,PHI,TEN,Zack Baun,00-0036418,BaunZa00,3917657,LB,F7,LB,ILB,0.75,1,1,,,,,,,none,,,0,0.7,0,,,,,1,,1,53,1,0,,,nflverse snap_counts (not on desk injury list) | game day: nflverse snap_counts + weekly_rosters
2026,2,2026_02_PHI_TEN,401872939,PHI,TEN,Cam Jurgens,00-0038112,JurgCa01,,C,OL,G/C,C,0.75,1,1,,,,,,,none,,,0,0.8,0,,,,,1,,1,76,1,0,,,nflverse snap_counts (not on desk injury list) | game day: nflverse snap_counts + weekly_rosters
2026,2,2026_02_PHI_TEN,401872939,PHI,TEN,Fred Johnson,00-0034951,JohnFr01,,T,OL,T,T,0.748,1,0.75,,,,,,,none,,,0,1,0,,,,,1,,0,0,0,0,,,nflverse snap_counts (not on desk injury list) | game day: nflverse snap_counts + weekly_rosters
2026,2,2026_02_PHI_TEN,401872939,PHI,TEN,Jordan Mailata,00-0034429,MailJo00,,T,OL,T,T,0.75,1,1,,,,,,,none,,,0,1,0,,,,,1,,1,76,1,0,,,nflverse snap_counts (not on desk injury list) | game day: nflverse snap_counts + weekly_rosters
2026,2,2026_02_PHI_TEN,401872939,PHI,TEN,Landon Dickerson,00-0037002,DickLa00,,OG,OL,G/C,G,0.75,1,1,,,,,,,IR,,unknown,1,0.8,0.8,IR,1,1,1.37,0,,0,0,0,0,,,data/postmortem/locks/2026-w02-phi-ten.json | game day: nflverse snap_counts + weekly_rosters
2026,2,2026_02_PHI_TEN,401872939,PHI,TEN,Tyler Steen,00-0039001,SteeTy00,,OL,OL,G/C,G,0.857,1,1,,,,,,,none,,,0,0.8,0,,,,,1,,1,76,1,0,,,nflverse snap_counts (not on desk injury list) | game day: nflverse snap_counts + weekly_rosters
2026,2,2026_02_PIT_NE,401872946,PIT,NE,Alex Highsmith,00-0036333,HighAl02,4037333,LB,F7,LB,OLB,0.803,1,1,,,,,,,none,,,0,0.7,0,,,,,1,,1,33,0.6,0,,,nflverse snap_counts (not on desk injury list) | game day: nflverse snap_counts + weekly_rosters
2026,2,2026_02_PIT_NE,401872946,PIT,NE,Cameron Heyward,00-0027969,HeywCa01,13977,DT,F7,DL,DT,0.68,1,0.75,,,,,,,none,,FP,0,0.9,0,,,,,1,,1,41,0.75,0,,,nflverse snap_counts (not on desk injury list) | game day: nflverse snap_counts + weekly_rosters
2026,2,2026_02_PIT_NE,401872946,PIT,NE,Derrick Harmon,00-0040678,HarmDe01,4682980,DT,F7,DL,DT,0.612,1,0.75,,,,,,,none,,,0,0.9,0,,,,,1,,1,32,0.58,0,,,nflverse snap_counts (not on desk injury list) | game day: nflverse snap_counts + weekly_rosters
2026,2,2026_02_PIT_NE,401872946,PIT,NE,Keeanu Benton,00-0039110,BentKe00,4426694,DT,F7,DL,DT,0.65,1,0.75,,,,,,,none,,,0,0.9,0,,,,,1,,1,36,0.65,0,,,nflverse snap_counts (not on desk injury list) | game day: nflverse snap_counts + weekly_rosters
2026,2,2026_02_PIT_NE,401872946,PIT,NE,Nick Herbig,00-0038577,HerbNi00,4429164,LB,F7,LB,OLB,0.517,0,0.25,,,,,,,none,,,0,0.7,0,,,,,1,,1,29,0.53,0,,,nflverse snap_counts (not on desk injury list) | game day: nflverse snap_counts + weekly_rosters
2026,2,2026_02_PIT_NE,401872946,PIT,NE,Patrick Queen,00-0036323,QueePa00,4242207,LB,F7,LB,ILB,1,1,1,,,,,,,none,,,0,0.7,0,,,,,1,,1,55,1,0,,,nflverse snap_counts (not on desk injury list) | game day: nflverse snap_counts + weekly_rosters
2026,2,2026_02_PIT_NE,401872946,PIT,NE,Payton Wilson,00-0039741,WilsPa00,4361652,LB,F7,LB,ILB,0.51,0,0.25,,,,,,,none,,,0,0.7,0,,,,,1,,1,43,0.78,0,,,nflverse snap_counts (not on desk injury list) | game day: nflverse snap_counts + weekly_rosters
2026,2,2026_02_PIT_NE,401872946,PIT,NE,T.J. Watt,00-0033886,WattT.00,3045282,LB,F7,LB,OLB,0.557,0,0.25,,,,,,,none,,,0,0.7,0,,,,,1,,1,31,0.56,0,,,nflverse snap_counts (not on desk injury list) | game day: nflverse snap_counts + weekly_rosters
2026,2,2026_02_PIT_NE,401872946,PIT,NE,Yahya Black,00-0040188,BlacYa00,4430947,DE,F7,EDGE,DT,0.31,0,0,,,,,,,none,,,0,0.7,0,,,,,1,,1,20,0.36,0,,,nflverse snap_counts (not on desk injury list) | game day: nflverse snap_counts + weekly_rosters
2026,2,2026_02_PIT_NE,401872946,PIT,NE,Dylan Cook,00-0037480,CookDy00,,T,OL,T,T,0.99,1,1,,,,,,,none,,,0,1,0,,,,,1,,1,67,0.96,0,,,nflverse snap_counts (not on desk injury list) | game day: nflverse snap_counts + weekly_rosters
2026,2,2026_02_PIT_NE,401872946,PIT,NE,Mason McCormick,00-0039358,McCoMa00,,G,OL,G/C,G,1,1,1,,,,,,,none,,,0,0.8,0,,,,,1,,1,70,1,0,,,nflverse snap_counts (not on desk injury list) | game day: nflverse snap_counts + weekly_rosters
2026,2,2026_02_PIT_NE,401872946,PIT,NE,Spencer Anderson,00-0038645,AndeSp00,,OL,OL,G/C,G,0.562,0,0.25,,,,,,,none,,,0,0.8,0,,,,,1,,1,67,0.96,0,,,nflverse snap_counts (not on desk injury list) | game day: nflverse snap_counts + weekly_rosters
2026,2,2026_02_PIT_NE,401872946,PIT,NE,Troy Fautanu,00-0039871,FautTr00,,LT,OL,T,T,0.998,1,1,,,,,,Ankle,Questionable,,FP,0.12,1,0.12,QUESTIONABLE,1,0.35,0.3,1,,1,70,1,0,,,data/postmortem/locks/2026-w02-pit-ne.json | game day: nflverse snap_counts + weekly_rosters
2026,2,2026_02_PIT_NE,401872946,PIT,NE,Zach Frazier,00-0039896,FrazZa00,,C,OL,G/C,C,1,1,1,,,,,,,none,,,0,0.8,0,,,,,1,,1,70,1,0,,,nflverse snap_counts (not on desk injury list) | game day: nflverse snap_counts + weekly_rosters
2026,2,2026_02_SEA_ARI,401872943,SEA,ARI,Byron Murphy,00-0039309,MurpBy01,4570040,DT,F7,DL,DT,0.623,1,0.75,,,,,,,none,,,0,0.9,0,,,,,1,,1,33,0.66,0,,,nflverse snap_counts (not on desk injury list) | game day: nflverse snap_counts + weekly_rosters
2026,2,2026_02_SEA_ARI,401872943,SEA,ARI,DeMarcus Lawrence,00-0031411,LawrDe00,16802,LB,F7,LB,OLB,0.612,1,0.75,,,,,,,none,,,0,0.7,0,,,,,1,,1,30,0.6,0,,,nflverse snap_counts (not on desk injury list) | game day: nflverse snap_counts + weekly_rosters
2026,2,2026_02_SEA_ARI,401872943,SEA,ARI,Derick Hall,00-0039047,HallDe04,4567226,LB,F7,LB,OLB,0.517,0,0.25,,,,,,,none,,,0,0.7,0,,,,,1,,1,29,0.58,0,,,nflverse snap_counts (not on desk injury list) | game day: nflverse snap_counts + weekly_rosters
2026,2,2026_02_SEA_ARI,401872943,SEA,ARI,Drake Thomas,00-0038922,ThomDr00,4428659,LB,F7,LB,ILB,0.685,1,0.75,,,,,,,none,,,0,0.7,0,,,,,1,,1,47,0.94,0,,,nflverse snap_counts (not on desk injury list) | game day: nflverse snap_counts + weekly_rosters
2026,2,2026_02_SEA_ARI,401872943,SEA,ARI,Ernest Jones,00-0036994,JoneEr01,4362851,LB,F7,LB,ILB,0.963,1,1,,,,,,,none,,,0,0.7,0,,,,,1,,1,48,0.96,0,,,nflverse snap_counts (not on desk injury list) | game day: nflverse snap_counts + weekly_rosters
2026,2,2026_02_SEA_ARI,401872943,SEA,ARI,Jarran Reed,00-0032387,ReedJa02,3115312,NT,F7,DL,NT,0.49,0,0.25,,,,,,,none,,,0,0.9,0,,,,,1,,1,22,0.44,0,,,nflverse snap_counts (not on desk injury list) | game day: nflverse snap_counts + weekly_rosters
2026,2,2026_02_SEA_ARI,401872943,SEA,ARI,Leonard Williams,00-0031933,WillLe02,2971622,DE,F7,EDGE,DT,0.71,1,0.75,,,,,,,none,,,0,0.7,0,,,,,1,,1,35,0.7,0,,,nflverse snap_counts (not on desk injury list) | game day: nflverse snap_counts + weekly_rosters
2026,2,2026_02_SEA_ARI,401872943,SEA,ARI,Uchenna Nwosu,00-0034350,NwosUc00,3120358,LB,F7,LB,OLB,0.495,0,0.25,,,,,,,none,,,0,0.7,0,,,,,1,,1,24,0.48,0,,,nflverse snap_counts (not on desk injury list) | game day: nflverse snap_counts + weekly_rosters
2026,2,2026_02_SEA_ARI,401872943,SEA,ARI,Abraham Lucas,00-0037812,LucaAb00,,T,OL,T,T,1,1,1,,,,,,,none,,,0,1,0,,,,,1,,1,70,1,0,,,nflverse snap_counts (not on desk injury list) | game day: nflverse snap_counts + weekly_rosters
2026,2,2026_02_SEA_ARI,401872943,SEA,ARI,Anthony Bradford,00-0039020,BradAn00,,OG,OL,G/C,G,0.973,1,1,,,,,,Knee,Out,,DNP,1,0.8,0.8,OUT,1,1,0.5,0,,0,0,0,0,,,data/postmortem/locks/2026-w02-sea-ari.json | game day: nflverse snap_counts + weekly_rosters
2026,2,2026_02_SEA_ARI,401872943,SEA,ARI,Charles Cross,00-0037821,CrosCh00,,T,OL,T,T,0.92,1,1,,,,,,,none,,,0,1,0,,,,,1,,1,70,1,0,,,nflverse snap_counts (not on desk injury list) | game day: nflverse snap_counts + weekly_rosters
2026,2,2026_02_SEA_ARI,401872943,SEA,ARI,Grey Zabel,00-0040639,ZabeGr00,,G,OL,G/C,G,1,1,1,,,,,,,none,,,0,0.8,0,,,,,1,,1,70,1,0,,,nflverse snap_counts (not on desk injury list) | game day: nflverse snap_counts + weekly_rosters
2026,2,2026_02_SEA_ARI,401872943,SEA,ARI,Jalen Sundell,00-0039926,SundJa00,,C,OL,G/C,C,0.973,1,1,,,,,,,none,,,0,0.8,0,,,,,1,,1,70,1,0,,,nflverse snap_counts (not on desk injury list) | game day: nflverse snap_counts + weekly_rosters
2026,2,2026_02_MIA_SF,401872942,SF,MIA,Alfred Collins,00-0040721,CollAl01,4430835,DL,F7,DL,DT,0.34,0,0,,,,,,,none,,,0,0.9,0,,,,,0,,0,0,0,0,,,nflverse snap_counts (not on desk injury list) | game day: nflverse snap_counts + weekly_rosters
2026,2,2026_02_MIA_SF,401872942,SF,MIA,CJ West,00-0040711,WestCJ00,4686308,DL,F7,DL,DT,0.43,0,0,,,,,,,none,,,0,0.9,0,,,,,1,,1,26,0.44,0,,,nflverse snap_counts (not on desk injury list) | game day: nflverse snap_counts + weekly_rosters
2026,2,2026_02_MIA_SF,401872942,SF,MIA,Garret Wallow,00-0036844,WallGa00,4241807,LB,F7,LB,OLB,0.6,1,0.75,,,,,,,none,,,0,0.7,0,,,,,1,,1,12,0.2,1,,,nflverse snap_counts (not on desk injury list) | game day: nflverse snap_counts + weekly_rosters
2026,2,2026_02_MIA_SF,401872942,SF,MIA,Keion White,00-0039148,WhitKe03,4243493,DL,F7,DL,DE,0.522,0,0.25,,,,,,,none,,FP,0,0.9,0,,,,,1,,1,32,0.54,0,,,nflverse snap_counts (not on desk injury list) | game day: nflverse snap_counts + weekly_rosters
2026,2,2026_02_MIA_SF,401872942,SF,MIA,Mykel Williams,00-0040660,WillMy00,4685623,EDGE1,F7,DL,DE,0,0,0,,,,,,,Pup,,unknown,1,0.9,0,PUP,1,1,0.37,0,,0,0,0,0,,,data/postmortem/locks/2026-w02-mia-sf.json | game day: nflverse snap_counts + weekly_rosters
2026,2,2026_02_MIA_SF,401872942,SF,MIA,Sam Okuayinonu,00-0037602,OkuaSa00,4569497,DL,F7,DL,DE,0.4,0,0,,,,,,,none,,,0,0.9,0,,,,,0,,0,0,0,0,,,nflverse snap_counts (not on desk injury list) | game day: nflverse snap_counts + weekly_rosters
2026,2,2026_02_MIA_SF,401872942,SF,MIA,Colton McKivitz,00-0036256,McKiCo00,,OL,OL,G/C,T,1,1,1,,,,,,,none,,,0,0.8,0,,,,,1,,1,52,1,0,,,nflverse snap_counts (not on desk injury list) | game day: nflverse snap_counts + weekly_rosters
2026,2,2026_02_MIA_SF,401872942,SF,MIA,Dominick Puni,00-0039351,PuniDo00,,OL,OL,G/C,G,0.988,1,1,,,,,,,none,,,0,0.8,0,,,,,1,,1,46,0.88,0,,,nflverse snap_counts (not on desk injury list) | game day: nflverse snap_counts + weekly_rosters
2026,2,2026_02_MIA_SF,401872942,SF,MIA,Jake Brendel,00-0032701,BrenJa01,,OL,OL,G/C,C,0.988,1,1,,,,,,,none,,,0,0.8,0,,,,,1,,1,44,0.85,0,,,nflverse snap_counts (not on desk injury list) | game day: nflverse snap_counts + weekly_rosters
2026,2,2026_02_MIA_SF,401872942,SF,MIA,Trent Williams,00-0027857,WillTr21,,T,OL,T,T,0.738,1,0.75,,,,,,,none,,FP,0,1,0,,,,,1,,1,44,0.85,0,,,nflverse snap_counts (not on desk injury list) | game day: nflverse snap_counts + weekly_rosters
2026,2,2026_02_CLE_TB,401872935,TB,CLE,Elijah Roberts,00-0040183,RobeEl01,4690795,DL,F7,DL,DE,0.365,0,0,,,,,,,none,,,0,0.9,0,,,,,1,,1,17,0.29,0,,,nflverse snap_counts (not on desk injury list) | game day: nflverse snap_counts + weekly_rosters
2026,2,2026_02_CLE_TB,401872935,TB,CLE,Mohamed Kamara,00-0039877,KamaMo00,4427677,LB,F7,LB,OLB,0,0,0,,,,,,,IR,,unknown,1,0.7,0,IR,1,1,0.5,0,,0,0,0,0,,,data/postmortem/locks/2026-w02-cle-tb.json | game day: nflverse snap_counts + weekly_rosters
2026,2,2026_02_CLE_TB,401872935,TB,CLE,SirVocea Dennis,00-0039049,DennSi00,4429511,LB,F7,LB,ILB,0.71,1,0.75,,,,,,,none,,,0,0.7,0,,,,,1,,1,9,0.16,1,,,nflverse snap_counts (not on desk injury list) | game day: nflverse snap_counts + weekly_rosters
2026,2,2026_02_CLE_TB,401872935,TB,CLE,Vita Vea,00-0034773,VeaxVi00,3134362,NT,F7,DL,NT,0.755,1,1,,,,,,,none,,,0,0.9,0,,,,,1,,1,36,0.62,0,,,nflverse snap_counts (not on desk injury list) | game day: nflverse snap_counts + weekly_rosters
2026,2,2026_02_CLE_TB,401872935,TB,CLE,YaYa Diaby,00-0039068,DiabYa00,4686334,LB,F7,LB,OLB,0.713,1,0.75,,,,,,,none,,,0,0.7,0,,,,,1,,1,37,0.64,0,,,nflverse snap_counts (not on desk injury list) | game day: nflverse snap_counts + weekly_rosters
2026,2,2026_02_CLE_TB,401872935,TB,CLE,Dan Feeney,00-0033910,FeenDa00,,G,OL,G/C,C,0.75,1,1,,,,,,,none,,,0,0.8,0,,,,,1,,0,0,0,0,,,nflverse snap_counts (not on desk injury list) | game day: nflverse snap_counts + weekly_rosters
2026,2,2026_02_CLE_TB,401872935,TB,CLE,Graham Barton,00-0039905,BartGr00,,C,OL,G/C,C,1,1,1,,,,,,,none,,,0,0.8,0,,,,,1,,1,65,1,0,,,nflverse snap_counts (not on desk injury list) | game day: nflverse snap_counts + weekly_rosters
2026,2,2026_02_CLE_TB,401872935,TB,CLE,Luke Goedeke,00-0037835,GoedLu00,,T,OL,T,T,1,1,1,,,,,,,none,,,0,1,0,,,,,1,,1,65,1,0,,,nflverse snap_counts (not on desk injury list) | game day: nflverse snap_counts + weekly_rosters
2026,2,2026_02_CLE_TB,401872935,TB,CLE,Tristan Wirfs,00-0036406,WirfTr00,,T,OL,T,T,0.75,1,1,,,,,,,none,,,0,1,0,,,,,1,,1,65,1,0,,,nflverse snap_counts (not on desk injury list) | game day: nflverse snap_counts + weekly_rosters
2026,2,2026_02_PHI_TEN,401872939,TEN,PHI,Cedric Gray,00-0039858,GrayCe00,4429834,LB,F7,LB,OLB,0.492,0,0.25,,,,,,Concussion,Questionable,,FP,0.12,0.7,0.021,,,,,1,,1,30,0.39,0,,,nflverse snap_counts (not on desk injury list) | game day: nflverse snap_counts + weekly_rosters
2026,2,2026_02_PHI_TEN,401872939,TEN,PHI,Cody Barton,00-0035672,BartCo00,3926229,LB,F7,LB,MLB,0.992,1,1,,,,,,,none,,,0,0.7,0,,,,,1,,1,59,0.78,0,,,nflverse snap_counts (not on desk injury list) | game day: nflverse snap_counts + weekly_rosters
2026,2,2026_02_PHI_TEN,401872939,TEN,PHI,James Williams Sr.,00-0039430,WillJa15,4431613,LB,F7,LB,OLB,0.44,0,0,,,,,,Elbow,Questionable,,LP,0.24,0.7,0,QUESTIONABLE,1,0.35,0.17,0,,0,0,0,0,,,data/postmortem/locks/2026-w02-phi-ten.json | game day: nflverse snap_counts + weekly_rosters
2026,2,2026_02_PHI_TEN,401872939,TEN,PHI,Jaylen Harrell,00-0039436,HarrJa05,4429058,LB,F7,LB,OLB,0.497,0,0.25,,,,,,,none,,,0,0.7,0,,,,,0,,0,0,0,0,,,nflverse snap_counts (not on desk injury list) | game day: nflverse snap_counts + weekly_rosters
2026,2,2026_02_PHI_TEN,401872939,TEN,PHI,Jeffery Simmons,00-0035643,SimmJe01,4035369,DT,F7,DL,DT,0.792,1,1,,,,,,,none,,,0,0.9,0,,,,,1,,1,66,0.87,0,,,nflverse snap_counts (not on desk injury list) | game day: nflverse snap_counts + weekly_rosters
2026,2,2026_02_PHI_TEN,401872939,TEN,PHI,Milo Eifler,00-0036511,EiflMi00,4371940,LB,F7,LB,ILB,0,0,0,,,,,,,IR,,unknown,1,0.7,0,IR,1,1,0.5,0,,0,0,0,0,,,data/postmortem/locks/2026-w02-phi-ten.json | game day: nflverse snap_counts + weekly_rosters
2026,2,2026_02_PHI_TEN,401872939,TEN,PHI,Andre James,00-0035127,JameAn01,,C,OL,G/C,C,0,0,0,,,,,,,IR,,unknown,1,0.8,0,IR,1,1,0.8,,,0,0,0,0,,,data/postmortem/locks/2026-w02-phi-ten.json | game day: nflverse snap_counts + weekly_rosters
2026,2,2026_02_PHI_TEN,401872939,TEN,PHI,Dan Moore,00-0036869,MoorDa05,,T,OL,T,T,0.998,1,1,,,,,,,none,,,0,1,0,,,,,1,,1,53,1,0,,,nflverse snap_counts (not on desk injury list) | game day: nflverse snap_counts + weekly_rosters
2026,2,2026_02_PHI_TEN,401872939,TEN,PHI,JC Latham,00-0039731,LathJC00,,T,OL,T,T,1,1,1,,,,,,,none,,,0,1,0,,,,,1,,1,53,1,0,,,nflverse snap_counts (not on desk injury list) | game day: nflverse snap_counts + weekly_rosters
2026,2,2026_02_PHI_TEN,401872939,TEN,PHI,Peter Skoronski,00-0039034,SkorPe00,,OL,OL,G/C,G,1,1,1,,,,,,,none,,,0,0.8,0,,,,,1,,1,53,1,0,,,nflverse snap_counts (not on desk injury list) | game day: nflverse snap_counts + weekly_rosters
2026,2,2026_02_WAS_DAL,401872944,WSH,DAL,Daron Payne,00-0034333,PaynDa00,3925354,DT,F7,DL,DT,0.453,0,0.25,,,,,,,none,,FP,0,0.9,0,,,,,1,,1,37,0.67,0,,,nflverse snap_counts (not on desk injury list) | game day: nflverse snap_counts + weekly_rosters
2026,2,2026_02_WAS_DAL,401872944,WSH,DAL,Deatrich Wise Jr.,00-0033947,WiseDe00,2980080,EDGE1,F7,EDGE,DE,0,0,0,,,,,,,Pup,,unknown,1,0.7,0,PUP,1,1,1.5,0,,0,0,0,0,,,data/postmortem/locks/2026-w02-wsh-dal.json | game day: nflverse snap_counts + weekly_rosters
2026,2,2026_02_WAS_DAL,401872944,WSH,DAL,Frankie Luvu,00-0034302,LuvuFr00,3127273,LB,F7,LB,ILB,0.882,1,1,,,,,,Groin,Out,,DNP,1,0.7,0.7,OUT,1,1,0.2,0,,0,0,0,0,,,data/postmortem/locks/2026-w02-wsh-dal.json | game day: nflverse snap_counts + weekly_rosters
2026,2,2026_02_WAS_DAL,401872944,WSH,DAL,Javon Kinlaw,00-0036260,KinlJa00,4259491,IDL,F7,DL,DT,0.637,1,0.75,,,,,,Back,Questionable,,LP,0.24,0.9,0.162,QUESTIONABLE,1,0.35,0.28,1,,1,31,0.56,0,,,data/postmortem/locks/2026-w02-wsh-dal.json | game day: nflverse snap_counts + weekly_rosters
2026,2,2026_02_WAS_DAL,401872944,WSH,DAL,Jer'Zhan Newton,00-0039906,NewtJe00,4430560,DT,F7,DL,DT,0.407,0,0,,,,,,,none,,,0,0.9,0,,,,,0,,0,0,0,0,,,nflverse snap_counts (not on desk injury list) | game day: nflverse snap_counts + weekly_rosters
2026,2,2026_02_WAS_DAL,401872944,WSH,DAL,Jordan Magee,00-0039368,MageJo00,4568617,LB,F7,LB,ILB,0.388,0,0,,,,,,,IR,,unknown,1,0.7,0,IR,1,1,0.5,0,,0,0,0,0,,,data/postmortem/locks/2026-w02-wsh-dal.json | game day: nflverse snap_counts + weekly_rosters
2026,2,2026_02_WAS_DAL,401872944,WSH,DAL,Andrew Wylie,00-0033831,WyliAn00,,G,OL,G/C,T,0.435,0,0,,,,,,,none,,,0,0.8,0,,,,,1,,1,12,0.17,0,,,nflverse snap_counts (not on desk injury list) | game day: nflverse snap_counts + weekly_rosters
2026,2,2026_02_WAS_DAL,401872944,WSH,DAL,Brandon Coleman,00-0039913,ColeBr02,,T,OL,T,T,0.968,1,1,,,,,,,none,,,0,1,0,,,,,1,,1,61,0.86,0,,,nflverse snap_counts (not on desk injury list) | game day: nflverse snap_counts + weekly_rosters
2026,2,2026_02_WAS_DAL,401872944,WSH,DAL,Chris Paul,00-0037092,PaulCh00,,G,OL,G/C,G,1,1,1,,,,,,,none,,FP,0,0.8,0,,,,,1,,1,71,1,0,,,nflverse snap_counts (not on desk injury list) | game day: nflverse snap_counts + weekly_rosters
2026,2,2026_02_WAS_DAL,401872944,WSH,DAL,Josh Conerly,00-0040686,ConeJo00,,T,OL,T,T,1,1,1,,,,,,,none,,,0,1,0,,,,,1,,1,71,1,0,,,nflverse snap_counts (not on desk injury list) | game day: nflverse snap_counts + weekly_rosters
2026,2,2026_02_WAS_DAL,401872944,WSH,DAL,Laremy Tunsil,00-0032380,TunsLa00,,LT,OL,T,T,0,0,0,,,,,,,IR,,unknown,1,1,0,IR,1,1,4.5,0,,0,0,0,0,,,data/postmortem/locks/2026-w02-wsh-dal.json | game day: nflverse snap_counts + weekly_rosters
2026,2,2026_02_WAS_DAL,401872944,WSH,DAL,Nick Allegretti,00-0035149,AlleNi00,,G,OL,G/C,G,0.768,1,1,,,,,,,none,,,0,0.8,0,,,,,1,,1,71,1,0,,,nflverse snap_counts (not on desk injury list) | game day: nflverse snap_counts + weekly_rosters
2026,3,2026_03_ARI_SF,401872958,ARI,SF,Baron Browning,00-0036995,BrowBa01,4241987,LB,F7,LB,OLB,0.475,0,0.25,,,,,,,none,,,0,0.7,0,,,,,1,,1,27,0.5,0,,,nflverse snap_counts (not on desk injury list) | game day: nflverse snap_counts + weekly_rosters
2026,3,2026_03_ARI_SF,401872958,ARI,SF,Cody Simon,00-0040645,SimoCo01,4429071,LB,F7,LB,ILB,0.497,0,0.25,,,,,,,none,,,0,0.7,0,,,,,1,,1,2,0.04,0,,,nflverse snap_counts (not on desk injury list) | game day: nflverse snap_counts + weekly_rosters
2026,3,2026_03_ARI_SF,401872958,ARI,SF,Dante Stills,00-0038623,StilDa01,4362225,DL,F7,DL,DE,0.492,0,0.25,,,,,,,none,,,0,0.9,0,,,,,1,,1,30,0.56,0,,,nflverse snap_counts (not on desk injury list) | game day: nflverse snap_counts + weekly_rosters
2026,3,2026_03_ARI_SF,401872958,ARI,SF,Darius Robinson,00-0039854,RobiDa01,4569480,DL,F7,DL,DT,0.465,0,0.25,,,,,,,none,,,0,0.9,0,,,,,1,,1,17,0.31,0,,,nflverse snap_counts (not on desk injury list) | game day: nflverse snap_counts + weekly_rosters
2026,3,2026_03_ARI_SF,401872958,ARI,SF,Jack Gibbens,00-0037596,GibbJa00,4249739,LB,F7,LB,ILB,0.492,0,0.25,,,,,,,none,,,0,0.7,0,,,,,1,,1,50,0.93,0,,,nflverse snap_counts (not on desk injury list) | game day: nflverse snap_counts + weekly_rosters
2026,3,2026_03_ARI_SF,401872958,ARI,SF,Jordan Burch,00-0040137,BurcJo00,4428996,LB,F7,LB,OLB,0.432,0,0,,,,,,,none,,,0,0.7,0,,,,,1,,1,24,0.44,0,,,nflverse snap_counts (not on desk injury list) | game day: nflverse snap_counts + weekly_rosters
2026,3,2026_03_ARI_SF,401872958,ARI,SF,Josh Sweat,00-0034381,SweaJo00,3693166,LB,F7,LB,OLB,0.395,0,0,,,,,,,none,,FP,0,0.7,0,,,,,1,,1,24,0.44,0,,,nflverse snap_counts (not on desk injury list) | game day: nflverse snap_counts + weekly_rosters
2026,3,2026_03_ARI_SF,401872958,ARI,SF,Kaleb Proctor,00-0041555,ProcKa01,5084514,IDL,F7,DL,DT,0,0,0,,,,,,,IR,,unknown,1,0.9,0,IR,1,1,0.25,0,,0,0,0,0,,,data/postmortem/locks/2026-w03-ari-sf.json | game day: nflverse snap_counts + weekly_rosters
2026,3,2026_03_ARI_SF,401872958,ARI,SF,L.J. Collier,00-0035636,CollLJ00,3116449,DL,F7,DL,DE,0.405,0,0,,,,,,,none,,,0,0.9,0,,,,,1,,1,20,0.37,0,,,nflverse snap_counts (not on desk injury list) | game day: nflverse snap_counts + weekly_rosters
2026,3,2026_03_ARI_SF,401872958,ARI,SF,Mack Wilson,00-0035144,WilsMa03,4040983,LB,F7,LB,ILB,0.483,0,0.25,,,,,,,none,,FP,0,0.7,0,,,,,1,,1,52,0.96,0,,,nflverse snap_counts (not on desk injury list) | game day: nflverse snap_counts + weekly_rosters
2026,3,2026_03_ARI_SF,401872958,ARI,SF,Roy Lopez,00-0036568,LopeRo00,4040805,IDL,F7,DL,NT,0.295,0,0,,,,,,Groin,Questionable,,LP,0.24,0.9,0,QUESTIONABLE,1,0.35,0.07,1,,1,34,0.63,0,,,data/postmortem/locks/2026-w03-ari-sf.json | game day: nflverse snap_counts + weekly_rosters
2026,3,2026_03_ARI_SF,401872958,ARI,SF,Walter Nolen,00-0040706,NoleWa00,4685503,DL,F7,DL,DT,0.305,0,0,,,,,,,none,,,0,0.9,0,,,,,1,,1,34,0.63,0,,,nflverse snap_counts (not on desk injury list) | game day: nflverse snap_counts + weekly_rosters
2026,3,2026_03_ARI_SF,401872958,ARI,SF,Zaven Collins,00-0036933,CollZa00,4244606,LB,F7,LB,OLB,0.45,0,0.25,,,,,,,none,,,0,0.7,0,,,,,1,,1,23,0.43,0,,,nflverse snap_counts (not on desk injury list) | game day: nflverse snap_counts + weekly_rosters
2026,3,2026_03_ARI_SF,401872958,ARI,SF,Chase Bisontis,00-0041468,BisoCh00,,OG,OL,G/C,G,0,0,0,,,,,,,IR,,unknown,1,0.8,0,IR,1,1,0.2,0,,0,0,0,0,,,data/postmortem/locks/2026-w03-ari-sf.json | game day: nflverse snap_counts + weekly_rosters
2026,3,2026_03_ARI_SF,401872958,ARI,SF,Elijah Wilkinson,00-0033676,WilkEl00,,OL,OL,G/C,T,0.5,0,0.25,,,,,,,none,,,0,0.8,0,,,,,1,,1,87,1,0,,,nflverse snap_counts (not on desk injury list) | game day: nflverse snap_counts + weekly_rosters
2026,3,2026_03_ARI_SF,401872958,ARI,SF,Hjalte Froholdt,00-0035258,FrohHj00,,C,OL,G/C,C,1,1,1,,,,,,,Questionable,,FP,0.12,0.8,0.096,QUESTIONABLE,1,0.35,0.09,1,,1,87,1,0,,,data/postmortem/locks/2026-w03-ari-sf.json | game day: nflverse snap_counts + weekly_rosters
2026,3,2026_03_ARI_SF,401872958,ARI,SF,Isaac Seumalo,00-0032954,SeumIs00,,G,OL,G/C,G,0.49,0,0.25,,,,,,,none,,FP,0,0.8,0,,,,,1,,1,87,1,0,,,nflverse snap_counts (not on desk injury list) | game day: nflverse snap_counts + weekly_rosters
2026,3,2026_03_ARI_SF,401872958,ARI,SF,Isaiah Adams,00-0039808,AdamIs01,,OL,OL,G/C,G,0.75,1,1,,,,,,,none,,,0,0.8,0,,,,,1,,1,87,1,0,,,nflverse snap_counts (not on desk injury list) | game day: nflverse snap_counts + weekly_rosters
2026,3,2026_03_ARI_SF,401872958,ARI,SF,Jon Gaines,00-0038571,GainJo00,,OL,OL,G/C,C,0.682,1,0.75,,,,,,,none,,,0,0.8,0,,,,,1,,0,0,0,0,,,nflverse snap_counts (not on desk injury list) | game day: nflverse snap_counts + weekly_rosters
2026,3,2026_03_ARI_SF,401872958,ARI,SF,Josh Fryar,00-0040382,FryaJo00,,OL,OL,G/C,T,0.5,0,0.25,,,,,,,none,,,0,0.8,0,,,,,0,,0,0,0,0,,,nflverse snap_counts (not on desk injury list) | game day: nflverse snap_counts + weekly_rosters
2026,3,2026_03_ARI_SF,401872958,ARI,SF,Paris Johnson,00-0038540,JohnPa03,,OL,OL,G/C,T,0.5,0,0.25,,,,,,,none,,,0,0.8,0,,,,,1,,1,87,1,0,,,nflverse snap_counts (not on desk injury list) | game day: nflverse snap_counts + weekly_rosters
2026,3,2026_03_ATL_GB,401872948,ATL,GB,Brandon Dorlus,00-0039859,DorlBr00,4427090,DL,F7,DL,DT,0.333,0,0,,,,,,,none,,FP,0,0.9,0,,,,,1,,1,43,0.65,0,,,nflverse snap_counts (not on desk injury list) | game day: nflverse snap_counts + weekly_rosters
2026,3,2026_03_ATL_GB,401872948,ATL,GB,Da'Shawn Hand,00-0034371,HandDa00,3126352,IDL,F7,DL,DT,0.025,0,0,,,,,,,IR,,unknown,1,0.9,0,IR,1,1,0.25,0,,0,0,0,0,,,data/postmortem/locks/2026-w03-atl-gb.json | game day: nflverse snap_counts + weekly_rosters
2026,3,2026_03_ATL_GB,401872948,ATL,GB,Divine Deablo,00-0036990,DeabDi00,4037626,LB,F7,LB,ILB,0.955,1,1,,,,,,,none,,,0,0.7,0,,,,,1,,1,66,1,0,,,nflverse snap_counts (not on desk injury list) | game day: nflverse snap_counts + weekly_rosters
2026,3,2026_03_ATL_GB,401872948,ATL,GB,Jalon Walker,00-0040577,WalkJa02,4685597,EDGE1,F7,EDGE,OLB,0.228,0,0,,,,,,,IR,,unknown,1,0.7,0,IR,1,1,0.2,0,,0,0,0,0,,,data/postmortem/locks/2026-w03-atl-gb.json | game day: nflverse snap_counts + weekly_rosters
2026,3,2026_03_ATL_GB,401872948,ATL,GB,Kendal Daniels,00-0041066,DaniKe00,4595343,LB,F7,LB,ILB,0.323,0,0,,,,,,,none,,,0,0.7,0,,,,,1,,1,25,0.38,0,,,nflverse snap_counts (not on desk injury list) | game day: nflverse snap_counts + weekly_rosters
2026,3,2026_03_ATL_GB,401872948,ATL,GB,LaCale London,00-0036204,LondLa00,4376288,DL,F7,DL,DT,0.388,0,0,,,,,,,none,,FP,0,0.9,0,,,,,1,,1,19,0.29,0,,,nflverse snap_counts (not on desk injury list) | game day: nflverse snap_counts + weekly_rosters
2026,3,2026_03_ATL_GB,401872948,ATL,GB,Samson Ebukam,00-0033945,EbukSa00,3045527,EDGE1,F7,EDGE,DE,0.212,0,0,,,,,,Hamstring,Out,,DNP,1,0.7,0,OUT,1,1,0.2,0,,0,0,0,0,,,data/postmortem/locks/2026-w03-atl-gb.json | game day: nflverse snap_counts + weekly_rosters
2026,3,2026_03_ATL_GB,401872948,ATL,GB,Cameron Williams,00-0040687,WillCa04,,OG,OL,T,T,0,0,0,,,,,,,IR,,unknown,1,1,0,IR,1,1,0.25,0,,0,0,0,0,,,data/postmortem/locks/2026-w03-atl-gb.json | game day: nflverse snap_counts + weekly_rosters
2026,3,2026_03_ATL_GB,401872948,ATL,GB,Chris Lindstrom,00-0035630,LindCh00,,G,OL,G/C,G,0.927,1,1,,,,,,,none,,,0,0.8,0,,,,,1,,1,71,1,0,,,nflverse snap_counts (not on desk injury list) | game day: nflverse snap_counts + weekly_rosters
2026,3,2026_03_ATL_GB,401872948,ATL,GB,Jake Matthews,00-0031279,MattJa00,,T,OL,T,T,1,1,1,,,,,,,none,,,0,1,0,,,,,1,,1,71,1,0,,,nflverse snap_counts (not on desk injury list) | game day: nflverse snap_counts + weekly_rosters
2026,3,2026_03_ATL_GB,401872948,ATL,GB,Jawaan Taylor,00-0035237,TaylJa02,,T,OL,T,T,0.405,0,0,,,,,,,none,,FP,0,1,0,,,,,1,,1,71,1,0,,,nflverse snap_counts (not on desk injury list) | game day: nflverse snap_counts + weekly_rosters
2026,3,2026_03_ATL_GB,401872948,ATL,GB,Matthew Bergeron,00-0039048,BergMa00,,OL,OL,G/C,G,1,1,1,,,,,,,none,,,0,0.8,0,,,,,1,,1,71,1,0,,,nflverse snap_counts (not on desk injury list) | game day: nflverse snap_counts + weekly_rosters
2026,3,2026_03_ATL_GB,401872948,ATL,GB,Ryan Neuzil,00-0036833,NeuzRy00,,OL,OL,G/C,C,1,1,1,,,,,,,none,,,0,0.8,0,,,,,1,,1,71,1,0,,,nflverse snap_counts (not on desk injury list) | game day: nflverse snap_counts + weekly_rosters
2026,3,2026_03_BAL_DAL,401872960,BAL,DAL,John Jenkins,00-0030070,JenkJo00,15846,DL,F7,DL,NT,0.37,0,0,,,,,,,none,,,0,0.9,0,,,,,1,,1,12,0.16,0,,,nflverse snap_counts (not on desk injury list) | game day: nflverse snap_counts + weekly_rosters
2026,3,2026_03_BAL_DAL,401872960,BAL,DAL,Mike Green,00-0040722,GreeMi02,4683188,LB,F7,LB,OLB,0.46,0,0.25,,,,,,,none,,,0,0.7,0,,,,,1,,1,22,0.3,0,,,nflverse snap_counts (not on desk injury list) | game day: nflverse snap_counts + weekly_rosters
2026,3,2026_03_BAL_DAL,401872960,BAL,DAL,Roquan Smith,00-0034874,SmitRo07,3915189,LB,F7,LB,ILB,0.968,1,1,,,,,,,none,,,0,0.7,0,,,,,1,,1,74,1,0,,,nflverse snap_counts (not on desk injury list) | game day: nflverse snap_counts + weekly_rosters
2026,3,2026_03_BAL_DAL,401872960,BAL,DAL,Tavius Robinson,00-0038505,RobiTa00,4690179,LB,F7,LB,OLB,0.765,1,1,,,,,,,none,,,0,0.7,0,,,,,1,,1,58,0.78,0,,,nflverse snap_counts (not on desk injury list) | game day: nflverse snap_counts + weekly_rosters
2026,3,2026_03_BAL_DAL,401872960,BAL,DAL,Travis Jones,00-0037756,JoneTr00,4362139,DL,F7,DL,NT,0.698,1,0.75,,,,,,,none,,,0,0.9,0,,,,,1,,1,42,0.57,0,,,nflverse snap_counts (not on desk injury list) | game day: nflverse snap_counts + weekly_rosters
2026,3,2026_03_BAL_DAL,401872960,BAL,DAL,Trenton Simpson,00-0038504,SimpTr00,4430831,LB,F7,LB,ILB,0.635,1,0.75,,,,,,,none,,,0,0.7,0,,,,,1,,1,46,0.62,0,,,nflverse snap_counts (not on desk injury list) | game day: nflverse snap_counts + weekly_rosters
2026,3,2026_03_BAL_DAL,401872960,BAL,DAL,Trey Hendrickson,00-0033935,HendTr00,3052743,LB,F7,EDGE,OLB,0.318,0,0,,,,,,,Questionable,,FP,0.12,0.7,0,QUESTIONABLE,1,0.35,0.18,1,,1,45,0.61,0,,,data/postmortem/locks/2026-w03-bal-dal.json | game day: nflverse snap_counts + weekly_rosters
2026,3,2026_03_BAL_DAL,401872960,BAL,DAL,Andrew Vorhees,00-0038383,VorhAn00,,OL,OL,G/C,G,0.438,0,0,,,,,,,none,,,0,0.8,0,,,,,1,,1,8,0.12,0,,,nflverse snap_counts (not on desk injury list) | game day: nflverse snap_counts + weekly_rosters
2026,3,2026_03_BAL_DAL,401872960,BAL,DAL,John Simpson,00-0036369,SimpJo00,,OL,OL,G/C,G,0.5,0,0.25,,,,,,,none,,FP,0,0.8,0,,,,,1,,1,64,1,0,,,nflverse snap_counts (not on desk injury list) | game day: nflverse snap_counts + weekly_rosters
2026,3,2026_03_BAL_DAL,401872960,BAL,DAL,Jovaughn Gwyn,00-0038629,GwynJo00,,OL,OL,G/C,C,0.5,0,0.25,,,,,,,none,,,0,0.8,0,,,,,1,,1,46,0.72,0,,,nflverse snap_counts (not on desk injury list) | game day: nflverse snap_counts + weekly_rosters
2026,3,2026_03_BAL_DAL,401872960,BAL,DAL,Olaivavega Ioane,00-0040866,IoanOl00,,G,OL,G/C,G,0.5,0,0.25,,,,,,,none,,,0,0.8,0,,,,,1,,1,64,1,0,,,nflverse snap_counts (not on desk injury list) | game day: nflverse snap_counts + weekly_rosters
2026,3,2026_03_BAL_DAL,401872960,BAL,DAL,Roger Rosengarten,00-0039233,RoseRo01,,T,OL,T,T,1,1,1,,,,,,,none,,,0,1,0,,,,,1,,1,64,1,0,,,nflverse snap_counts (not on desk injury list) | game day: nflverse snap_counts + weekly_rosters
2026,3,2026_03_BAL_DAL,401872960,BAL,DAL,Ronnie Stanley,00-0032965,StanRo00,,LT,OL,T,T,0.945,1,1,,,,,,Toe,Out,,DNP,0.45,1,0.45,QUESTIONABLE,1,0.35,0.09,0,,0,0,0,0,,,data/postmortem/locks/2026-w03-bal-dal.json | game day: nflverse snap_counts + weekly_rosters
2026,3,2026_03_LAC_BUF,401872953,BUF,LAC,Bradley Chubb,00-0034832,ChubBr00,3116733,LB,F7,LB,OLB,0.363,0,0,,,,,,,none,,FP,0,0.7,0,,,,,1,,1,56,0.81,0,,,nflverse snap_counts (not on desk injury list) | game day: nflverse snap_counts + weekly_rosters
2026,3,2026_03_LAC_BUF,401872953,BUF,LAC,Deone Walker,00-0040710,WalkDe04,4831989,DT,F7,DL,DT,0.667,1,0.75,,,,,,,none,,,0,0.9,0,,,,,1,,1,48,0.7,0,,,nflverse snap_counts (not on desk injury list) | game day: nflverse snap_counts + weekly_rosters
2026,3,2026_03_LAC_BUF,401872953,BUF,LAC,Dorian Williams,00-0038557,WillDo04,4568624,LB,F7,LB,ILB,0.405,0,0,,,,,,,none,,,0,0.7,0,,,,,1,,1,52,0.75,0,,,nflverse snap_counts (not on desk injury list) | game day: nflverse snap_counts + weekly_rosters
2026,3,2026_03_LAC_BUF,401872953,BUF,LAC,Ed Oliver,00-0035230,OlivEd00,4039303,IDL,F7,DL,DE,0.26,0,0,,,,,,Hip,Questionable,,FP,0.12,0.9,0,QUESTIONABLE,1,0.35,0.09,1,,1,28,0.41,0,,,data/postmortem/locks/2026-w03-lac-buf.json | game day: nflverse snap_counts + weekly_rosters
2026,3,2026_03_LAC_BUF,401872953,BUF,LAC,T.J. Sanders,00-0040724,SandTJ00,4684527,IDL,F7,DL,DE,0.138,0,0,,,,,,Illness,Out,,DNP,1,0.9,0,OUT,1,1,0.25,0,,0,0,0,0,,,data/postmortem/locks/2026-w03-lac-buf.json | game day: nflverse snap_counts + weekly_rosters
2026,3,2026_03_LAC_BUF,401872953,BUF,LAC,Terrel Bernard,00-0037254,BernTe00,4259166,LB,F7,LB,ILB,0.5,0,0.25,,,,,,,none,,DNP,0,0.7,0,,,,,1,,1,64,0.93,0,,,nflverse snap_counts (not on desk injury list) | game day: nflverse snap_counts + weekly_rosters
2026,3,2026_03_LAC_BUF,401872953,BUF,LAC,Alec Anderson,00-0037428,AndeAl01,,T,OL,T,G,0.56,0,0.25,,,,,,,none,,,0,1,0,,,,,1,,1,66,1,0,,,nflverse snap_counts (not on desk injury list) | game day: nflverse snap_counts + weekly_rosters
2026,3,2026_03_LAC_BUF,401872953,BUF,LAC,Ar'maj Reed-Adams,00-0041128,ReedAr01,,OG,OL,G/C,G,0,0,0,,,,,,Elbow,Questionable,,LP,0.24,0.8,0,QUESTIONABLE,1,0.35,0.09,0,,0,0,0,0,,,data/postmortem/locks/2026-w03-lac-buf.json | game day: nflverse snap_counts + weekly_rosters
2026,3,2026_03_LAC_BUF,401872953,BUF,LAC,Connor McGovern,00-0035679,McGoCo01,,G,OL,G/C,C,0.963,1,1,,,,,,,none,,,0,0.8,0,,,,,1,,1,66,1,0,,,nflverse snap_counts (not on desk injury list) | game day: nflverse snap_counts + weekly_rosters
2026,3,2026_03_LAC_BUF,401872953,BUF,LAC,Dion Dawkins,00-0033904,DawkDi00,,T,OL,T,T,1,1,1,,,,,,,none,,,0,1,0,,,,,1,,1,66,1,0,,,nflverse snap_counts (not on desk injury list) | game day: nflverse snap_counts + weekly_rosters
2026,3,2026_03_LAC_BUF,401872953,BUF,LAC,O'Cyrus Torrence,00-0038548,TorrOC00,,G,OL,G/C,G,1,1,1,,,,,,,none,,,0,0.8,0,,,,,1,,1,66,1,0,,,nflverse snap_counts (not on desk injury list) | game day: nflverse snap_counts + weekly_rosters
2026,3,2026_03_LAC_BUF,401872953,BUF,LAC,Spencer Brown,00-0036976,BrowSp00,,T,OL,T,T,1,1,1,,,,,,,none,,,0,1,0,,,,,1,,1,66,1,0,,,nflverse snap_counts (not on desk injury list) | game day: nflverse snap_counts + weekly_rosters
2026,3,2026_03_CAR_CLE,401872949,CAR,CLE,Bobby Okereke,00-0035687,OkerBo00,3117253,LB,F7,LB,ILB,0.4,0,0,,,,,,,none,,,0,0.7,0,,,,,1,,1,70,1,0,,,nflverse snap_counts (not on desk injury list) | game day: nflverse snap_counts + weekly_rosters
2026,3,2026_03_CAR_CLE,401872949,CAR,CLE,Derrick Brown,00-0036220,BrowDe05,4035495,DT,F7,DL,DE,0.772,1,1,,,,,,,none,,,0,0.9,0,,,,,1,,1,53,0.76,0,,,nflverse snap_counts (not on desk injury list) | game day: nflverse snap_counts + weekly_rosters
2026,3,2026_03_CAR_CLE,401872949,CAR,CLE,Devin Lloyd,00-0037244,LloyDe00,4243256,LB,F7,LB,ILB,0.425,0,0,,,,,,Calf,Out,,DNP,1,0.7,0,OUT,1,1,0.5,0,,0,0,0,0,,,data/postmortem/locks/2026-w03-car-cle.json | game day: nflverse snap_counts + weekly_rosters
2026,3,2026_03_CAR_CLE,401872949,CAR,CLE,Jaelan Phillips,00-0036934,PhilJa02,4242975,LB,F7,LB,OLB,0.33,0,0,,,,,,,none,,FP,0,0.7,0,,,,,1,,1,60,0.86,0,,,nflverse snap_counts (not on desk injury list) | game day: nflverse snap_counts + weekly_rosters
2026,3,2026_03_CAR_CLE,401872949,CAR,CLE,Nic Scourton,00-0040746,ScouNi00,4833355,LB,F7,LB,OLB,0.395,0,0,,,,,,,none,,,0,0.7,0,,,,,0,,0,0,0,0,,,nflverse snap_counts (not on desk injury list) | game day: nflverse snap_counts + weekly_rosters
2026,3,2026_03_CAR_CLE,401872949,CAR,CLE,Princely Umanmielen,00-0040136,UmanPr00,4429166,LB,F7,LB,OLB,0.3,0,0,,,,,,,none,,,0,0.7,0,,,,,1,,1,26,0.37,0,,,nflverse snap_counts (not on desk injury list) | game day: nflverse snap_counts + weekly_rosters
2026,3,2026_03_CAR_CLE,401872949,CAR,CLE,Tershawn Wharton,00-0035890,WharTe00,4058925,IDL,F7,DL,DT,0.165,0,0,,,,,,,Pup,,unknown,1,0.9,0,PUP,1,1,0.25,0,,0,0,0,0,,,data/postmortem/locks/2026-w03-car-cle.json | game day: nflverse snap_counts + weekly_rosters
2026,3,2026_03_CAR_CLE,401872949,CAR,CLE,Trevis Gipson,00-0036305,GipsTr00,3917016,LB,F7,LB,OLB,0.345,0,0,,,,,,,none,,,0,0.7,0,,,,,1,,1,23,0.33,0,,,nflverse snap_counts (not on desk injury list) | game day: nflverse snap_counts + weekly_rosters
2026,3,2026_03_CAR_CLE,401872949,CAR,CLE,Brady Christensen,00-0036968,ChriBr00,,OG,OL,G/C,G,0,0,0,,,,,,,IR,,unknown,1,0.8,0,IR,1,1,0.2,0,,0,0,0,0,,,data/postmortem/locks/2026-w03-car-cle.json | game day: nflverse snap_counts + weekly_rosters
2026,3,2026_03_CAR_CLE,401872949,CAR,CLE,Damien Lewis,00-0036417,LewiDa05,,G,OL,G/C,G,0.98,1,1,,,,,,,none,,,0,0.8,0,,,,,1,,1,58,0.75,0,,,nflverse snap_counts (not on desk injury list) | game day: nflverse snap_counts + weekly_rosters
2026,3,2026_03_CAR_CLE,401872949,CAR,CLE,Ikem Ekwonu,00-0037229,EkwoIk00,,LT,OL,T,T,0.28,0,0,,,,,,,Pup,,unknown,1,1,0,PUP,1,1,0.2,0,,0,0,0,0,,,data/postmortem/locks/2026-w03-car-cle.json | game day: nflverse snap_counts + weekly_rosters
2026,3,2026_03_CAR_CLE,401872949,CAR,CLE,Luke Fortner,00-0037814,FortLu01,,OL,OL,G/C,C,0.46,0,0.25,,,,,,,none,,,0,0.8,0,,,,,1,,1,77,1,0,,,nflverse snap_counts (not on desk injury list) | game day: nflverse snap_counts + weekly_rosters
2026,3,2026_03_CAR_CLE,401872949,CAR,CLE,Monroe Freeling,00-0041034,FreeMo00,,T,OL,T,T,0.475,0,0.25,,,,,,,none,,,0,1,0,,,,,1,,1,77,1,0,,,nflverse snap_counts (not on desk injury list) | game day: nflverse snap_counts + weekly_rosters
2026,3,2026_03_CAR_CLE,401872949,CAR,CLE,Rasheed Walker,00-0037196,WalkRa00,,T,OL,T,T,0.485,0,0.25,,,,,,,none,,,0,1,0,,,,,1,,1,77,1,0,,,nflverse snap_counts (not on desk injury list) | game day: nflverse snap_counts + weekly_rosters
2026,3,2026_03_CAR_CLE,401872949,CAR,CLE,Robert Hunt,00-0036325,HuntRo01,,G,OL,G/C,G,0.66,1,0.75,,,,,,,none,,,0,0.8,0,,,,,1,,1,77,1,0,,,nflverse snap_counts (not on desk injury list) | game day: nflverse snap_counts + weekly_rosters
2026,3,2026_03_CAR_CLE,401872949,CAR,CLE,Taylor Moton,00-0033284,MotoTa00,,RT,OL,T,T,0.5,0,0.25,,,,,,,Nfi,,unknown,1,1,0.25,NFI,1,1,0.25,0,,0,0,0,0,,,data/postmortem/locks/2026-w03-car-cle.json | game day: nflverse snap_counts + weekly_rosters
2026,3,2026_03_PHI_CHI,401872963,CHI,PHI,Austin Booker,00-0039840,BookAu00,4683553,DL,F7,DL,DE,0.703,1,0.75,,,,,,,none,,,0,0.9,0,,,,,1,,1,30,0.6,0,,,nflverse snap_counts (not on desk injury list) | game day: nflverse snap_counts + weekly_rosters
2026,3,2026_03_PHI_CHI,401872963,CHI,PHI,D'Marco Jackson,00-0037271,JackDM00,4241007,LB,F7,LB,OLB,0.562,0,0.25,,,,,,,none,,,0,0.7,0,,,,,1,,1,20,0.4,0,,,nflverse snap_counts (not on desk injury list) | game day: nflverse snap_counts + weekly_rosters
2026,3,2026_03_PHI_CHI,401872963,CHI,PHI,Dayo Odeyingbo,00-0036480,OdeyDa00,4242659,DL,F7,DL,DE,0.307,0,0,,,,,,,none,,,0,0.9,0,,,,,1,,1,32,0.64,0,,,nflverse snap_counts (not on desk injury list) | game day: nflverse snap_counts + weekly_rosters
2026,3,2026_03_PHI_CHI,401872963,CHI,PHI,Devin Bush Jr.,00-0035525,BushDe01,4036261,LB,F7,LB,MLB,0.49,0,0.25,,,,,,,none,,,0,0.7,0,,,,,1,,1,44,0.88,0,,,nflverse snap_counts (not on desk injury list) | game day: nflverse snap_counts + weekly_rosters
2026,3,2026_03_PHI_CHI,401872963,CHI,PHI,Grady Jarrett,00-0031583,JarrGr00,2576492,DL,F7,DL,DT,0.755,1,1,,,,,,,none,,FP,0,0.9,0,,,,,1,,1,40,0.8,0,,,nflverse snap_counts (not on desk injury list) | game day: nflverse snap_counts + weekly_rosters
2026,3,2026_03_PHI_CHI,401872963,CHI,PHI,Montez Sweat,00-0035647,SweaMo00,3134690,DL,F7,DL,DE,0.735,1,0.75,,,,,,,none,,,0,0.9,0,,,,,1,,1,38,0.76,0,,,nflverse snap_counts (not on desk injury list) | game day: nflverse snap_counts + weekly_rosters
2026,3,2026_03_PHI_CHI,401872963,CHI,PHI,Noah Sewell,00-0038390,SeweNo00,4430822,LB,F7,LB,OLB,0,0,0,,,,,,Achilles,Out,,LP,1,0.7,0,OUT,1,1,0.25,0,,0,0,0,0,,,data/postmortem/locks/2026-w03-phi-chi.json | game day: nflverse snap_counts + weekly_rosters
2026,3,2026_03_PHI_CHI,401872963,CHI,PHI,Shemar Turner,00-0040741,TurnSh00,4432804,IDL,F7,DL,DE,0,0,0,,,,,,Knee,Out,,LP,1,0.9,0,OUT,1,1,0.25,0,,0,0,0,0,,,data/postmortem/locks/2026-w03-phi-chi.json | game day: nflverse snap_counts + weekly_rosters
2026,3,2026_03_PHI_CHI,401872963,CHI,PHI,T.J. Edwards,00-0035386,EdwaTJ02,3121544,LB,F7,LB,OLB,0.542,0,0.25,,,,,,,none,,,0,0.7,0,,,,,1,,1,50,1,0,,,nflverse snap_counts (not on desk injury list) | game day: nflverse snap_counts + weekly_rosters
2026,3,2026_03_PHI_CHI,401872963,CHI,PHI,Braxton Jones,00-0037081,JoneBr08,,OL,OL,G/C,T,0.372,0,0,,,,,,,none,,,0,0.8,0,,,,,1,,1,33,0.46,0,,,nflverse snap_counts (not on desk injury list) | game day: nflverse snap_counts + weekly_rosters
2026,3,2026_03_PHI_CHI,401872963,CHI,PHI,Darnell Wright,00-0038932,WrigDa00,,OL,OL,G/C,T,1,1,1,,,,,,,none,,,0,0.8,0,,,,,1,,1,72,1,0,,,nflverse snap_counts (not on desk injury list) | game day: nflverse snap_counts + weekly_rosters
2026,3,2026_03_PHI_CHI,401872963,CHI,PHI,Garrett Bradbury,00-0035588,BradGa00,,C,OL,G/C,C,0.5,0,0.25,,,,,,,none,,,0,0.8,0,,,,,1,,1,72,1,0,,,nflverse snap_counts (not on desk injury list) | game day: nflverse snap_counts + weekly_rosters
2026,3,2026_03_PHI_CHI,401872963,CHI,PHI,Joe Thuney,00-0032391,ThunJo00,,OL,OL,G/C,G,1,1,1,,,,,,,none,,FP,0,0.8,0,,,,,1,,1,72,1,0,,,nflverse snap_counts (not on desk injury list) | game day: nflverse snap_counts + weekly_rosters
2026,3,2026_03_PHI_CHI,401872963,CHI,PHI,Jonah Jackson,00-0036258,JackJo03,,OL,OL,G/C,G,1,1,1,,,,,,,none,,,0,0.8,0,,,,,1,,1,72,1,0,,,nflverse snap_counts (not on desk injury list) | game day: nflverse snap_counts + weekly_rosters
2026,3,2026_03_CIN_PIT,401872950,CIN,PIT,B.J. Hill,00-0034800,HillB.00,3116748,IDL,F7,DL,DT,0.31,0,0,,,,,,Achilles,Doubtful,,DNP,1,0.9,0,DOUBTFUL,1,0.75,0.15,0,,0,0,0,0,,,data/postmortem/locks/2026-w03-cin-pit.json | game day: nflverse snap_counts + weekly_rosters
2026,3,2026_03_CIN_PIT,401872950,CIN,PIT,Barrett Carter,00-0040157,CartBa00,4431519,LB,F7,LB,ILB,0.93,1,1,,,,,,,none,,,0,0.7,0,,,,,1,,1,62,1,0,,,nflverse snap_counts (not on desk injury list) | game day: nflverse snap_counts + weekly_rosters
2026,3,2026_03_CIN_PIT,401872950,CIN,PIT,Boye Mafe,00-0038133,MafeBo00,4240754,LB,F7,LB,DE,0.34,0,0,,,,,,,none,,,0,0.7,0,,,,,1,,1,46,0.74,0,,,nflverse snap_counts (not on desk injury list) | game day: nflverse snap_counts + weekly_rosters
2026,3,2026_03_CIN_PIT,401872950,CIN,PIT,Cedric Johnson,00-0039752,JohnCe01,4430065,DE,F7,EDGE,DE,0.432,0,0,,,,,,,none,,,0,0.7,0,,,,,1,,1,12,0.19,0,,,nflverse snap_counts (not on desk injury list) | game day: nflverse snap_counts + weekly_rosters
2026,3,2026_03_CIN_PIT,401872950,CIN,PIT,Demetrius Knight,00-0040738,KnigDe00,4427729,LB,F7,LB,ILB,0.802,1,1,,,,,,,none,,,0,0.7,0,,,,,1,,1,56,0.9,0,,,nflverse snap_counts (not on desk injury list) | game day: nflverse snap_counts + weekly_rosters
2026,3,2026_03_CIN_PIT,401872950,CIN,PIT,Dexter Lawrence,00-0035683,LawrDe03,4035483,DL,F7,DL,NT,0.312,0,0,,,,,,,none,,DNP,0,0.9,0,,,,,1,,1,49,0.79,0,,,nflverse snap_counts (not on desk injury list) | game day: nflverse snap_counts + weekly_rosters
2026,3,2026_03_CIN_PIT,401872950,CIN,PIT,Jonathan Allen,00-0033523,AlleJo01,3054840,DL,F7,DL,DT,0.302,0,0,,,,,,,none,,FP,0,0.9,0,,,,,1,,1,47,0.76,0,,,nflverse snap_counts (not on desk injury list) | game day: nflverse snap_counts + weekly_rosters
2026,3,2026_03_CIN_PIT,401872950,CIN,PIT,Myles Murphy,00-0038546,MurpMy00,4428985,DE,F7,EDGE,DE,0.652,1,0.75,,,,,,,none,,,0,0.7,0,,,,,1,,1,45,0.73,0,,,nflverse snap_counts (not on desk injury list) | game day: nflverse snap_counts + weekly_rosters
2026,3,2026_03_CIN_PIT,401872950,CIN,PIT,Shemar Stewart,00-0040756,StewSh00,4685562,DE,F7,EDGE,DE,0.348,0,0,,,,,,,none,,,0,0.7,0,,,,,1,,0,0,0,0,,,nflverse snap_counts (not on desk injury list) | game day: nflverse snap_counts + weekly_rosters
2026,3,2026_03_CIN_PIT,401872950,CIN,PIT,Tedarrell Slaton,00-0036642,SlatTe00,4240612,DT,F7,DL,DT,0.408,0,0,,,,,,,none,,,0,0.9,0,,,,,1,,1,22,0.35,0,,,nflverse snap_counts (not on desk injury list) | game day: nflverse snap_counts + weekly_rosters
2026,3,2026_03_CIN_PIT,401872950,CIN,PIT,Amarius Mims,00-0039925,MimsAm00,,T,OL,T,T,0.907,1,1,,,,,,,none,,,0,1,0,,,,,1,,1,57,1,0,,,nflverse snap_counts (not on desk injury list) | game day: nflverse snap_counts + weekly_rosters
2026,3,2026_03_CIN_PIT,401872950,CIN,PIT,Brian Parker II,00-0041098,ParkBr02,,RT,OL,G/C,G,0,0,0,,,,,,,IR,,unknown,1,0.8,0,IR,1,1,0.25,0,,0,0,0,0,,,data/postmortem/locks/2026-w03-cin-pit.json | game day: nflverse snap_counts + weekly_rosters
2026,3,2026_03_CIN_PIT,401872950,CIN,PIT,Dalton Risner,00-0035702,RisnDa00,,G,OL,G/C,G,0.958,1,1,,,,,,,none,,,0,0.8,0,,,,,1,,1,57,1,0,,,nflverse snap_counts (not on desk injury list) | game day: nflverse snap_counts + weekly_rosters
2026,3,2026_03_CIN_PIT,401872950,CIN,PIT,Dylan Fairchild,00-0040140,FairDy00,,G,OL,G/C,G,1,1,1,,,,,,,none,,,0,0.8,0,,,,,1,,1,57,1,0,,,nflverse snap_counts (not on desk injury list) | game day: nflverse snap_counts + weekly_rosters
2026,3,2026_03_CIN_PIT,401872950,CIN,PIT,Orlando Brown Jr.,00-0034752,BrowOr00,,T,OL,T,T,1,1,1,,,,,,,none,,,0,1,0,,,,,1,,1,57,1,0,,,nflverse snap_counts (not on desk injury list) | game day: nflverse snap_counts + weekly_rosters
2026,3,2026_03_CIN_PIT,401872950,CIN,PIT,Ted Karras,00-0032445,KarrTe00,,C,OL,G/C,C,1,1,1,,,,,,,none,,,0,0.8,0,,,,,1,,1,57,1,0,,,nflverse snap_counts (not on desk injury list) | game day: nflverse snap_counts + weekly_rosters
2026,3,2026_03_CAR_CLE,401872949,CLE,CAR,Adin Huntington,00-0040255,HuntAd00,4605792,DT,F7,DL,DT,0.348,0,0,,,,,,,none,,,0,0.9,0,,,,,1,,1,17,0.22,0,,,nflverse snap_counts (not on desk injury list) | game day: nflverse snap_counts + weekly_rosters
2026,3,2026_03_CAR_CLE,401872949,CLE,CAR,Alex Wright,00-0037251,WrigAl01,4570119,DE,F7,EDGE,DE,0.34,0,0,,,,,,,none,,,0,0.7,0,,,,,0,,0,0,0,0,,,nflverse snap_counts (not on desk injury list) | game day: nflverse snap_counts + weekly_rosters
2026,3,2026_03_CAR_CLE,401872949,CLE,CAR,Carson Schwesinger,00-0040579,SchwCa00,4876017,LB,F7,LB,MLB,0.75,1,1,,,,,,,none,,,0,0.7,0,,,,,1,,1,77,1,0,,,nflverse snap_counts (not on desk injury list) | game day: nflverse snap_counts + weekly_rosters
2026,3,2026_03_CAR_CLE,401872949,CLE,CAR,Isaiah McGuire,00-0038574,McGuIs00,4427963,DE,F7,EDGE,DE,0.425,0,0,,,,,,,none,,,0,0.7,0,,,,,1,,1,43,0.56,0,,,nflverse snap_counts (not on desk injury list) | game day: nflverse snap_counts + weekly_rosters
2026,3,2026_03_CAR_CLE,401872949,CLE,CAR,Jared Verse,00-0039852,VersJa00,4578085,LB,F7,LB,DE,0.325,0,0,,,,,,,none,,,0,0.7,0,,,,,1,,1,52,0.68,0,,,nflverse snap_counts (not on desk injury list) | game day: nflverse snap_counts + weekly_rosters
2026,3,2026_03_CAR_CLE,401872949,CLE,CAR,Mason Graham,00-0040685,GrahMa00,4873232,DT,F7,DL,DT,0.7,1,0.75,,,,,,,none,,FP,0,0.9,0,,,,,1,,1,56,0.73,0,,,nflverse snap_counts (not on desk injury list) | game day: nflverse snap_counts + weekly_rosters
2026,3,2026_03_CAR_CLE,401872949,CLE,CAR,Quincy Williams,00-0035680,WillQu01,3110565,LB,F7,LB,OLB,0.468,0,0.25,,,,,,,Questionable,,FP,0.12,0.7,0.021,QUESTIONABLE,1,0.35,0.07,1,,1,74,0.96,0,,,data/postmortem/locks/2026-w03-car-cle.json | game day: nflverse snap_counts + weekly_rosters
2026,3,2026_03_CAR_CLE,401872949,CLE,CAR,Austin Barber,00-0041049,BarbAu00,,T,OL,T,T,0.5,0,0.25,,,,,,,none,,,0,1,0,,,,,1,,1,70,1,0,,,nflverse snap_counts (not on desk injury list) | game day: nflverse snap_counts + weekly_rosters
2026,3,2026_03_CAR_CLE,401872949,CLE,CAR,Elgton Jenkins,00-0035526,JenkEl00,,C,OL,G/C,C,0.5,0,0.25,,,,,,,none,,,0,0.8,0,,,,,1,,1,70,1,0,,,nflverse snap_counts (not on desk injury list) | game day: nflverse snap_counts + weekly_rosters
2026,3,2026_03_CAR_CLE,401872949,CLE,CAR,Kendrick Green,00-0036983,GreeKe02,,OG,OL,G/C,C,0,0,0,,,,,,,IR,,unknown,1,0.8,0,IR,1,1,0.25,0,,0,0,0,0,,,data/postmortem/locks/2026-w03-car-cle.json | game day: nflverse snap_counts + weekly_rosters
2026,3,2026_03_CAR_CLE,401872949,CLE,CAR,Luke Wypler,00-0038609,WyplLu00,,C,OL,G/C,C,0.417,0,0,,,,,,,none,,,0,0.8,0,,,,,1,,0,0,0,0,,,nflverse snap_counts (not on desk injury list) | game day: nflverse snap_counts + weekly_rosters
2026,3,2026_03_CAR_CLE,401872949,CLE,CAR,Spencer Fano,00-0041030,FanoSp00,,T,OL,T,T,0.5,0,0.25,,,,,,,none,,,0,1,0,,,,,1,,1,70,1,0,,,nflverse snap_counts (not on desk injury list) | game day: nflverse snap_counts + weekly_rosters
2026,3,2026_03_CAR_CLE,401872949,CLE,CAR,Teven Jenkins,00-0036953,JenkTe00,,OG,OL,G/C,G,0.4,0,0,,,,,,Back,Out,,DNP,0.45,0.8,0,QUESTIONABLE,1,0.35,0.07,0,,0,0,0,0,,,data/postmortem/locks/2026-w03-car-cle.json | game day: nflverse snap_counts + weekly_rosters
2026,3,2026_03_CAR_CLE,401872949,CLE,CAR,Tytus Howard,00-0035234,HowaTy00,,T,OL,T,T,0.492,0,0.25,,,,,,,none,,FP,0,1,0,,,,,1,,1,70,1,0,,,nflverse snap_counts (not on desk injury list) | game day: nflverse snap_counts + weekly_rosters
2026,3,2026_03_CAR_CLE,401872949,CLE,CAR,Zion Johnson,00-0037818,JohnZi00,,G,OL,G/C,G,0.495,0,0.25,,,,,,,none,,,0,0.8,0,,,,,1,,1,70,1,0,,,nflverse snap_counts (not on desk injury list) | game day: nflverse snap_counts + weekly_rosters
2026,3,2026_03_BAL_DAL,401872960,DAL,BAL,DeMarvion Overshown,00-0038556,OverDe00,4362088,LB,F7,LB,ILB,0.185,0,0,,,,,,Hamstring,Out,,DNP,1,0.7,0,OUT,1,1,0.2,0,,0,0,0,0,,,data/postmortem/locks/2026-w03-bal-dal.json | game day: nflverse snap_counts + weekly_rosters
2026,3,2026_03_BAL_DAL,401872960,DAL,BAL,Dee Winters,00-0038625,WintDe00,4428914,LB,F7,LB,ILB,0.333,0,0,,,,,,,none,,,0,0.7,0,,,,,1,,1,44,0.69,0,,,nflverse snap_counts (not on desk injury list) | game day: nflverse snap_counts + weekly_rosters
2026,3,2026_03_BAL_DAL,401872960,DAL,BAL,Donovan Ezeiruaku,00-0040725,EzeiDo00,4683848,DE,F7,EDGE,OLB,0.55,0,0.25,,,,,,,none,,,0,0.7,0,,,,,1,,1,50,0.78,0,,,nflverse snap_counts (not on desk injury list) | game day: nflverse snap_counts + weekly_rosters
2026,3,2026_03_BAL_DAL,401872960,DAL,BAL,Kenny Clark,00-0033120,ClarKe01,3122752,DT,F7,DL,DT,0.697,1,0.75,,,,,,,none,,,0,0.9,0,,,,,1,,1,45,0.7,0,,,nflverse snap_counts (not on desk injury list) | game day: nflverse snap_counts + weekly_rosters
2026,3,2026_03_BAL_DAL,401872960,DAL,BAL,Quinnen Williams,00-0035718,WillQu00,4040982,DT,F7,DL,DT,0.69,1,0.75,,,,,,,none,,,0,0.9,0,,,,,1,,1,48,0.75,0,,,nflverse snap_counts (not on desk injury list) | game day: nflverse snap_counts + weekly_rosters
2026,3,2026_03_BAL_DAL,401872960,DAL,BAL,Rashan Gary,00-0034967,GaryRa00,4046523,DL,F7,DL,OLB,0.31,0,0,,,,,,,none,,,0,0.9,0,,,,,1,,1,48,0.75,0,,,nflverse snap_counts (not on desk injury list) | game day: nflverse snap_counts + weekly_rosters
2026,3,2026_03_BAL_DAL,401872960,DAL,BAL,Shemar James,00-0040011,JameSh00,4685400,LB,F7,LB,ILB,0.583,0,0.25,,,,,,,none,,,0,0.7,0,,,,,1,,1,21,0.33,0,,,nflverse snap_counts (not on desk injury list) | game day: nflverse snap_counts + weekly_rosters
2026,3,2026_03_BAL_DAL,401872960,DAL,BAL,Cooper Beebe,00-0039348,BeebCo00,,C,OL,G/C,C,1,1,1,,,,,,,none,,,0,0.8,0,,,,,1,,1,74,1,0,,,nflverse snap_counts (not on desk injury list) | game day: nflverse snap_counts + weekly_rosters
2026,3,2026_03_BAL_DAL,401872960,DAL,BAL,T.J. Bass,00-0038731,BassTJ00,,G,OL,G/C,G,0.75,1,1,,,,,,,none,,,0,0.8,0,,,,,1,,1,74,1,0,,,nflverse snap_counts (not on desk injury list) | game day: nflverse snap_counts + weekly_rosters
2026,3,2026_03_BAL_DAL,401872960,DAL,BAL,Terence Steele,00-0036036,SteeTe01,,T,OL,T,T,1,1,1,,,,,,,none,,,0,1,0,,,,,1,,1,73,0.99,0,,,nflverse snap_counts (not on desk injury list) | game day: nflverse snap_counts + weekly_rosters
2026,3,2026_03_BAL_DAL,401872960,DAL,BAL,Tyler Booker,00-0040007,BookTy00,,G,OL,G/C,G,1,1,1,,,,,,,none,,,0,0.8,0,,,,,1,,1,74,1,0,,,nflverse snap_counts (not on desk injury list) | game day: nflverse snap_counts + weekly_rosters
2026,3,2026_03_BAL_DAL,401872960,DAL,BAL,Tyler Guyton,00-0039341,GuytTy00,,T,OL,T,T,0.5,0,0.25,,,,,,,none,,,0,1,0,,,,,1,,1,74,1,0,,,nflverse snap_counts (not on desk injury list) | game day: nflverse snap_counts + weekly_rosters
2026,3,2026_03_BAL_DAL,401872960,DAL,BAL,Tyler Smith,00-0037243,SmitTy02,,OL,OL,G/C,G,0.495,0,0.25,,,,,,,none,,,0,0.8,0,,,,,0,,0,0,0,0,,,nflverse snap_counts (not on desk injury list) | game day: nflverse snap_counts + weekly_rosters
2026,3,2026_03_LA_DEN,401872962,DEN,LAR,Alex Singleton,00-0031898,SingAl00,2612151,LB,F7,LB,ILB,0.998,1,1,,,,,,,none,,,0,0.7,0,,,,,1,,1,86,1,0,,,nflverse snap_counts (not on desk injury list) | game day: nflverse snap_counts + weekly_rosters
2026,3,2026_03_LA_DEN,401872962,DEN,LAR,D.J. Jones,00-0033297,JoneD.01,3894915,DT,F7,DL,DT,0.485,0,0.25,,,,,,,none,,,0,0.9,0,,,,,1,,1,38,0.44,0,,,nflverse snap_counts (not on desk injury list) | game day: nflverse snap_counts + weekly_rosters
2026,3,2026_03_LA_DEN,401872962,DEN,LAR,Dondrea Tillman,00-0037799,TillDo00,5216101,LB,F7,LB,OLB,0.378,0,0,,,,,,,none,,,0,0.7,0,,,,,1,,1,27,0.31,0,,,nflverse snap_counts (not on desk injury list) | game day: nflverse snap_counts + weekly_rosters
2026,3,2026_03_LA_DEN,401872962,DEN,LAR,Eyioma Uwazurike,00-0038106,UwazEy00,4066109,DL,F7,DL,DE,0.485,0,0.25,,,,,,,none,,,0,0.9,0,,,,,1,,1,35,0.41,0,,,nflverse snap_counts (not on desk injury list) | game day: nflverse snap_counts + weekly_rosters
2026,3,2026_03_LA_DEN,401872962,DEN,LAR,Jonah Elliss,00-0039809,ElliJo03,4687592,LB,F7,LB,OLB,0.495,0,0.25,,,,,,,none,,,0,0.7,0,,,,,1,,1,53,0.62,0,,,nflverse snap_counts (not on desk injury list) | game day: nflverse snap_counts + weekly_rosters
2026,3,2026_03_LA_DEN,401872962,DEN,LAR,Jonathon Cooper,00-0036952,CoopJo02,4040608,LB,F7,LB,OLB,0.328,0,0,,,,,,,Out,,unknown,1,0.7,0,OUT,1,1,0.25,,,0,0,0,0,,,data/postmortem/locks/2026-w03-lar-den.json | game day: nflverse snap_counts + weekly_rosters
2026,3,2026_03_LA_DEN,401872962,DEN,LAR,Justin Strnad,00-0036428,StrnJu00,3919548,LB,F7,LB,ILB,0.648,1,0.75,,,,,,,none,,,0,0.7,0,,,,,1,,1,57,0.66,0,,,nflverse snap_counts (not on desk injury list) | game day: nflverse snap_counts + weekly_rosters
2026,3,2026_03_LA_DEN,401872962,DEN,LAR,Levelle Bailey,00-0039565,BailLe00,4428241,LB,F7,LB,ILB,0,0,0,,,,,,,IR,,unknown,1,0.7,0,IR,1,1,0.25,0,,0,0,0,0,,,data/postmortem/locks/2026-w03-lar-den.json | game day: nflverse snap_counts + weekly_rosters
2026,3,2026_03_LA_DEN,401872962,DEN,LAR,Malcolm Roach,00-0035763,RoacMa01,4039064,DT,F7,DL,DT,0.54,0,0.25,,,,,,,none,,,0,0.9,0,,,,,1,,1,53,0.62,0,,,nflverse snap_counts (not on desk injury list) | game day: nflverse snap_counts + weekly_rosters
2026,3,2026_03_LA_DEN,401872962,DEN,LAR,Nik Bonitto,00-0037249,BoniNi00,4360259,LB,F7,LB,OLB,0.565,0,0.25,,,,,,,none,,,0,0.7,0,,,,,1,,1,58,0.67,0,,,nflverse snap_counts (not on desk injury list) | game day: nflverse snap_counts + weekly_rosters
2026,3,2026_03_LA_DEN,401872962,DEN,LAR,Zach Allen,00-0035248,AlleZa01,3915282,DL,F7,DL,DE,0.675,1,0.75,,,,,,,none,,,0,0.9,0,,,,,1,,1,61,0.71,0,,,nflverse snap_counts (not on desk injury list) | game day: nflverse snap_counts + weekly_rosters
2026,3,2026_03_LA_DEN,401872962,DEN,LAR,Ben Powers,00-0034978,PoweBe00,,G,OL,G/C,G,1,1,1,,,,,,,none,,,0,0.8,0,,,,,1,,1,67,1,0,,,nflverse snap_counts (not on desk injury list) | game day: nflverse snap_counts + weekly_rosters
2026,3,2026_03_LA_DEN,401872962,DEN,LAR,Frank Crum,00-0039568,CrumFr00,,RT,OL,T,T,0.037,0,0,,,,,,,IR,,unknown,1,1,0,IR,1,1,0.25,0,,0,0,0,0,,,data/postmortem/locks/2026-w03-lar-den.json | game day: nflverse snap_counts + weekly_rosters
2026,3,2026_03_LA_DEN,401872962,DEN,LAR,Garett Bolles,00-0033538,BollGa00,,T,OL,T,T,1,1,1,,,,,,,none,,,0,1,0,,,,,1,,1,67,1,0,,,nflverse snap_counts (not on desk injury list) | game day: nflverse snap_counts + weekly_rosters
2026,3,2026_03_LA_DEN,401872962,DEN,LAR,Luke Wattenberg,00-0037278,WattLu00,,C,OL,G/C,C,0.75,1,1,,,,,,,none,,,0,0.8,0,,,,,1,,1,67,1,0,,,nflverse snap_counts (not on desk injury list) | game day: nflverse snap_counts + weekly_rosters
2026,3,2026_03_LA_DEN,401872962,DEN,LAR,Mike McGlinchey,00-0034847,McGlMi00,,T,OL,T,T,1,1,1,,,,,,,none,,,0,1,0,,,,,1,,1,67,1,0,,,nflverse snap_counts (not on desk injury list) | game day: nflverse snap_counts + weekly_rosters
2026,3,2026_03_LA_DEN,401872962,DEN,LAR,Nick Gargiulo,00-0039438,GargNi00,,OG,OL,G/C,G,0,0,0,,,,,,,Pup,,unknown,1,0.8,0,PUP,1,1,0.25,0,,0,0,0,0,,,data/postmortem/locks/2026-w03-lar-den.json | game day: nflverse snap_counts + weekly_rosters
2026,3,2026_03_LA_DEN,401872962,DEN,LAR,Quinn Meinerz,00-0037001,MeinQu02,,G,OL,G/C,G,0.992,1,1,,,,,,,none,,,0,0.8,0,,,,,1,,1,67,1,0,,,nflverse snap_counts (not on desk injury list) | game day: nflverse snap_counts + weekly_rosters
2026,3,2026_03_NYJ_DET,401872954,DET,NYJ,Aidan Hutchinson,00-0037236,HutcAi00,4372099,DE,F7,EDGE,DE,0.855,1,1,,,,,,,none,,,0,0.7,0,,,,,1,,1,64,0.97,0,,,nflverse snap_counts (not on desk injury list) | game day: nflverse snap_counts + weekly_rosters
2026,3,2026_03_NYJ_DET,401872954,DET,NYJ,Alim McNeill,00-0036624,McNeAl00,4361662,DL,F7,DL,DT,0.518,0,0.25,,,,,,,none,,FP,0,0.9,0,,,,,1,,1,48,0.73,0,,,nflverse snap_counts (not on desk injury list) | game day: nflverse snap_counts + weekly_rosters
2026,3,2026_03_NYJ_DET,401872954,DET,NYJ,Derrick Barnes,00-0036964,BarnDe02,4260409,LB,F7,LB,OLB,0.96,1,1,,,,,,,none,,,0,0.7,0,,,,,1,,1,57,0.86,0,,,nflverse snap_counts (not on desk injury list) | game day: nflverse snap_counts + weekly_rosters
2026,3,2026_03_NYJ_DET,401872954,DET,NYJ,Jack Campbell,00-0039018,CampJa04,4569465,LB,F7,LB,MLB,1,1,1,,,,,,,none,,,0,0.7,0,,,,,1,,1,66,1,0,,,nflverse snap_counts (not on desk injury list) | game day: nflverse snap_counts + weekly_rosters
2026,3,2026_03_NYJ_DET,401872954,DET,NYJ,Malcolm Rodriguez,00-0037289,RodrMa00,4241411,LB,F7,LB,OLB,0.375,0,0,,,,,,,none,,,0,0.7,0,,,,,1,,1,19,0.29,0,,,nflverse snap_counts (not on desk injury list) | game day: nflverse snap_counts + weekly_rosters
2026,3,2026_03_NYJ_DET,401872954,DET,NYJ,Tyleik Williams,00-0040672,WillTy02,4431615,DL,F7,DL,DT,0.455,0,0.25,,,,,,,none,,,0,0.9,0,,,,,1,,1,30,0.45,0,,,nflverse snap_counts (not on desk injury list) | game day: nflverse snap_counts + weekly_rosters
2026,3,2026_03_NYJ_DET,401872954,DET,NYJ,Ben Bartch,00-0036272,BartBe00,,OG,OL,G/C,G,0.465,0,0.25,,,,,,Foot,Out,,DNP,0.45,0.8,0.09,QUESTIONABLE,1,0.35,0.09,0,,0,0,0,0,,,data/postmortem/locks/2026-w03-nyj-det.json | game day: nflverse snap_counts + weekly_rosters
2026,3,2026_03_NYJ_DET,401872954,DET,NYJ,Blake Miller,00-0041439,MillBl01,,RT,OL,T,T,0.25,0,0,,,,,,,Questionable,,FP,0.12,1,0,QUESTIONABLE,1,0.35,0.07,1,,1,65,1,0,,,data/postmortem/locks/2026-w03-nyj-det.json | game day: nflverse snap_counts + weekly_rosters
2026,3,2026_03_NYJ_DET,401872954,DET,NYJ,Cade Mays,00-0037297,MaysCa00,,C,OL,G/C,C,0,0,0,,,,,,,IR,,unknown,1,0.8,0,IR,1,1,0.2,0,,0,0,0,0,,,data/postmortem/locks/2026-w03-nyj-det.json | game day: nflverse snap_counts + weekly_rosters
2026,3,2026_03_NYJ_DET,401872954,DET,NYJ,Christian Mahogany,00-0039408,MahoCh00,,OG,OL,G/C,G,0.525,0,0.25,,,,,,,Questionable,,FP,0.12,0.8,0.024,QUESTIONABLE,1,0.35,0.09,1,,1,65,1,0,,,data/postmortem/locks/2026-w03-nyj-det.json | game day: nflverse snap_counts + weekly_rosters
2026,3,2026_03_NYJ_DET,401872954,DET,NYJ,Juice Scruggs,00-0038936,ScruJu00,,C,OL,G/C,G,0.5,0,0.25,,,,,,,none,,,0,0.8,0,,,,,1,,1,65,1,0,,,nflverse snap_counts (not on desk injury list) | game day: nflverse snap_counts + weekly_rosters
2026,3,2026_03_NYJ_DET,401872954,DET,NYJ,Penei Sewell,00-0036880,SewePe00,,T,OL,T,T,0.728,1,0.75,,,,,,,none,,,0,1,0,,,,,1,,1,65,1,0,,,nflverse snap_counts (not on desk injury list) | game day: nflverse snap_counts + weekly_rosters
2026,3,2026_03_NYJ_DET,401872954,DET,NYJ,Tate Ratledge,00-0040728,RatlTa00,,OG,OL,G/C,G,1,1,1,,,,,,,Questionable,,FP,0.12,0.8,0.096,QUESTIONABLE,1,0.35,0.07,1,,1,65,1,0,,,data/postmortem/locks/2026-w03-nyj-det.json | game day: nflverse snap_counts + weekly_rosters
2026,3,2026_03_ATL_GB,401872948,GB,ATL,Anthony Campbell,00-0040689,CampAn00,,IDL,F7,DL,DT,0.03,0,0,,,,,,Ankle,Questionable,,LP,0.24,0.9,0,QUESTIONABLE,1,0.35,0.09,0,,0,0,0,0,,,data/postmortem/locks/2026-w03-atl-gb.json | game day: nflverse snap_counts + weekly_rosters
2026,3,2026_03_ATL_GB,401872948,GB,ATL,Barryn Sorrell,00-0040010,SorrBa00,4683643,DL,F7,DL,OLB,0.545,0,0.25,,,,,,,none,,,0,0.9,0,,,,,1,,1,29,0.41,0,,,nflverse snap_counts (not on desk injury list) | game day: nflverse snap_counts + weekly_rosters
2026,3,2026_03_ATL_GB,401872948,GB,ATL,Brenton Cox,00-0038463,CoxxBr02,4361776,DL,F7,DL,OLB,0.385,0,0,,,,,,,none,,,0,0.9,0,,,,,1,,1,25,0.35,0,,,nflverse snap_counts (not on desk injury list) | game day: nflverse snap_counts + weekly_rosters
2026,3,2026_03_ATL_GB,401872948,GB,ATL,Edgerrin Cooper,00-0039850,CoopEd00,4430438,LB,F7,LB,ILB,0.637,1,0.75,,,,,,,none,,LP,0,0.7,0,,,,,1,,1,54,0.76,0,,,nflverse snap_counts (not on desk injury list) | game day: nflverse snap_counts + weekly_rosters
2026,3,2026_03_ATL_GB,401872948,GB,ATL,Javon Hargrave,00-0033109,HargJa00,2983055,IDL,F7,DL,DT,0.115,0,0,,,,,,Knee,Questionable,,LP,0.24,0.9,0,QUESTIONABLE,1,0.35,0.07,1,,1,33,0.46,0,,,data/postmortem/locks/2026-w03-atl-gb.json | game day: nflverse snap_counts + weekly_rosters
2026,3,2026_03_ATL_GB,401872948,GB,ATL,Jonathan Ford,00-0037094,FordJo00,4259762,DL,F7,DL,DT,0.383,0,0,,,,,,,none,,,0,0.9,0,,,,,1,,1,28,0.39,0,,,nflverse snap_counts (not on desk injury list) | game day: nflverse snap_counts + weekly_rosters
2026,3,2026_03_ATL_GB,401872948,GB,ATL,Karl Brooks,00-0038398,BrooKa00,4373423,DL,F7,DL,DT,0.46,0,0.25,,,,,,,none,,,0,0.9,0,,,,,1,,1,43,0.61,0,,,nflverse snap_counts (not on desk injury list) | game day: nflverse snap_counts + weekly_rosters
2026,3,2026_03_ATL_GB,401872948,GB,ATL,Lukas Van Ness,00-0039112,VanNLu00,4686906,DL,F7,DL,OLB,0.497,0,0.25,,,,,,,none,,,0,0.9,0,,,,,1,,1,49,0.69,0,,,nflverse snap_counts (not on desk injury list) | game day: nflverse snap_counts + weekly_rosters
2026,3,2026_03_ATL_GB,401872948,GB,ATL,Micah Parsons,00-0036932,ParsMi00,4361423,EDGE1,F7,DL,OLB,0,0,0,,,,,,,Pup,,unknown,1,0.9,0,PUP,1,1,0.5,0,,0,0,0,0,,,data/postmortem/locks/2026-w03-atl-gb.json | game day: nflverse snap_counts + weekly_rosters
2026,3,2026_03_ATL_GB,401872948,GB,ATL,Warren Brinson,00-0040016,BrinWa00,4429136,IDL,F7,DL,DT,0.255,0,0,,,,,,Calf,Out,,DNP,1,0.9,0,OUT,1,1,0.25,0,,0,0,0,0,,,data/postmortem/locks/2026-w03-atl-gb.json | game day: nflverse snap_counts + weekly_rosters
2026,3,2026_03_ATL_GB,401872948,GB,ATL,Zaire Franklin,00-0034431,FranZa00,3124005,LB,F7,LB,ILB,0.5,0,0.25,,,,,,,none,,,0,0.7,0,,,,,1,,1,71,1,0,,,nflverse snap_counts (not on desk injury list) | game day: nflverse snap_counts + weekly_rosters
2026,3,2026_03_ATL_GB,401872948,GB,ATL,Aaron Banks,00-0036551,BankAa00,,OG,OL,G/C,G,0.343,0,0,,,,,,Knee,Out,,DNP,1,0.8,0,OUT,1,1,0.4,0,,0,0,0,0,,,data/postmortem/locks/2026-w03-atl-gb.json | game day: nflverse snap_counts + weekly_rosters
2026,3,2026_03_ATL_GB,401872948,GB,ATL,Anthony Belton,00-0040726,BeltAn00,,T,OL,T,T,0.752,1,1,,,,,,,none,,FP,0,1,0,,,,,1,,1,66,1,0,,,nflverse snap_counts (not on desk injury list) | game day: nflverse snap_counts + weekly_rosters
2026,3,2026_03_ATL_GB,401872948,GB,ATL,Donovan Jennings,00-0039272,JennDo00,,G,OL,G/C,G,0.31,0,0,,,,,,,none,,LP,0,0.8,0,,,,,1,,1,7,0.11,0,,,nflverse snap_counts (not on desk injury list) | game day: nflverse snap_counts + weekly_rosters
2026,3,2026_03_ATL_GB,401872948,GB,ATL,Jacob Monk,00-0039817,MonkJa00,,C,OL,G/C,C,0.75,1,1,,,,,,,none,,,0,0.8,0,,,,,1,,1,59,0.89,0,,,nflverse snap_counts (not on desk injury list) | game day: nflverse snap_counts + weekly_rosters
2026,3,2026_03_ATL_GB,401872948,GB,ATL,Jordan Morgan,00-0039904,MorgJo03,,T,OL,T,G,1,1,1,,,,,,,none,,,0,1,0,,,,,1,,1,66,1,0,,,nflverse snap_counts (not on desk injury list) | game day: nflverse snap_counts + weekly_rosters
2026,3,2026_03_ATL_GB,401872948,GB,ATL,Sean Rhyan,00-0037076,RhyaSe00,,G,OL,G/C,G,0.74,1,0.75,,,,,,,none,,,0,0.8,0,,,,,1,,1,66,1,0,,,nflverse snap_counts (not on desk injury list) | game day: nflverse snap_counts + weekly_rosters
2026,3,2026_03_ATL_GB,401872948,GB,ATL,Zach Bako-Bewele,00-0037817,TomxZa00,,RT,OL,G/C,T,0.263,0,0,,,,,,Knee,Out,,DNP,1,0.8,0,OUT,1,1,0.75,0,,0,0,0,0,,,data/postmortem/locks/2026-w03-atl-gb.json | game day: nflverse snap_counts + weekly_rosters
2026,3,2026_03_HOU_IND,401872951,HOU,IND,Azeez Al-Shaair,00-0035166,AlShAz00,3919117,LB,F7,LB,MLB,0.978,1,1,,,,,,,none,,,0,0.7,0,,,,,1,,1,54,0.76,0,,,nflverse snap_counts (not on desk injury list) | game day: nflverse snap_counts + weekly_rosters
2026,3,2026_03_HOU_IND,401872951,HOU,IND,Danielle Hunter,00-0031565,HuntDa01,2976560,DE,F7,EDGE,DE,0.775,1,1,,,,,,,none,,,0,0.7,0,,,,,1,,1,56,0.79,0,,,nflverse snap_counts (not on desk injury list) | game day: nflverse snap_counts + weekly_rosters
2026,3,2026_03_HOU_IND,401872951,HOU,IND,Henry To'oTo'o,00-0038599,TooTHe00,4426350,LB,F7,LB,OLB,0.677,1,0.75,,,,,,,IR,,unknown,1,0.7,0.525,IR,1,1,0.25,0,,0,0,0,0,,,data/postmortem/locks/2026-w03-hou-ind.json | game day: nflverse snap_counts + weekly_rosters
2026,3,2026_03_HOU_IND,401872951,HOU,IND,Jadeveon Clowney,00-0031364,ClowJa00,16734,EDGE1,F7,EDGE,DE,0.085,0,0,,,,,,Knee,Out,,DNP,0.45,0.7,0,QUESTIONABLE,1,0.35,0.07,0,,0,0,0,0,,,data/postmortem/locks/2026-w03-hou-ind.json | game day: nflverse snap_counts + weekly_rosters
2026,3,2026_03_HOU_IND,401872951,HOU,IND,Jake Hummel,,HummJa00,,LB,F7,LB,,0,0,0,,,,,,,Questionable,,unknown,0.27,0.7,0,QUESTIONABLE,1,0.35,0.09,,,0,0,0,0,,,data/postmortem/locks/2026-w03-hou-ind.json | game day: nflverse snap_counts + weekly_rosters
2026,3,2026_03_HOU_IND,401872951,HOU,IND,Kayden McDonald,00-0041440,McDoKa00,4870893,IDL,F7,DL,DT,0,0,0,,,,,,,IR,,unknown,1,0.9,0,IR,1,1,0.25,0,,0,0,0,0,,,data/postmortem/locks/2026-w03-hou-ind.json | game day: nflverse snap_counts + weekly_rosters
2026,3,2026_03_HOU_IND,401872951,HOU,IND,Sheldon Rankins,00-0032759,RankSh00,2970204,DT,F7,DL,DT,0.695,1,0.75,,,,,,,none,,,0,0.9,0,,,,,1,,1,44,0.62,0,,,nflverse snap_counts (not on desk injury list) | game day: nflverse snap_counts + weekly_rosters
2026,3,2026_03_HOU_IND,401872951,HOU,IND,Tommy Togiai,00-0036883,TogiTo00,4361366,DT,F7,DL,DT,0.637,1,0.75,,,,,,,none,,,0,0.9,0,,,,,1,,1,47,0.66,0,,,nflverse snap_counts (not on desk injury list) | game day: nflverse snap_counts + weekly_rosters
2026,3,2026_03_HOU_IND,401872951,HOU,IND,Will Anderson,00-0039108,AndeWi01,4685724,DE,F7,EDGE,DE,0.762,1,1,,,,,,,none,,LP,0,0.7,0,,,,,1,,1,57,0.8,0,,,nflverse snap_counts (not on desk injury list) | game day: nflverse snap_counts + weekly_rosters
2026,3,2026_03_HOU_IND,401872951,HOU,IND,Aireontae Ersery,00-0040745,ErseAi00,,T,OL,T,T,1,1,1,,,,,,,none,,,0,1,0,,,,,1,,1,54,1,0,,,nflverse snap_counts (not on desk injury list) | game day: nflverse snap_counts + weekly_rosters
2026,3,2026_03_HOU_IND,401872951,HOU,IND,Ed Ingram,00-0038131,IngrEd00,,OG,OL,G/C,G,0.75,1,1,,,,,,Groin,Out,,DNP,0.45,0.8,0.36,QUESTIONABLE,1,0.35,0.07,0,,0,0,0,0,,,data/postmortem/locks/2026-w03-hou-ind.json | game day: nflverse snap_counts + weekly_rosters
2026,3,2026_03_HOU_IND,401872951,HOU,IND,Evan Brown,00-0034495,BrowEv00,,OL,OL,G/C,C,0.5,0,0.25,,,,,,,none,,,0,0.8,0,,,,,1,,1,54,1,0,,,nflverse snap_counts (not on desk injury list) | game day: nflverse snap_counts + weekly_rosters
2026,3,2026_03_HOU_IND,401872951,HOU,IND,Jake Andrews,00-0039030,AndrJa00,,C,OL,G/C,C,0.5,0,0.25,,,,,,,none,,,0,0.8,0,,,,,1,,0,0,0,0,,,nflverse snap_counts (not on desk injury list) | game day: nflverse snap_counts + weekly_rosters
2026,3,2026_03_HOU_IND,401872951,HOU,IND,Keylan Rutledge,00-0041532,RutlKe01,,C,OL,G/C,G,0.5,0,0.25,,,,,,,none,,,0,0.8,0,,,,,1,,1,54,1,0,,,nflverse snap_counts (not on desk injury list) | game day: nflverse snap_counts + weekly_rosters
2026,3,2026_03_HOU_IND,401872951,HOU,IND,Trent Brown,00-0032071,BrowTr02,,RT,OL,T,T,0.75,1,1,,,,,,Knee,Questionable,,FP,0.12,1,0.12,QUESTIONABLE,1,0.35,0.07,1,,1,54,1,0,,,data/postmortem/locks/2026-w03-hou-ind.json | game day: nflverse snap_counts + weekly_rosters
2026,3,2026_03_HOU_IND,401872951,IND,HOU,Adetomiwa Adebawore,00-0039031,AdebAd00,4427635,DT,F7,DL,DT,0.425,0,0,,,,,,,none,,,0,0.9,0,,,,,1,,1,15,0.28,0,,,nflverse snap_counts (not on desk injury list) | game day: nflverse snap_counts + weekly_rosters
2026,3,2026_03_HOU_IND,401872951,IND,HOU,Akeem Davis-Gaither,00-0036298,DaviAk01,3917142,LB,F7,LB,ILB,0.47,0,0.25,,,,,,,none,,,0,0.7,0,,,,,1,,1,54,1,0,,,nflverse snap_counts (not on desk injury list) | game day: nflverse snap_counts + weekly_rosters
2026,3,2026_03_HOU_IND,401872951,IND,HOU,Arden Key,00-0034825,KeyxAr00,3843843,LB,F7,LB,DE,0.343,0,0,,,,,,,none,,,0,0.7,0,,,,,1,,1,44,0.81,0,,,nflverse snap_counts (not on desk injury list) | game day: nflverse snap_counts + weekly_rosters
2026,3,2026_03_HOU_IND,401872951,IND,HOU,DeForest Buckner,00-0032378,BuckDe00,2971282,DT,F7,DL,DT,0.388,0,0,,,,,,,none,,DNP,0,0.9,0,,,,,1,,1,48,0.89,0,,,nflverse snap_counts (not on desk injury list) | game day: nflverse snap_counts + weekly_rosters
2026,3,2026_03_HOU_IND,401872951,IND,HOU,Grover Stewart,00-0033952,StewGr00,4058825,DT,F7,DL,DT,0.597,0,0.25,,,,,,,none,,FP,0,0.9,0,,,,,1,,1,36,0.67,0,,,nflverse snap_counts (not on desk injury list) | game day: nflverse snap_counts + weekly_rosters
2026,3,2026_03_HOU_IND,401872951,IND,HOU,Jaylon Carlies,00-0039377,CarlJa01,4601021,LB,F7,LB,ILB,0.31,0,0,,,,,,,none,,,0,0.7,0,,,,,1,,1,37,0.69,0,,,nflverse snap_counts (not on desk injury list) | game day: nflverse snap_counts + weekly_rosters
2026,3,2026_03_HOU_IND,401872951,IND,HOU,Laiatu Latu,00-0039340,LatuLa00,4426473,DE,F7,EDGE,DE,0.738,1,0.75,,,,,,,none,,,0,0.7,0,,,,,1,,1,27,0.5,0,,,nflverse snap_counts (not on desk injury list) | game day: nflverse snap_counts + weekly_rosters
2026,3,2026_03_HOU_IND,401872951,IND,HOU,Micheal Clemons,00-0038107,ClemMi03,4240896,EDGE1,F7,DL,DE,0.128,0,0,,,,,,,IR,,unknown,1,0.9,0,IR,1,1,0.2,0,,0,0,0,0,,,data/postmortem/locks/2026-w03-hou-ind.json | game day: nflverse snap_counts + weekly_rosters
2026,3,2026_03_HOU_IND,401872951,IND,HOU,Bernhard Raimann,00-0037757,RaimBe00,,T,OL,T,T,1,1,1,,,,,,,none,,,0,1,0,,,,,1,,1,71,1,0,,,nflverse snap_counts (not on desk injury list) | game day: nflverse snap_counts + weekly_rosters
2026,3,2026_03_HOU_IND,401872951,IND,HOU,Jalen Travis,00-0040163,TravJa00,,T,OL,T,T,1,1,1,,,,,,,none,,,0,1,0,,,,,1,,1,71,1,0,,,nflverse snap_counts (not on desk injury list) | game day: nflverse snap_counts + weekly_rosters
2026,3,2026_03_HOU_IND,401872951,IND,HOU,Matt Goncalves,00-0039736,GoncMa00,,G,OL,G/C,G,1,1,1,,,,,,,none,,FP,0,0.8,0,,,,,1,,1,71,1,0,,,nflverse snap_counts (not on desk injury list) | game day: nflverse snap_counts + weekly_rosters
2026,3,2026_03_HOU_IND,401872951,IND,HOU,Quenton Nelson,00-0034342,NelsQu00,,G,OL,G/C,G,1,1,1,,,,,,,none,,,0,0.8,0,,,,,1,,1,71,1,0,,,nflverse snap_counts (not on desk injury list) | game day: nflverse snap_counts + weekly_rosters
2026,3,2026_03_HOU_IND,401872951,IND,HOU,Tanor Bortolini,00-0039744,BortTa00,,C,OL,G/C,C,0.75,1,1,,,,,,,none,,,0,0.8,0,,,,,1,,1,71,1,0,,,nflverse snap_counts (not on desk injury list) | game day: nflverse snap_counts + weekly_rosters
2026,3,2026_03_NE_JAX,401872957,JAX,NE,Arik Armstead,00-0032164,ArmsAr01,2971275,DT,F7,DL,DT,0.59,0,0.25,,,,,,,none,,,0,0.9,0,,,,,1,,1,36,0.57,0,,,nflverse snap_counts (not on desk injury list) | game day: nflverse snap_counts + weekly_rosters
2026,3,2026_03_NE_JAX,401872957,JAX,NE,B.J. Green II,00-0040329,GreeBJ00,4875266,EDGE1,F7,DL,DE,0.065,0,0,,,,,,,IR,,unknown,1,0.9,0,IR,1,1,0.25,0,,0,0,0,0,,,data/postmortem/locks/2026-w03-ne-jax.json | game day: nflverse snap_counts + weekly_rosters
2026,3,2026_03_NE_JAX,401872957,JAX,NE,DaVon Hamilton,00-0036262,HamiDa02,3915520,IDL,F7,DL,DT,0.427,0,0,,,,,,,Questionable,,LP,0.24,0.9,0,QUESTIONABLE,1,0.35,0.09,1,,1,27,0.43,0,,,data/postmortem/locks/2026-w03-ne-jax.json | game day: nflverse snap_counts + weekly_rosters
2026,3,2026_03_NE_JAX,401872957,JAX,NE,Dennis Gardeck,00-0034473,GardDe01,4334300,LB,F7,LB,OLB,0.4,0,0,,,,,,,none,,,0,0.7,0,,,,,1,,1,21,0.33,0,,,nflverse snap_counts (not on desk injury list) | game day: nflverse snap_counts + weekly_rosters
2026,3,2026_03_NE_JAX,401872957,JAX,NE,Foyesade Oluokun,00-0034413,OluoFo00,3050073,LB,F7,LB,MLB,0.85,1,1,,,,,,,none,,,0,0.7,0,,,,,1,,1,53,0.84,0,,,nflverse snap_counts (not on desk injury list) | game day: nflverse snap_counts + weekly_rosters
2026,3,2026_03_NE_JAX,401872957,JAX,NE,Josh Hines-Allen,00-0035642,AlleJo03,3915239,DE,F7,EDGE,DE,0.793,1,1,,,,,,,none,,,0,0.7,0,,,,,1,,1,38,0.6,0,,,nflverse snap_counts (not on desk injury list) | game day: nflverse snap_counts + weekly_rosters
2026,3,2026_03_NE_JAX,401872957,JAX,NE,Matt Dickerson,00-0034657,DickMa00,3134316,DL,F7,DL,DT,0.422,0,0,,,,,,,none,,,0,0.9,0,,,,,1,,1,22,0.35,0,,,nflverse snap_counts (not on desk injury list) | game day: nflverse snap_counts + weekly_rosters
2026,3,2026_03_NE_JAX,401872957,JAX,NE,Travon Walker,00-0037235,WalkTr03,4426349,DE,F7,EDGE,DE,0.775,1,1,,,,,,,none,,,0,0.7,0,,,,,1,,1,42,0.67,0,,,nflverse snap_counts (not on desk injury list) | game day: nflverse snap_counts + weekly_rosters
2026,3,2026_03_NE_JAX,401872957,JAX,NE,Ventrell Miller,00-0038570,MillVe00,4240610,LB,F7,LB,ILB,0.407,0,0,,,,,,,none,,,0,0.7,0,,,,,1,,1,46,0.73,0,,,nflverse snap_counts (not on desk injury list) | game day: nflverse snap_counts + weekly_rosters
2026,3,2026_03_NE_JAX,401872957,JAX,NE,Anton Harrison,00-0038934,HarrAn00,,OL,OL,G/C,T,1,1,1,,,,,,,none,,,0,0.8,0,,,,,1,,1,62,1,0,,,nflverse snap_counts (not on desk injury list) | game day: nflverse snap_counts + weekly_rosters
2026,3,2026_03_NE_JAX,401872957,JAX,NE,Cole Van Lanen,00-0036655,VanxCo00,,RT,OL,G/C,T,0.637,1,0.75,,,,,,,Questionable,,FP,0.12,0.8,0.072,QUESTIONABLE,1,0.35,0.09,1,,1,59,0.95,0,,,data/postmortem/locks/2026-w03-ne-jax.json | game day: nflverse snap_counts + weekly_rosters
2026,3,2026_03_NE_JAX,401872957,JAX,NE,Emmanuel Pregnon,00-0041050,PregEm00,,OL,OL,G/C,G,0.5,0,0.25,,,,,,,none,,,0,0.8,0,,,,,1,,1,62,1,0,,,nflverse snap_counts (not on desk injury list) | game day: nflverse snap_counts + weekly_rosters
2026,3,2026_03_NE_JAX,401872957,JAX,NE,Ezra Cleveland,00-0036327,ClevEz00,,OL,OL,G/C,G,0.92,1,1,,,,,,,none,,,0,0.8,0,,,,,1,,1,57,0.92,0,,,nflverse snap_counts (not on desk injury list) | game day: nflverse snap_counts + weekly_rosters
2026,3,2026_03_NE_JAX,401872957,JAX,NE,Robert Hainsey,00-0036985,HainRo00,,C,OL,G/C,C,0.958,1,1,,,,,,,Questionable,,FP,0.12,0.8,0.096,QUESTIONABLE,1,0.35,0.07,1,,1,59,0.95,0,,,data/postmortem/locks/2026-w03-ne-jax.json | game day: nflverse snap_counts + weekly_rosters
2026,3,2026_03_NE_JAX,401872957,JAX,NE,Walker Little,00-0036975,LittWa00,,OL,OL,G/C,T,0.593,0,0.25,,,,,,,none,,,0,0.8,0,,,,,1,,1,3,0.05,0,,,nflverse snap_counts (not on desk injury list) | game day: nflverse snap_counts + weekly_rosters
2026,3,2026_03_KC_MIA,401872952,KC,MIA,Ashton Gillotte,00-0040640,GillAs00,4684432,DE,F7,EDGE,DE,0.515,0,0.25,,,,,,,none,,,0,0.7,0,,,,,1,,1,35,0.48,0,,,nflverse snap_counts (not on desk injury list) | game day: nflverse snap_counts + weekly_rosters
2026,3,2026_03_KC_MIA,401872952,KC,MIA,Chris Jones,00-0032762,JoneCh09,3044859,IDL,F7,DL,DT,0.517,0,0.25,,,,,,,Questionable,,LP,0.24,0.9,0.054,QUESTIONABLE,1,0.35,0.18,1,,1,53,0.73,0,,,data/postmortem/locks/2026-w03-kc-mia.json | game day: nflverse snap_counts + weekly_rosters
2026,3,2026_03_KC_MIA,401872952,KC,MIA,Cooper McDonald,00-0040118,McDoCo01,4567826,LB,F7,LB,MLB,0.177,0,0,,,,,,,IR,,unknown,1,0.7,0,IR,1,1,0.25,0,,0,0,0,0,,,data/postmortem/locks/2026-w03-kc-mia.json | game day: nflverse snap_counts + weekly_rosters
2026,3,2026_03_KC_MIA,401872952,KC,MIA,Drue Tranquill,00-0035262,TranDr00,3129310,LB,F7,LB,OLB,0.837,1,1,,,,,,,none,,,0,0.7,0,,,,,1,,1,62,0.85,0,,,nflverse snap_counts (not on desk injury list) | game day: nflverse snap_counts + weekly_rosters
2026,3,2026_03_KC_MIA,401872952,KC,MIA,George Karlaftis III,00-0037192,KarlGe00,4426659,DE,F7,EDGE,DE,0.615,1,0.75,,,,,,,none,,,0,0.7,0,,,,,1,,1,58,0.79,0,,,nflverse snap_counts (not on desk injury list) | game day: nflverse snap_counts + weekly_rosters
2026,3,2026_03_KC_MIA,401872952,KC,MIA,Nick Bolton,00-0036621,BoltNi00,4362759,LB,F7,LB,MLB,0.998,1,1,,,,,,,none,,,0,0.7,0,,,,,1,,1,73,1,0,,,nflverse snap_counts (not on desk injury list) | game day: nflverse snap_counts + weekly_rosters
2026,3,2026_03_KC_MIA,401872952,KC,MIA,Omarr Norman-Lott,00-0040748,NormOm00,4591008,IDL,F7,DL,DT,0,0,0,,,,,,,Pup,,unknown,1,0.9,0,PUP,1,1,0.25,0,,0,0,0,0,,,data/postmortem/locks/2026-w03-kc-mia.json | game day: nflverse snap_counts + weekly_rosters
2026,3,2026_03_KC_MIA,401872952,KC,MIA,Creed Humphrey,00-0036623,HumpCr00,,C,OL,G/C,C,1,1,1,,,,,,,none,,,0,0.8,0,,,,,1,,1,52,1,0,,,nflverse snap_counts (not on desk injury list) | game day: nflverse snap_counts + weekly_rosters
2026,3,2026_03_KC_MIA,401872952,KC,MIA,Jaylon Moore,00-0036557,MoorJa04,,OL,OL,G/C,T,0.502,0,0.25,,,,,,,none,,,0,0.8,0,,,,,1,,1,51,0.98,0,,,nflverse snap_counts (not on desk injury list) | game day: nflverse snap_counts + weekly_rosters
2026,3,2026_03_KC_MIA,401872952,KC,MIA,Kahlil Benson,00-0041019,BensKa00,,T,OL,T,T,0.5,0,0.25,,,,,,,none,,,0,1,0,,,,,1,,1,52,1,0,,,nflverse snap_counts (not on desk injury list) | game day: nflverse snap_counts + weekly_rosters
2026,3,2026_03_KC_MIA,401872952,KC,MIA,Kingsley Suamataia,00-0039844,SuamKi00,,T,OL,T,G,1,1,1,,,,,,,none,,,0,1,0,,,,,1,,1,52,1,0,,,nflverse snap_counts (not on desk injury list) | game day: nflverse snap_counts + weekly_rosters
2026,3,2026_03_KC_MIA,401872952,KC,MIA,Trey Smith,00-0036660,SmitTr05,,G,OL,G/C,G,0.75,1,1,,,,,,,none,,,0,0.8,0,,,,,1,,1,52,1,0,,,nflverse snap_counts (not on desk injury list) | game day: nflverse snap_counts + weekly_rosters
2026,3,2026_03_LAC_BUF,401872953,LAC,BUF,Daiyan Henley,00-0038553,HenlDa00,4241597,LB,F7,LB,ILB,0.677,1,0.75,,,,,,,none,,,0,0.7,0,,,,,1,,1,58,0.88,0,,,nflverse snap_counts (not on desk injury list) | game day: nflverse snap_counts + weekly_rosters
2026,3,2026_03_LAC_BUF,401872953,LAC,BUF,Dalvin Tomlinson,00-0033546,TomlDa00,2979860,IDL,F7,DL,NT,0.233,0,0,,,,,,Hamstring,Out,,DNP,1,0.9,0,OUT,1,1,0.25,0,,0,0,0,0,,,data/postmortem/locks/2026-w03-lac-buf.json | game day: nflverse snap_counts + weekly_rosters
2026,3,2026_03_LAC_BUF,401872953,LAC,BUF,Del'Shawn Phillips,00-0035202,PhilDe00,4240528,LB,F7,LB,ILB,0.532,0,0.25,,,,,,,none,,,0,0.7,0,,,,,1,,1,31,0.47,0,,,nflverse snap_counts (not on desk injury list) | game day: nflverse snap_counts + weekly_rosters
2026,3,2026_03_LAC_BUF,401872953,LAC,BUF,Jamaree Caldwell,00-0040144,CaldJa00,5089178,DT,F7,DL,DT,0.542,0,0.25,,,,,,,none,,,0,0.9,0,,,,,1,,1,38,0.58,0,,,nflverse snap_counts (not on desk injury list) | game day: nflverse snap_counts + weekly_rosters
2026,3,2026_03_LAC_BUF,401872953,LAC,BUF,Justin Eboigbe,00-0039835,EboiJu00,4567138,DL,F7,DL,DE,0.52,0,0.25,,,,,,,none,,,0,0.9,0,,,,,1,,1,41,0.62,0,,,nflverse snap_counts (not on desk injury list) | game day: nflverse snap_counts + weekly_rosters
2026,3,2026_03_LAC_BUF,401872953,LAC,BUF,Khalil Mack,00-0031040,MackKh00,16710,LB,F7,LB,OLB,0.547,0,0.25,,,,,,,none,,FP,0,0.7,0,,,,,1,,1,49,0.74,0,,,nflverse snap_counts (not on desk injury list) | game day: nflverse snap_counts + weekly_rosters
2026,3,2026_03_LAC_BUF,401872953,LAC,BUF,Teair Tart,00-0036181,TartTe00,4374269,DL,F7,DL,DT,0.465,0,0.25,,,,,,,none,,,0,0.9,0,,,,,1,,1,36,0.55,0,,,nflverse snap_counts (not on desk injury list) | game day: nflverse snap_counts + weekly_rosters
2026,3,2026_03_LAC_BUF,401872953,LAC,BUF,Troy Dye,00-0036338,DyexTr00,4038946,LB,F7,LB,ILB,0.333,0,0,,,,,,,none,,,0,0.7,0,,,,,1,,1,24,0.36,0,,,nflverse snap_counts (not on desk injury list) | game day: nflverse snap_counts + weekly_rosters
2026,3,2026_03_LAC_BUF,401872953,LAC,BUF,Tuli Tuipulotu,00-0039111,TuipTu00,4431442,LB,F7,LB,OLB,0.583,0,0.25,,,,,,,none,,FP,0,0.7,0,,,,,1,,1,54,0.82,0,,,nflverse snap_counts (not on desk injury list) | game day: nflverse snap_counts + weekly_rosters
2026,3,2026_03_LAC_BUF,401872953,LAC,BUF,Cole Strange,00-0038103,StraCo01,,OL,OL,G/C,G,0.46,0,0.25,,,,,,,none,,FP,0,0.8,0,,,,,1,,1,69,1,0,,,nflverse snap_counts (not on desk injury list) | game day: nflverse snap_counts + weekly_rosters
2026,3,2026_03_LAC_BUF,401872953,LAC,BUF,Jake Slaughter,00-0041392,SlauJa02,,OL,OL,G/C,G,0.5,0,0.25,,,,,,,none,,,0,0.8,0,,,,,1,,1,69,1,0,,,nflverse snap_counts (not on desk injury list) | game day: nflverse snap_counts + weekly_rosters
2026,3,2026_03_LAC_BUF,401872953,LAC,BUF,Joe Alt,00-0039897,AltxJo01,,T,OL,T,T,0.5,0,0.25,,,,,,,none,,,0,1,0,,,,,1,,1,69,1,0,,,nflverse snap_counts (not on desk injury list) | game day: nflverse snap_counts + weekly_rosters
2026,3,2026_03_LAC_BUF,401872953,LAC,BUF,Kayode Awosika,00-0036736,AwosKa00,,OG,OL,G/C,G,0.345,0,0,,,,,,Fibula,Out,,DNP,1,0.8,0,OUT,1,1,0.25,0,,0,0,0,0,,,data/postmortem/locks/2026-w03-lac-buf.json | game day: nflverse snap_counts + weekly_rosters
2026,3,2026_03_LAC_BUF,401872953,LAC,BUF,Rashawn Slater,00-0037009,SlatRa00,,T,OL,T,T,0.5,0,0.25,,,,,,,none,,FP,0,1,0,,,,,1,,1,69,1,0,,,nflverse snap_counts (not on desk injury list) | game day: nflverse snap_counts + weekly_rosters
2026,3,2026_03_LAC_BUF,401872953,LAC,BUF,Trevor Penning,00-0037241,PennTr00,,T,OL,T,G,0.375,0,0,,,,,,,none,,,0,1,0,,,,,1,,1,69,1,0,,,nflverse snap_counts (not on desk injury list) | game day: nflverse snap_counts + weekly_rosters
2026,3,2026_03_LAC_BUF,401872953,LAC,BUF,Trey Pipkins III,00-0035688,PipkTr00,,RT,OL,G/C,T,0.34,0,0,,,,,,Knee,Out,,DNP,1,0.8,0,OUT,1,1,0.25,0,,0,0,0,0,,,data/postmortem/locks/2026-w03-lac-buf.json | game day: nflverse snap_counts + weekly_rosters
2026,3,2026_03_LAC_BUF,401872953,LAC,BUF,Tyler Biadasz,00-0036376,BiadTy00,,C,OL,G/C,C,0,0,0,,,,,,,IR,,unknown,1,0.8,0,IR,1,1,0.2,0,,0,0,0,0,,,data/postmortem/locks/2026-w03-lac-buf.json | game day: nflverse snap_counts + weekly_rosters
2026,3,2026_03_LA_DEN,401872962,LAR,DEN,Braden Fiske,00-0039734,FiskBr00,4362245,DE,F7,EDGE,DT,0.585,0,0.25,,,,,,,none,,,0,0.7,0,,,,,1,,1,35,0.52,0,,,nflverse snap_counts (not on desk injury list) | game day: nflverse snap_counts + weekly_rosters
2026,3,2026_03_LA_DEN,401872962,LAR,DEN,Byron Young,00-0039137,YounBy01,4875196,LB,F7,LB,OLB,0.633,1,0.75,,,,,,,none,,DNP,0,0.7,0,,,,,1,,1,59,0.88,0,,,nflverse snap_counts (not on desk injury list) | game day: nflverse snap_counts + weekly_rosters
2026,3,2026_03_LA_DEN,401872962,LAR,DEN,Josaiah Stewart,00-0040580,StewJo03,4682983,LB,F7,LB,OLB,0.528,0,0.25,,,,,,,none,,,0,0.7,0,,,,,1,,1,52,0.78,0,,,nflverse snap_counts (not on desk injury list) | game day: nflverse snap_counts + weekly_rosters
2026,3,2026_03_LA_DEN,401872962,LAR,DEN,Kobie Turner,00-0039138,TurnKo00,4250621,DE,F7,EDGE,DT,0.635,1,0.75,,,,,,,none,,,0,0.7,0,,,,,1,,1,41,0.61,0,,,nflverse snap_counts (not on desk injury list) | game day: nflverse snap_counts + weekly_rosters
2026,3,2026_03_LA_DEN,401872962,LAR,DEN,Myles Garrett,00-0033868,GarrMy00,3122132,EDGE1,F7,EDGE,OLB,0.155,0,0,,,,,,,IR,,unknown,1,0.7,0,IR,1,1,0.5,0,,0,0,0,0,,,data/postmortem/locks/2026-w03-lar-den.json | game day: nflverse snap_counts + weekly_rosters
2026,3,2026_03_LA_DEN,401872962,LAR,DEN,Omar Speights,00-0039774,SpeiOm00,4428550,LB,F7,LB,ILB,0.562,0,0.25,,,,,,,none,,,0,0.7,0,,,,,1,,1,40,0.6,0,,,nflverse snap_counts (not on desk injury list) | game day: nflverse snap_counts + weekly_rosters
2026,3,2026_03_LA_DEN,401872962,LAR,DEN,Poona Ford,00-0034234,FordPo00,3125114,NT,F7,DL,NT,0.478,0,0.25,,,,,,,none,,,0,0.9,0,,,,,1,,1,21,0.31,0,,,nflverse snap_counts (not on desk injury list) | game day: nflverse snap_counts + weekly_rosters
2026,3,2026_03_LA_DEN,401872962,LAR,DEN,Tyler Davis,00-0039749,DaviTy05,4568217,DE,F7,EDGE,DT,0.422,0,0,,,,,,,none,,,0,0.7,0,,,,,1,,1,20,0.3,0,,,nflverse snap_counts (not on desk injury list) | game day: nflverse snap_counts + weekly_rosters
2026,3,2026_03_LA_DEN,401872962,LAR,DEN,Alaric Jackson,00-0036603,JackAl01,,OL,OL,G/C,T,1,1,1,,,,,,,none,,FP,0,0.8,0,,,,,1,,1,86,1,0,,,nflverse snap_counts (not on desk injury list) | game day: nflverse snap_counts + weekly_rosters
2026,3,2026_03_LA_DEN,401872962,LAR,DEN,Coleman Shelton,00-0034114,ShelCo00,,OL,OL,G/C,C,1,1,1,,,,,,,none,,,0,0.8,0,,,,,1,,1,86,1,0,,,nflverse snap_counts (not on desk injury list) | game day: nflverse snap_counts + weekly_rosters
2026,3,2026_03_LA_DEN,401872962,LAR,DEN,Kevin Dotson,00-0036339,DotsKe00,,OL,OL,G/C,G,0.992,1,1,,,,,,,none,,,0,0.8,0,,,,,1,,1,85,0.99,0,,,nflverse snap_counts (not on desk injury list) | game day: nflverse snap_counts + weekly_rosters
2026,3,2026_03_LA_DEN,401872962,LAR,DEN,Steve Avila,00-0039058,AvilSt00,,OL,OL,G/C,G,1,1,1,,,,,,,none,,,0,0.8,0,,,,,1,,1,86,1,0,,,nflverse snap_counts (not on desk injury list) | game day: nflverse snap_counts + weekly_rosters
2026,3,2026_03_LA_DEN,401872962,LAR,DEN,Warren McClendon,00-0039077,McClWa00,,OL,OL,G/C,T,1,1,1,,,,,,,none,,,0,0.8,0,,,,,1,,1,86,1,0,,,nflverse snap_counts (not on desk injury list) | game day: nflverse snap_counts + weekly_rosters
2026,3,2026_03_LV_NO,401872961,LV,NO,Jonah Laulu,00-0039423,LaulJo00,4373956,DT,F7,DL,DT,0.54,0,0.25,,,,,,,none,,,0,0.9,0,,,,,1,,1,15,0.2,0,,,nflverse snap_counts (not on desk injury list) | game day: nflverse snap_counts + weekly_rosters
2026,3,2026_03_LV_NO,401872961,LV,NO,Kwity Paye,00-0036479,PayeKw00,4258194,EDGE1,F7,EDGE,DE,0.282,0,0,,,,,,Illness,Questionable,,LP,0.24,0.7,0,QUESTIONABLE,1,0.35,0.07,1,,1,43,0.58,0,,,data/postmortem/locks/2026-w03-lv-no.json | game day: nflverse snap_counts + weekly_rosters
2026,3,2026_03_LV_NO,401872961,LV,NO,Malcolm Koonce,00-0036989,KoonMa00,4239719,DE,F7,EDGE,DE,0.583,0,0.25,,,,,,,none,,,0,0.7,0,,,,,1,,1,35,0.47,0,,,nflverse snap_counts (not on desk injury list) | game day: nflverse snap_counts + weekly_rosters
2026,3,2026_03_LV_NO,401872961,LV,NO,Maxx Crosby,00-0034973,CrosMa00,3916655,DE,F7,EDGE,DE,0.422,0,0,,,,,,,none,,,0,0.7,0,,,,,1,,1,64,0.86,0,,,nflverse snap_counts (not on desk injury list) | game day: nflverse snap_counts + weekly_rosters
2026,3,2026_03_LV_NO,401872961,LV,NO,Nakobe Dean,00-0037615,DeanNa00,4426340,LB,F7,LB,ILB,0.485,0,0.25,,,,,,,none,,FP,0,0.7,0,,,,,1,,1,74,1,0,,,nflverse snap_counts (not on desk injury list) | game day: nflverse snap_counts + weekly_rosters
2026,3,2026_03_LV_NO,401872961,LV,NO,Quay Walker,00-0037074,WalkQu00,4379416,LB,F7,LB,ILB,0.5,0,0.25,,,,,,,none,,,0,0.7,0,,,,,1,,1,74,1,0,,,nflverse snap_counts (not on desk injury list) | game day: nflverse snap_counts + weekly_rosters
2026,3,2026_03_LV_NO,401872961,LV,NO,Thomas Booker,00-0037262,BookTh00,4360749,DT,F7,DL,DT,0.493,0,0.25,,,,,,,none,,,0,0.9,0,,,,,1,,1,24,0.32,0,,,nflverse snap_counts (not on desk injury list) | game day: nflverse snap_counts + weekly_rosters
2026,3,2026_03_LV_NO,401872961,LV,NO,Tonka Hemingway,00-0040169,HemiTo00,4429109,DT,F7,DL,DT,0.537,0,0.25,,,,,,,none,,,0,0.9,0,,,,,1,,1,39,0.53,0,,,nflverse snap_counts (not on desk injury list) | game day: nflverse snap_counts + weekly_rosters
2026,3,2026_03_LV_NO,401872961,LV,NO,Caleb Rogers,00-0040150,RogeCa01,,G,OL,G/C,G,0.5,0,0.25,,,,,,,none,,,0,0.8,0,,,,,1,,1,5,0.07,0,,,nflverse snap_counts (not on desk injury list) | game day: nflverse snap_counts + weekly_rosters
2026,3,2026_03_LV_NO,401872961,LV,NO,Jackson Powers-Johnson,00-0039735,PoweJa00,,G,OL,G/C,G,0.5,0,0.25,,,,,,,none,,,0,0.8,0,,,,,1,,1,65,0.93,0,,,nflverse snap_counts (not on desk injury list) | game day: nflverse snap_counts + weekly_rosters
2026,3,2026_03_LV_NO,401872961,LV,NO,Kolton Miller,00-0034759,MillKo00,,T,OL,T,T,0.5,0,0.25,,,,,,,none,,,0,1,0,,,,,1,,1,70,1,0,,,nflverse snap_counts (not on desk injury list) | game day: nflverse snap_counts + weekly_rosters
2026,3,2026_03_LV_NO,401872961,LV,NO,Spencer Burford,00-0037829,BurfSp00,,OL,OL,G/C,G,0.5,0,0.25,,,,,,,none,,,0,0.8,0,,,,,1,,1,70,1,0,,,nflverse snap_counts (not on desk injury list) | game day: nflverse snap_counts + weekly_rosters
2026,3,2026_03_LV_NO,401872961,LV,NO,Tyler Linderbaum,00-0037825,LindTy00,,C,OL,G/C,C,0.5,0,0.25,,,,,,,none,,,0,0.8,0,,,,,1,,1,70,1,0,,,nflverse snap_counts (not on desk injury list) | game day: nflverse snap_counts + weekly_rosters
2026,3,2026_03_KC_MIA,401872952,MIA,KC,Jacob Rodriguez,00-0041522,RodrJa00,4566094,LB,F7,LB,MLB,0.48,0,0.25,,,,,,,none,,,0,0.7,0,,,,,1,,1,52,1,0,,,nflverse snap_counts (not on desk injury list) | game day: nflverse snap_counts + weekly_rosters
2026,3,2026_03_KC_MIA,401872952,MIA,KC,Jordan Phillips,00-0040175,PhilJo02,4837188,DT,F7,DL,DT,0.557,0,0.25,,,,,,,none,,,0,0.9,0,,,,,1,,1,35,0.67,0,,,nflverse snap_counts (not on desk injury list) | game day: nflverse snap_counts + weekly_rosters
2026,3,2026_03_KC_MIA,401872952,MIA,KC,Jordyn Brooks,00-0036409,BrooJo01,4043130,LB,F7,LB,OLB,0.79,1,1,,,,,,,none,,,0,0.7,0,,,,,1,,1,52,1,0,,,nflverse snap_counts (not on desk injury list) | game day: nflverse snap_counts + weekly_rosters
2026,3,2026_03_KC_MIA,401872952,MIA,KC,Kyle Louis,00-0041527,LouiKy00,4880273,LB,F7,EDGE,OLB,0.01,0,0,,,,,,,IR,,unknown,1,0.7,0,IR,1,1,0.25,0,,0,0,0,0,,,data/postmortem/locks/2026-w03-kc-mia.json | game day: nflverse snap_counts + weekly_rosters
2026,3,2026_03_KC_MIA,401872952,MIA,KC,Robert Beal Jr.,,BealRo00,,EDGE1,F7,DL,,0.147,0,0,,,,,,,Questionable,,unknown,0.27,0.9,0,QUESTIONABLE,1,0.35,0.09,,,0,0,0,0,,,data/postmortem/locks/2026-w03-kc-mia.json | game day: nflverse snap_counts + weekly_rosters
2026,3,2026_03_KC_MIA,401872952,MIA,KC,Ronnie Harrison Jr.,00-0034779,HarrRo02,3859006,LB,F7,LB,OLB,0,0,0,,,,,,,IR,,unknown,1,0.7,0,IR,1,1,0.2,0,,0,0,0,0,,,data/postmortem/locks/2026-w03-kc-mia.json | game day: nflverse snap_counts + weekly_rosters
2026,3,2026_03_KC_MIA,401872952,MIA,KC,Willie Gay Jr.,00-0036362,GayJWi00,4259804,LB,F7,LB,OLB,0.483,0,0.25,,,,,,,none,,,0,0.7,0,,,,,1,,1,23,0.44,0,,,nflverse snap_counts (not on desk injury list) | game day: nflverse snap_counts + weekly_rosters
2026,3,2026_03_KC_MIA,401872952,MIA,KC,Zach Sieler,00-0034285,SielZa00,3057956,DT,F7,DL,DT,0.665,1,0.75,,,,,,,none,,,0,0.9,0,,,,,1,,1,44,0.85,0,,,nflverse snap_counts (not on desk injury list) | game day: nflverse snap_counts + weekly_rosters
2026,3,2026_03_KC_MIA,401872952,MIA,KC,Zeek Biggers,00-0040248,BiggZe01,4683276,DT,F7,DL,DT,0.54,0,0.25,,,,,,,none,,,0,0.9,0,,,,,1,,1,25,0.48,0,,,nflverse snap_counts (not on desk injury list) | game day: nflverse snap_counts + weekly_rosters
2026,3,2026_03_KC_MIA,401872952,MIA,KC,Aaron Brewer,00-0036171,BrewAa01,,OL,OL,G/C,C,0.75,1,1,,,,,,,none,,,0,0.8,0,,,,,1,,1,73,1,0,,,nflverse snap_counts (not on desk injury list) | game day: nflverse snap_counts + weekly_rosters
2026,3,2026_03_KC_MIA,401872952,MIA,KC,Austin Jackson,00-0036248,JackAu00,,OL,OL,G/C,T,0.75,1,1,,,,,,,none,,,0,0.8,0,,,,,1,,1,73,1,0,,,nflverse snap_counts (not on desk injury list) | game day: nflverse snap_counts + weekly_rosters
2026,3,2026_03_KC_MIA,401872952,MIA,KC,Jonah Savaiinaea,00-0040742,SavaJo00,,OL,OL,G/C,G,1,1,1,,,,,,,none,,,0,0.8,0,,,,,1,,1,73,1,0,,,nflverse snap_counts (not on desk injury list) | game day: nflverse snap_counts + weekly_rosters
2026,3,2026_03_KC_MIA,401872952,MIA,KC,Kadyn Proctor,00-0041521,ProcKa00,,G,OL,G/C,T,0.5,0,0.25,,,,,,,none,,,0,0.8,0,,,,,1,,1,73,1,0,,,nflverse snap_counts (not on desk injury list) | game day: nflverse snap_counts + weekly_rosters
2026,3,2026_03_KC_MIA,401872952,MIA,KC,Patrick Paul,00-0039899,PaulPa01,,T,OL,T,T,1,1,1,,,,,,,none,,,0,1,0,,,,,1,,1,73,1,0,,,nflverse snap_counts (not on desk injury list) | game day: nflverse snap_counts + weekly_rosters
2026,3,2026_03_MIN_TB,401872959,MIN,TB,Andrew Van Ginkel,00-0035272,VanGAn00,3133487,LB,F7,LB,OLB,0.842,1,1,,,,,,,none,,,0,0.7,0,,,,,1,,1,54,0.78,0,,,nflverse snap_counts (not on desk injury list) | game day: nflverse snap_counts + weekly_rosters
2026,3,2026_03_MIN_TB,401872959,MIN,TB,Blake Cashman,00-0035276,CashBl00,3728281,LB,F7,LB,ILB,0.932,1,1,,,,,,,none,,,0,0.7,0,,,,,1,,1,67,0.97,0,,,nflverse snap_counts (not on desk injury list) | game day: nflverse snap_counts + weekly_rosters
2026,3,2026_03_MIN_TB,401872959,MIN,TB,Dallas Turner,00-0039924,TurnDa01,4565190,LB,F7,LB,OLB,0.768,1,1,,,,,,,none,,,0,0.7,0,,,,,1,,1,63,0.91,0,,,nflverse snap_counts (not on desk injury list) | game day: nflverse snap_counts + weekly_rosters
2026,3,2026_03_MIN_TB,401872959,MIN,TB,Eric Wilson,00-0033336,WilsEr00,3056916,LB,F7,LB,ILB,0.94,1,1,,,,,,,none,,,0,0.7,0,,,,,1,,1,66,0.96,0,,,nflverse snap_counts (not on desk injury list) | game day: nflverse snap_counts + weekly_rosters
2026,3,2026_03_MIN_TB,401872959,MIN,TB,Jalen Redmond,00-0038778,RedmJa01,4360277,DL,F7,DL,DE,0.712,1,0.75,,,,,,,none,,FP,0,0.9,0,,,,,1,,1,56,0.81,0,,,nflverse snap_counts (not on desk injury list) | game day: nflverse snap_counts + weekly_rosters
2026,3,2026_03_MIN_TB,401872959,MIN,TB,Levi Drake Rodriguez,00-0039421,RodrLe00,5093973,DL,F7,DL,NT,0.595,0,0.25,,,,,,,none,,,0,0.9,0,,,,,1,,1,28,0.41,0,,,nflverse snap_counts (not on desk injury list) | game day: nflverse snap_counts + weekly_rosters
2026,3,2026_03_MIN_TB,401872959,MIN,TB,Blake Brandel,00-0036347,BranBl00,,G,OL,G/C,C,0.782,1,1,,,,,,,none,,,0,0.8,0,,,,,1,,1,59,1,0,,,nflverse snap_counts (not on desk injury list) | game day: nflverse snap_counts + weekly_rosters
2026,3,2026_03_MIN_TB,401872959,MIN,TB,Brian O'Neill,00-0034158,ONeiBr00,,T,OL,T,T,0.718,1,0.75,,,,,,,none,,FP,0,1,0,,,,,1,,1,59,1,0,,,nflverse snap_counts (not on desk injury list) | game day: nflverse snap_counts + weekly_rosters
2026,3,2026_03_MIN_TB,401872959,MIN,TB,Christian Darrisaw,00-0036616,DarrCh00,,T,OL,T,T,0.5,0,0.25,,,,,,,none,,DNP,0,1,0,,,,,1,,1,59,1,0,,,nflverse snap_counts (not on desk injury list) | game day: nflverse snap_counts + weekly_rosters
2026,3,2026_03_MIN_TB,401872959,MIN,TB,Donovan Jackson,00-0040661,JackDo03,,OL,OL,G/C,G,1,1,1,,,,,,,none,,,0,0.8,0,,,,,1,,1,59,1,0,,,nflverse snap_counts (not on desk injury list) | game day: nflverse snap_counts + weekly_rosters
2026,3,2026_03_MIN_TB,401872959,MIN,TB,Michael Jurgens,00-0039419,JurgMi02,,G,OL,G/C,C,0.5,0,0.25,,,,,,,none,,,0,0.8,0,,,,,0,,0,0,0,0,,,nflverse snap_counts (not on desk injury list) | game day: nflverse snap_counts + weekly_rosters
2026,3,2026_03_MIN_TB,401872959,MIN,TB,Nick Samac,00-0039237,SamaNi00,,C,OL,G/C,C,0,0,0,,,,,,Knee,Out,,DNP,1,0.8,0,OUT,1,1,0.25,0,,0,0,0,0,,,data/postmortem/locks/2026-w03-min-tb.json | game day: nflverse snap_counts + weekly_rosters
2026,3,2026_03_MIN_TB,401872959,MIN,TB,Will Fries,00-0036483,FrieWi00,,G,OL,G/C,G,1,1,1,,,,,,,none,,,0,0.8,0,,,,,1,,1,59,1,0,,,nflverse snap_counts (not on desk injury list) | game day: nflverse snap_counts + weekly_rosters
2026,3,2026_03_NE_JAX,401872957,NE,JAX,Christian Barmore,00-0036981,BarmCh00,4372030,DT,F7,DL,DT,0.62,1,0.75,,,,,,,none,,,0,0.9,0,,,,,1,,1,28,0.45,1,,,nflverse snap_counts (not on desk injury list) | game day: nflverse snap_counts + weekly_rosters
2026,3,2026_03_NE_JAX,401872957,NE,JAX,Christian Elliss,00-0036813,ElliCh00,4245273,LB,F7,LB,ILB,0.79,1,1,,,,,,,none,,,0,0.7,0,,,,,1,,1,57,0.92,0,,,nflverse snap_counts (not on desk injury list) | game day: nflverse snap_counts + weekly_rosters
2026,3,2026_03_NE_JAX,401872957,NE,JAX,Cory Durden,00-0038653,DurdCo00,4240042,DL,F7,DL,DT,0.508,0,0.25,,,,,,,none,,,0,0.9,0,,,,,1,,1,32,0.52,0,,,nflverse snap_counts (not on desk injury list) | game day: nflverse snap_counts + weekly_rosters
2026,3,2026_03_NE_JAX,401872957,NE,JAX,Dre'Mont Jones,00-0035678,JoneDr00,3915525,EDGE1,F7,LB,OLB,0.275,0,0,,,,,,Shoulder,Out,,DNP,0.45,0.7,0,QUESTIONABLE,1,0.35,0.07,0,,0,0,0,0,,,data/postmortem/locks/2026-w03-ne-jax.json | game day: nflverse snap_counts + weekly_rosters
2026,3,2026_03_NE_JAX,401872957,NE,JAX,Elijah Ponder,00-0040574,PondEl02,4688432,LB,F7,LB,OLB,0.573,0,0.25,,,,,,,none,,,0,0.7,0,,,,,1,,1,51,0.82,0,,,nflverse snap_counts (not on desk injury list) | game day: nflverse snap_counts + weekly_rosters
2026,3,2026_03_NE_JAX,401872957,NE,JAX,Harold Landry,00-0034828,LandHa00,3122793,EDGE1,F7,LB,OLB,0.048,0,0,,,,,,,Pup,,unknown,1,0.7,0,PUP,1,1,0.25,0,,0,0,0,0,,,data/postmortem/locks/2026-w03-ne-jax.json | game day: nflverse snap_counts + weekly_rosters
2026,3,2026_03_NE_JAX,401872957,NE,JAX,Milton Williams,00-0036916,WillMi08,4239699,DT,F7,DL,DT,0.672,1,0.75,,,,,,,none,,,0,0.9,0,,,,,1,,1,41,0.66,0,,,nflverse snap_counts (not on desk injury list) | game day: nflverse snap_counts + weekly_rosters
2026,3,2026_03_NE_JAX,401872957,NE,JAX,Quintayvious Hutchins,00-0041402,HutcQu00,4698181,LB,F7,LB,OLB,0.058,0,0,,,,,,Knee,Out,,DNP,0.45,0.7,0,QUESTIONABLE,1,0.35,0.09,0,,0,0,0,0,,,data/postmortem/locks/2026-w03-ne-jax.json | game day: nflverse snap_counts + weekly_rosters
2026,3,2026_03_NE_JAX,401872957,NE,JAX,Robert Spillane,00-0034720,SpilRo00,3129446,LB,F7,LB,ILB,0.805,1,1,,,,,,,none,,,0,0.7,0,,,,,1,,1,59,0.95,0,,,nflverse snap_counts (not on desk injury list) | game day: nflverse snap_counts + weekly_rosters
2026,3,2026_03_NE_JAX,401872957,NE,JAX,Alijah Vera-Tucker,00-0036979,VeraAl00,,G,OL,G/C,G,0.5,0,0.25,,,,,,,none,,,0,0.8,0,,,,,1,,1,63,1,0,,,nflverse snap_counts (not on desk injury list) | game day: nflverse snap_counts + weekly_rosters
2026,3,2026_03_NE_JAX,401872957,NE,JAX,Jared Wilson,00-0040147,WilsJa02,,OL,OL,G/C,C,1,1,1,,,,,,,none,,,0,0.8,0,,,,,1,,1,51,0.81,0,,,nflverse snap_counts (not on desk injury list) | game day: nflverse snap_counts + weekly_rosters
2026,3,2026_03_NE_JAX,401872957,NE,JAX,Mike Onwenu,00-0036198,OnweMi00,,RT,OL,G/C,G,0.818,1,1,,,,,,,IR,,unknown,1,0.8,0.8,IR,1,1,0.25,0,,0,0,0,0,,,data/postmortem/locks/2026-w03-ne-jax.json | game day: nflverse snap_counts + weekly_rosters
2026,3,2026_03_NE_JAX,401872957,NE,JAX,Morgan Moses,00-0031330,MoseMo00,,RT,OL,T,T,0.983,1,1,,,,,,,Questionable,,LP,0.24,1,0.24,QUESTIONABLE,1,0.35,0.09,1,,1,43,0.68,0,,,data/postmortem/locks/2026-w03-ne-jax.json | game day: nflverse snap_counts + weekly_rosters
2026,3,2026_03_NE_JAX,401872957,NE,JAX,Will Campbell,00-0040699,CampWi01,,T,OL,T,T,1,1,1,,,,,,,none,,,0,1,0,,,,,1,,1,63,1,0,,,nflverse snap_counts (not on desk injury list) | game day: nflverse snap_counts + weekly_rosters
2026,3,2026_03_LV_NO,401872961,NO,LV,Bryan Bresee,00-0038995,BresBr00,4428988,IDL,F7,DL,DT,0,0,0,,,,,,,IR,,unknown,1,0.9,0,IR,1,1,0.2,0,,0,0,0,0,,,data/postmortem/locks/2026-w03-lv-no.json | game day: nflverse snap_counts + weekly_rosters
2026,3,2026_03_LV_NO,401872961,NO,LV,Cameron Jordan,00-0027962,JordCa00,13971,DE,F7,EDGE,OLB,0.395,0,0,,,,,,,none,,,0,0.7,0,,,,,1,,1,39,0.56,0,,,nflverse snap_counts (not on desk injury list) | game day: nflverse snap_counts + weekly_rosters
2026,3,2026_03_LV_NO,401872961,NO,LV,Carl Granderson,00-0035402,GranCa01,3918310,DE,F7,EDGE,OLB,0.712,1,0.75,,,,,,,none,,,0,0.7,0,,,,,1,,1,36,0.51,0,,,nflverse snap_counts (not on desk injury list) | game day: nflverse snap_counts + weekly_rosters
2026,3,2026_03_LV_NO,401872961,NO,LV,Chase Young,00-0036321,YounCh04,4241986,DE,F7,EDGE,OLB,0.76,1,1,,,,,,,none,,FP,0,0.7,0,,,,,1,,1,53,0.76,0,,,nflverse snap_counts (not on desk injury list) | game day: nflverse snap_counts + weekly_rosters
2026,3,2026_03_LV_NO,401872961,NO,LV,Christen Miller,00-0041390,MillCh01,4685479,IDL,F7,DL,DT,0.08,0,0,,,,,,Toe,Out,,DNP,1,0.9,0,OUT,1,1,0.25,0,,0,0,0,0,,,data/postmortem/locks/2026-w03-lv-no.json | game day: nflverse snap_counts + weekly_rosters
2026,3,2026_03_LV_NO,401872961,NO,LV,Danny Stutsman,00-0040155,StutDa00,4683215,LB,F7,LB,ILB,0.33,0,0,,,,,,,none,,,0,0.7,0,,,,,1,,1,45,0.64,0,,,nflverse snap_counts (not on desk injury list) | game day: nflverse snap_counts + weekly_rosters
2026,3,2026_03_LV_NO,401872961,NO,LV,Davon Godchaux,00-0033860,GodcDa00,3115383,DT,F7,DL,NT,0.3,0,0,,,,,,,none,,FP,0,0.9,0,,,,,1,,1,27,0.39,0,,,nflverse snap_counts (not on desk injury list) | game day: nflverse snap_counts + weekly_rosters
2026,3,2026_03_LV_NO,401872961,NO,LV,Kaden Elliss,00-0035316,ElliKa00,3124890,LB,F7,LB,ILB,0.5,0,0.25,,,,,,,none,,,0,0.7,0,,,,,1,,1,70,1,0,,,nflverse snap_counts (not on desk injury list) | game day: nflverse snap_counts + weekly_rosters
2026,3,2026_03_LV_NO,401872961,NO,LV,Nathan Shepherd,00-0034760,ShepNa00,4076951,DT,F7,DL,DT,0.505,0,0.25,,,,,,,none,,LP,0,0.9,0,,,,,1,,1,48,0.69,0,,,nflverse snap_counts (not on desk injury list) | game day: nflverse snap_counts + weekly_rosters
2026,3,2026_03_LV_NO,401872961,NO,LV,Pete Werner,00-0036927,WernPe00,4241993,LB,F7,LB,ILB,0.608,1,0.75,,,,,,,none,,,0,0.7,0,,,,,1,,1,19,0.27,1,,,nflverse snap_counts (not on desk injury list) | game day: nflverse snap_counts + weekly_rosters
2026,3,2026_03_LV_NO,401872961,NO,LV,Vernon Broughton,00-0040642,BrouVe00,4429040,DL,F7,DL,DT,0.312,0,0,,,,,,,none,,,0,0.9,0,,,,,1,,1,40,0.57,0,,,nflverse snap_counts (not on desk injury list) | game day: nflverse snap_counts + weekly_rosters
2026,3,2026_03_LV_NO,401872961,NO,LV,Asim Richards,00-0038601,RichAs00,,OL,OL,G/C,T,0.345,0,0,,,,,,,none,,,0,0.8,0,,,,,1,,1,74,1,0,,,nflverse snap_counts (not on desk injury list) | game day: nflverse snap_counts + weekly_rosters
2026,3,2026_03_LV_NO,401872961,NO,LV,Cesar Ruiz,00-0036408,RuizCe00,,C,OL,G/C,G,0.75,1,1,,,,,,,none,,,0,0.8,0,,,,,1,,1,74,1,0,,,nflverse snap_counts (not on desk injury list) | game day: nflverse snap_counts + weekly_rosters
2026,3,2026_03_LV_NO,401872961,NO,LV,David Edwards,00-0035668,EdwaDa01,,G,OL,G/C,G,0.5,0,0.25,,,,,,,none,,,0,0.8,0,,,,,1,,1,74,1,0,,,nflverse snap_counts (not on desk injury list) | game day: nflverse snap_counts + weekly_rosters
2026,3,2026_03_LV_NO,401872961,NO,LV,Dillon Radunz,00-0036619,RaduDi00,,OL,OL,G/C,G,0.5,0,0.25,,,,,,,none,,,0,0.8,0,,,,,0,,0,0,0,0,,,nflverse snap_counts (not on desk injury list) | game day: nflverse snap_counts + weekly_rosters
2026,3,2026_03_LV_NO,401872961,NO,LV,Erik McCoy,00-0035242,McCoEr01,,C,OL,G/C,C,0.5,0,0.25,,,,,,,none,,,0,0.8,0,,,,,1,,1,74,1,0,,,nflverse snap_counts (not on desk injury list) | game day: nflverse snap_counts + weekly_rosters
2026,3,2026_03_LV_NO,401872961,NO,LV,Kelvin Banks Jr.,00-0040125,BankKe01,,RT,OL,T,T,0.7,1,0.75,,,,,,,IR,,unknown,1,1,0.75,IR,1,1,0.2,0,,0,0,0,0,,,data/postmortem/locks/2026-w03-lv-no.json | game day: nflverse snap_counts + weekly_rosters
2026,3,2026_03_LV_NO,401872961,NO,LV,Taliese Fuaga,00-0039339,FuagTa00,,T,OL,T,T,1,1,1,,,,,,,none,,,0,1,0,,,,,1,,1,74,1,0,,,nflverse snap_counts (not on desk injury list) | game day: nflverse snap_counts + weekly_rosters
2026,3,2026_03_TEN_NYG,401872956,NYG,TEN,Abdul Carter,00-0040677,CartAb00,4725996,LB,F7,LB,OLB,0.908,1,1,,,,,,,none,,,0,0.7,0,,,,,1,,1,58,0.97,0,,,nflverse snap_counts (not on desk injury list) | game day: nflverse snap_counts + weekly_rosters
2026,3,2026_03_TEN_NYG,401872956,NYG,TEN,Arvell Reese,00-0041509,ReesAr00,4950400,LB,F7,LB,ILB,0.487,0,0.25,,,,,,,none,,,0,0.7,0,,,,,1,,1,60,1,0,,,nflverse snap_counts (not on desk injury list) | game day: nflverse snap_counts + weekly_rosters
2026,3,2026_03_TEN_NYG,401872956,NYG,TEN,Brian Burns,00-0035713,BurnBr00,4035631,LB,F7,LB,OLB,0.71,1,0.75,,,,,,Ankle,Questionable,,DNP,0.45,0.7,0.236,QUESTIONABLE,1,0.35,0.18,1,,1,25,0.42,1,,,data/postmortem/locks/2026-w03-ten-nyg.json | game day: nflverse snap_counts + weekly_rosters
2026,3,2026_03_TEN_NYG,401872956,NYG,TEN,Chauncey Golston,00-0036982,GolsCh00,4036132,DL,F7,DL,DE,0.465,0,0.25,,,,,,,none,,,0,0.9,0,,,,,1,,1,35,0.58,0,,,nflverse snap_counts (not on desk injury list) | game day: nflverse snap_counts + weekly_rosters
2026,3,2026_03_TEN_NYG,401872956,NYG,TEN,Darius Alexander,00-0040694,AlexDa01,4426542,DL,F7,DL,DT,0.422,0,0,,,,,,,none,,,0,0.9,0,,,,,1,,1,23,0.38,0,,,nflverse snap_counts (not on desk injury list) | game day: nflverse snap_counts + weekly_rosters
2026,3,2026_03_TEN_NYG,401872956,NYG,TEN,Roy Robertson-Harris,00-0032667,RobeRo00,2574891,DT,F7,DL,DT,0.323,0,0,,,,,,,none,,,0,0.9,0,,,,,0,,0,0,0,0,,,nflverse snap_counts (not on desk injury list) | game day: nflverse snap_counts + weekly_rosters
2026,3,2026_03_TEN_NYG,401872956,NYG,TEN,Shelby Harris,00-0031270,HarrSh00,16837,IDL,F7,DL,DT,0.23,0,0,,,,,,,Questionable,,FP,0.12,0.9,0,QUESTIONABLE,1,0.35,0.07,1,,1,26,0.43,0,,,data/postmortem/locks/2026-w03-ten-nyg.json | game day: nflverse snap_counts + weekly_rosters
2026,3,2026_03_TEN_NYG,401872956,NYG,TEN,Tremaine Edmunds,00-0034673,EdmuTr01,3929950,LB,F7,LB,ILB,0.5,0,0.25,,,,,,,none,,,0,0.7,0,,,,,1,,1,60,1,0,,,nflverse snap_counts (not on desk injury list) | game day: nflverse snap_counts + weekly_rosters
2026,3,2026_03_TEN_NYG,401872956,NYG,TEN,Andrew Thomas,00-0036386,ThomAn02,,RT,OL,T,T,0.5,0,0.25,,,,,,,Questionable,,LP,0.24,1,0.06,QUESTIONABLE,1,0.35,0.09,1,,1,64,1,0,,,data/postmortem/locks/2026-w03-ten-nyg.json | game day: nflverse snap_counts + weekly_rosters
2026,3,2026_03_TEN_NYG,401872956,NYG,TEN,Francis Mauigoa,00-0041505,MauiFr01,,OL,OL,G/C,T,0.5,0,0.25,,,,,,,none,,FP,0,0.8,0,,,,,1,,1,64,1,0,,,nflverse snap_counts (not on desk injury list) | game day: nflverse snap_counts + weekly_rosters
2026,3,2026_03_TEN_NYG,401872956,NYG,TEN,Jermaine Eluemunor,00-0033290,ElueJe00,,OL,OL,G/C,T,0.985,1,1,,,,,,,none,,FP,0,0.8,0,,,,,1,,1,64,1,0,,,nflverse snap_counts (not on desk injury list) | game day: nflverse snap_counts + weekly_rosters
2026,3,2026_03_TEN_NYG,401872956,NYG,TEN,John Michael Schmitz,00-0039019,MichJo00,,C,OL,G/C,C,0.5,0,0.25,,,,,,,none,,,0,0.8,0,,,,,1,,1,64,1,0,,,nflverse snap_counts (not on desk injury list) | game day: nflverse snap_counts + weekly_rosters
2026,3,2026_03_TEN_NYG,401872956,NYG,TEN,Jon Runyan Jr.,00-0036246,RunyJo00,,G,OL,G/C,G,1,1,1,,,,,,,none,,,0,0.8,0,,,,,1,,1,64,1,0,,,nflverse snap_counts (not on desk injury list) | game day: nflverse snap_counts + weekly_rosters
2026,3,2026_03_TEN_NYG,401872956,NYG,TEN,Marcus Mbow,00-0040181,MbowMa00,,OL,OL,G/C,T,0.5,0,0.25,,,,,,,none,,,0,0.8,0,,,,,1,,0,0,0,0,,,nflverse snap_counts (not on desk injury list) | game day: nflverse snap_counts + weekly_rosters
2026,3,2026_03_NYJ_DET,401872954,NYJ,DET,Braiden McGregor,00-0039284,McGrBr00,4429005,DE,F7,EDGE,OLB,0.39,0,0,,,,,,,none,,,0,0.7,0,,,,,1,,1,6,0.09,0,,,nflverse snap_counts (not on desk injury list) | game day: nflverse snap_counts + weekly_rosters
2026,3,2026_03_NYJ_DET,401872954,NYJ,DET,David Bailey,00-0041026,BailDa02,4685248,DE,F7,EDGE,OLB,0.357,0,0,,,,,,,none,,FP,0,0.7,0,,,,,1,,1,44,0.68,0,,,nflverse snap_counts (not on desk injury list) | game day: nflverse snap_counts + weekly_rosters
2026,3,2026_03_NYJ_DET,401872954,NYJ,DET,David Onyemata,00-0033051,OnyeDa00,4002046,IDL,F7,DL,DT,0.23,0,0,,,,,,,IR,,unknown,1,0.9,0,IR,1,1,0.2,0,,0,0,0,0,,,data/postmortem/locks/2026-w03-nyj-det.json | game day: nflverse snap_counts + weekly_rosters
2026,3,2026_03_NYJ_DET,401872954,NYJ,DET,Demario Davis,00-0029607,DaviDe00,14958,LB,F7,LB,ILB,0.5,0,0.25,,,,,,,none,,,0,0.7,0,,,,,1,,1,65,1,0,,,nflverse snap_counts (not on desk injury list) | game day: nflverse snap_counts + weekly_rosters
2026,3,2026_03_NYJ_DET,401872954,NYJ,DET,Harrison Phillips,00-0034782,PhilHa00,3117255,DL,F7,DL,DT,0.593,0,0.25,,,,,,,none,,,0,0.9,0,,,,,1,,1,44,0.68,0,,,nflverse snap_counts (not on desk injury list) | game day: nflverse snap_counts + weekly_rosters
2026,3,2026_03_NYJ_DET,401872954,NYJ,DET,Jamien Sherwood,00-0036500,SherJa00,4361331,LB,F7,LB,ILB,0.975,1,1,,,,,,,none,,,0,0.7,0,,,,,1,,1,61,0.94,0,,,nflverse snap_counts (not on desk injury list) | game day: nflverse snap_counts + weekly_rosters
2026,3,2026_03_NYJ_DET,401872954,NYJ,DET,Joseph Ossai,00-0036902,OssaJo00,4362094,EDGE1,F7,EDGE,OLB,0,0,0,,,,,,Foot,Questionable,,FP,0.12,0.7,0,QUESTIONABLE,1,0.35,0.07,1,,1,28,0.43,0,,,data/postmortem/locks/2026-w03-nyj-det.json | game day: nflverse snap_counts + weekly_rosters
2026,3,2026_03_NYJ_DET,401872954,NYJ,DET,Jowon Briggs,00-0039431,BrigJo00,4426676,DL,F7,DL,DT,0.537,0,0.25,,,,,,,none,,,0,0.9,0,,,,,1,,1,45,0.69,0,,,nflverse snap_counts (not on desk injury list) | game day: nflverse snap_counts + weekly_rosters
2026,3,2026_03_NYJ_DET,401872954,NYJ,DET,Kiko Mauigoa,,,,LB,F7,LB,,,0,0,,,,,,,Out,,unknown,1,0.7,0,OUT,1,1,0.25,,,0,0,0,0,,,data/postmortem/locks/2026-w03-nyj-det.json | game day: nflverse snap_counts + weekly_rosters
2026,3,2026_03_NYJ_DET,401872954,NYJ,DET,Kingsley Enagbare,00-0037083,EnagKi00,4362840,DL,F7,DL,OLB,0.335,0,0,,,,,,,none,,,0,0.9,0,,,,,1,,1,38,0.58,0,,,nflverse snap_counts (not on desk injury list) | game day: nflverse snap_counts + weekly_rosters
2026,3,2026_03_NYJ_DET,401872954,NYJ,DET,Marcelino McCrary-Ball,00-0037526,McCrMa01,4045299,LB,F7,LB,ILB,0.025,0,0,,,,,,,IR,,unknown,1,0.7,0,IR,1,1,0.25,0,,0,0,0,0,,,data/postmortem/locks/2026-w03-nyj-det.json | game day: nflverse snap_counts + weekly_rosters
2026,3,2026_03_NYJ_DET,401872954,NYJ,DET,Armand Membou,00-0040123,MembAr00,,T,OL,T,T,1,1,1,,,,,,,none,,,0,1,0,,,,,1,,1,66,1,0,,,nflverse snap_counts (not on desk injury list) | game day: nflverse snap_counts + weekly_rosters
2026,3,2026_03_NYJ_DET,401872954,NYJ,DET,Dylan Parham,00-0037255,ParhDy00,,G,OL,G/C,G,0.5,0,0.25,,,,,,,none,,,0,0.8,0,,,,,1,,1,38,0.58,0,,,nflverse snap_counts (not on desk injury list) | game day: nflverse snap_counts + weekly_rosters
2026,3,2026_03_NYJ_DET,401872954,NYJ,DET,Joe Tippmann,00-0039145,TippJo00,,C,OL,G/C,G,1,1,1,,,,,,,none,,,0,0.8,0,,,,,1,,1,66,1,0,,,nflverse snap_counts (not on desk injury list) | game day: nflverse snap_counts + weekly_rosters
2026,3,2026_03_NYJ_DET,401872954,NYJ,DET,Josh Myers,00-0036622,MyerJo00,,C,OL,G/C,C,1,1,1,,,,,,,none,,,0,0.8,0,,,,,1,,1,66,1,0,,,nflverse snap_counts (not on desk injury list) | game day: nflverse snap_counts + weekly_rosters
2026,3,2026_03_PHI_CHI,401872963,PHI,CHI,Byron Young,00-0038978,YounBy00,4567123,DT,F7,DL,DT,0.33,0,0,,,,,,,none,,,0,0.9,0,,,,,1,,1,28,0.39,0,,,nflverse snap_counts (not on desk injury list) | game day: nflverse snap_counts + weekly_rosters
2026,3,2026_03_PHI_CHI,401872963,PHI,CHI,Jalen Carter,00-0038386,CartJa05,4685759,DT,F7,DL,DT,0.672,1,0.75,,,,,,,none,,FP,0,0.9,0,,,,,1,,1,51,0.71,0,,,nflverse snap_counts (not on desk injury list) | game day: nflverse snap_counts + weekly_rosters
2026,3,2026_03_PHI_CHI,401872963,PHI,CHI,Jalyx Hunt,00-0039740,HuntJa02,4571162,LB,F7,LB,OLB,0.635,1,0.75,,,,,,,none,,,0,0.7,0,,,,,1,,1,53,0.74,0,,,nflverse snap_counts (not on desk injury list) | game day: nflverse snap_counts + weekly_rosters
2026,3,2026_03_PHI_CHI,401872963,PHI,CHI,Jihaad Campbell,00-0040708,CampJi00,4685287,LB,F7,LB,ILB,0.693,1,0.75,,,,,,,none,,,0,0.7,0,,,,,1,,1,70,0.97,0,,,nflverse snap_counts (not on desk injury list) | game day: nflverse snap_counts + weekly_rosters
2026,3,2026_03_PHI_CHI,401872963,PHI,CHI,Jonathan Greenard,00-0036224,GreeJo04,3916409,EDGE1,F7,LB,OLB,0,0,0,,,,,,Pectoral,Questionable,,FP,0.12,0.7,0,QUESTIONABLE,1,0.35,0.09,1,,1,18,0.25,0,,,data/postmortem/locks/2026-w03-phi-chi.json | game day: nflverse snap_counts + weekly_rosters
2026,3,2026_03_PHI_CHI,401872963,PHI,CHI,Jordan Davis,00-0037073,DaviJo03,4381558,DT,F7,DL,DT,0.475,0,0.25,,,,,,,none,,,0,0.9,0,,,,,1,,1,42,0.58,0,,,nflverse snap_counts (not on desk injury list) | game day: nflverse snap_counts + weekly_rosters
2026,3,2026_03_PHI_CHI,401872963,PHI,CHI,Moro Ojomo,00-0038412,OjomMo00,4362116,DT,F7,DL,DT,0.662,1,0.75,,,,,,,none,,,0,0.9,0,,,,,1,,1,39,0.54,0,,,nflverse snap_counts (not on desk injury list) | game day: nflverse snap_counts + weekly_rosters
2026,3,2026_03_PHI_CHI,401872963,PHI,CHI,Nolan Smith,00-0039013,SmitNo02,4426331,LB,F7,LB,OLB,0.605,1,0.75,,,,,,,none,,,0,0.7,0,,,,,1,,1,44,0.61,0,,,nflverse snap_counts (not on desk injury list) | game day: nflverse snap_counts + weekly_rosters
2026,3,2026_03_PHI_CHI,401872963,PHI,CHI,Zack Baun,00-0036418,BaunZa00,3917657,LB,F7,LB,ILB,0.75,1,1,,,,,,,none,,,0,0.7,0,,,,,1,,1,66,0.92,0,,,nflverse snap_counts (not on desk injury list) | game day: nflverse snap_counts + weekly_rosters
2026,3,2026_03_PHI_CHI,401872963,PHI,CHI,Cam Jurgens,00-0038112,JurgCa01,,C,OL,G/C,C,0.75,1,1,,,,,,,none,,,0,0.8,0,,,,,1,,1,50,1,0,,,nflverse snap_counts (not on desk injury list) | game day: nflverse snap_counts + weekly_rosters
2026,3,2026_03_PHI_CHI,401872963,PHI,CHI,Drew Kendall,00-0040587,KendDr00,,C,OL,G/C,C,0.5,0,0.25,,,,,,,none,,,0,0.8,0,,,,,1,,1,50,1,0,,,nflverse snap_counts (not on desk injury list) | game day: nflverse snap_counts + weekly_rosters
2026,3,2026_03_PHI_CHI,401872963,PHI,CHI,Fred Johnson,00-0034951,JohnFr01,,RT,OL,T,T,0.497,0,0.25,,,,,,Knee,Out,,DNP,1,1,0.25,OUT,1,1,0.25,0,,0,0,0,0,,,data/postmortem/locks/2026-w03-phi-chi.json | game day: nflverse snap_counts + weekly_rosters
2026,3,2026_03_PHI_CHI,401872963,PHI,CHI,Jordan Mailata,00-0034429,MailJo00,,T,OL,T,T,0.75,1,1,,,,,,,none,,,0,1,0,,,,,1,,1,50,1,0,,,nflverse snap_counts (not on desk injury list) | game day: nflverse snap_counts + weekly_rosters
2026,3,2026_03_PHI_CHI,401872963,PHI,CHI,Landon Dickerson,00-0037002,DickLa00,,OG,OL,G/C,G,0.5,0,0.25,,,,,,,IR,,unknown,1,0.8,0.2,IR,1,1,0.25,0,,0,0,0,0,,,data/postmortem/locks/2026-w03-phi-chi.json | game day: nflverse snap_counts + weekly_rosters
2026,3,2026_03_PHI_CHI,401872963,PHI,CHI,Lane Johnson,00-0030561,JohnLa01,,T,OL,T,T,0.5,0,0.25,,,,,,,none,,,0,1,0,,,,,1,,1,50,1,0,,,nflverse snap_counts (not on desk injury list) | game day: nflverse snap_counts + weekly_rosters
2026,3,2026_03_PHI_CHI,401872963,PHI,CHI,Tyler Steen,00-0039001,SteeTy00,,OL,OL,G/C,G,0.857,1,1,,,,,,,none,,FP,0,0.8,0,,,,,1,,1,50,1,0,,,nflverse snap_counts (not on desk injury list) | game day: nflverse snap_counts + weekly_rosters
2026,3,2026_03_CIN_PIT,401872950,PIT,CIN,Alex Highsmith,00-0036333,HighAl02,4037333,LB,F7,LB,OLB,0.723,1,0.75,,,,,,,none,,,0,0.7,0,,,,,1,,1,41,0.72,0,,,nflverse snap_counts (not on desk injury list) | game day: nflverse snap_counts + weekly_rosters
2026,3,2026_03_CIN_PIT,401872950,PIT,CIN,Cameron Heyward,00-0027969,HeywCa01,13977,DT,F7,DL,DT,0.69,1,0.75,,,,,,,none,,,0,0.9,0,,,,,1,,1,37,0.65,0,,,nflverse snap_counts (not on desk injury list) | game day: nflverse snap_counts + weekly_rosters
2026,3,2026_03_CIN_PIT,401872950,PIT,CIN,Derrick Harmon,00-0040678,HarmDe01,4682980,DT,F7,DL,DT,0.585,0,0.25,,,,,,,none,,,0,0.9,0,,,,,1,,1,24,0.42,0,,,nflverse snap_counts (not on desk injury list) | game day: nflverse snap_counts + weekly_rosters
2026,3,2026_03_CIN_PIT,401872950,PIT,CIN,Keeanu Benton,00-0039110,BentKe00,4426694,DT,F7,DL,DT,0.65,1,0.75,,,,,,,none,,,0,0.9,0,,,,,1,,1,32,0.56,0,,,nflverse snap_counts (not on desk injury list) | game day: nflverse snap_counts + weekly_rosters
2026,3,2026_03_CIN_PIT,401872950,PIT,CIN,Nick Herbig,00-0038577,HerbNi00,4429164,LB,F7,LB,OLB,0.453,0,0.25,,,,,,,none,,,0,0.7,0,,,,,1,,1,27,0.47,0,,,nflverse snap_counts (not on desk injury list) | game day: nflverse snap_counts + weekly_rosters
2026,3,2026_03_CIN_PIT,401872950,PIT,CIN,Patrick Queen,00-0036323,QueePa00,4242207,LB,F7,LB,ILB,1,1,1,,,,,,,none,,,0,0.7,0,,,,,1,,1,57,1,0,,,nflverse snap_counts (not on desk injury list) | game day: nflverse snap_counts + weekly_rosters
2026,3,2026_03_CIN_PIT,401872950,PIT,CIN,Payton Wilson,00-0039741,WilsPa00,4361652,LB,F7,LB,ILB,0.595,0,0.25,,,,,,,none,,,0,0.7,0,,,,,1,,1,40,0.7,0,,,nflverse snap_counts (not on desk injury list) | game day: nflverse snap_counts + weekly_rosters
2026,3,2026_03_CIN_PIT,401872950,PIT,CIN,T.J. Watt,00-0033886,WattT.00,3045282,LB,F7,LB,OLB,0.698,1,0.75,,,,,,,none,,,0,0.7,0,,,,,1,,1,44,0.77,0,,,nflverse snap_counts (not on desk injury list) | game day: nflverse snap_counts + weekly_rosters
2026,3,2026_03_CIN_PIT,401872950,PIT,CIN,Yahya Black,00-0040188,BlacYa00,4430947,DE,F7,EDGE,DT,0.333,0,0,,,,,,,none,,,0,0.7,0,,,,,1,,1,16,0.28,0,,,nflverse snap_counts (not on desk injury list) | game day: nflverse snap_counts + weekly_rosters
2026,3,2026_03_CIN_PIT,401872950,PIT,CIN,Dylan Cook,00-0037480,CookDy00,,T,OL,T,T,0.98,1,1,,,,,,,none,,,0,1,0,,,,,1,,0,0,0,0,,,nflverse snap_counts (not on desk injury list) | game day: nflverse snap_counts + weekly_rosters
2026,3,2026_03_CIN_PIT,401872950,PIT,CIN,Gennings Dunker,00-0041396,DunkGe00,,OG,OL,G/C,G,0,0,0,,,,,,Knee,Out,,DNP,0.45,0.8,0,QUESTIONABLE,1,0.35,0.09,0,,0,0,0,0,,,data/postmortem/locks/2026-w03-cin-pit.json | game day: nflverse snap_counts + weekly_rosters
2026,3,2026_03_CIN_PIT,401872950,PIT,CIN,Mason McCormick,00-0039358,McCoMa00,,G,OL,G/C,G,1,1,1,,,,,,,none,,,0,0.8,0,,,,,1,,1,62,1,0,,,nflverse snap_counts (not on desk injury list) | game day: nflverse snap_counts + weekly_rosters
2026,3,2026_03_CIN_PIT,401872950,PIT,CIN,Spencer Anderson,00-0038645,AndeSp00,,OL,OL,G/C,G,0.597,0,0.25,,,,,,,none,,,0,0.8,0,,,,,1,,0,0,0,0,,,nflverse snap_counts (not on desk injury list) | game day: nflverse snap_counts + weekly_rosters
2026,3,2026_03_CIN_PIT,401872950,PIT,CIN,Troy Fautanu,00-0039871,FautTr00,,T,OL,T,T,0.998,1,1,,,,,,,none,,,0,1,0,,,,,1,,1,62,1,0,,,nflverse snap_counts (not on desk injury list) | game day: nflverse snap_counts + weekly_rosters
2026,3,2026_03_CIN_PIT,401872950,PIT,CIN,Zach Frazier,00-0039896,FrazZa00,,C,OL,G/C,C,1,1,1,,,,,,,none,,,0,0.8,0,,,,,1,,1,62,1,0,,,nflverse snap_counts (not on desk injury list) | game day: nflverse snap_counts + weekly_rosters
2026,3,2026_03_SEA_WAS,401872955,SEA,WSH,Byron Murphy,00-0039309,MurpBy01,4570040,DT,F7,DL,DT,0.655,1,0.75,,,,,,,none,,,0,0.9,0,,,,,1,,1,48,0.7,0,,,nflverse snap_counts (not on desk injury list) | game day: nflverse snap_counts + weekly_rosters
2026,3,2026_03_SEA_WAS,401872955,SEA,WSH,DeMarcus Lawrence,00-0031411,LawrDe00,16802,LB,F7,LB,OLB,0.645,1,0.75,,,,,,,none,,,0,0.7,0,,,,,1,,1,45,0.65,0,,,nflverse snap_counts (not on desk injury list) | game day: nflverse snap_counts + weekly_rosters
2026,3,2026_03_SEA_WAS,401872955,SEA,WSH,Derick Hall,00-0039047,HallDe04,4567226,LB,F7,LB,OLB,0.53,0,0.25,,,,,,,none,,,0,0.7,0,,,,,1,,1,35,0.51,0,,,nflverse snap_counts (not on desk injury list) | game day: nflverse snap_counts + weekly_rosters
2026,3,2026_03_SEA_WAS,401872955,SEA,WSH,Drake Thomas,00-0038922,ThomDr00,4428659,LB,F7,LB,ILB,0.745,1,0.75,,,,,,,none,,,0,0.7,0,,,,,1,,1,57,0.83,0,,,nflverse snap_counts (not on desk injury list) | game day: nflverse snap_counts + weekly_rosters
2026,3,2026_03_SEA_WAS,401872955,SEA,WSH,Ernest Jones,00-0036994,JoneEr01,4362851,LB,F7,LB,ILB,0.99,1,1,,,,,,,none,,FP,0,0.7,0,,,,,1,,1,69,1,0,,,nflverse snap_counts (not on desk injury list) | game day: nflverse snap_counts + weekly_rosters
2026,3,2026_03_SEA_WAS,401872955,SEA,WSH,Jarran Reed,00-0032387,ReedJa02,3115312,NT,F7,DL,NT,0.487,0,0.25,,,,,,,none,,,0,0.9,0,,,,,1,,1,35,0.51,0,,,nflverse snap_counts (not on desk injury list) | game day: nflverse snap_counts + weekly_rosters
2026,3,2026_03_SEA_WAS,401872955,SEA,WSH,Leonard Williams,00-0031933,WillLe02,2971622,DE,F7,EDGE,DT,0.735,1,0.75,,,,,,,none,,,0,0.7,0,,,,,1,,1,56,0.81,0,,,nflverse snap_counts (not on desk injury list) | game day: nflverse snap_counts + weekly_rosters
2026,3,2026_03_SEA_WAS,401872955,SEA,WSH,Uchenna Nwosu,00-0034350,NwosUc00,3120358,LB,F7,LB,OLB,0.495,0,0.25,,,,,,,none,,,0,0.7,0,,,,,1,,1,36,0.52,0,,,nflverse snap_counts (not on desk injury list) | game day: nflverse snap_counts + weekly_rosters
2026,3,2026_03_SEA_WAS,401872955,SEA,WSH,Abraham Lucas,00-0037812,LucaAb00,,T,OL,T,T,1,1,1,,,,,,,none,,,0,1,0,,,,,1,,1,67,1,0,,,nflverse snap_counts (not on desk injury list) | game day: nflverse snap_counts + weekly_rosters
2026,3,2026_03_SEA_WAS,401872955,SEA,WSH,Anthony Bradford,00-0039020,BradAn00,,OG,OL,G/C,G,0.75,1,1,,,,,,,IR,,unknown,1,0.8,0.8,IR,1,1,0.25,0,,0,0,0,0,,,data/postmortem/locks/2026-w03-sea-wsh.json | game day: nflverse snap_counts + weekly_rosters
2026,3,2026_03_SEA_WAS,401872955,SEA,WSH,Charles Cross,00-0037821,CrosCh00,,T,OL,T,T,1,1,1,,,,,,,none,,,0,1,0,,,,,1,,1,67,1,0,,,nflverse snap_counts (not on desk injury list) | game day: nflverse snap_counts + weekly_rosters
2026,3,2026_03_SEA_WAS,401872955,SEA,WSH,Grey Zabel,00-0040639,ZabeGr00,,G,OL,G/C,G,1,1,1,,,,,,,none,,,0,0.8,0,,,,,1,,1,67,1,0,,,nflverse snap_counts (not on desk injury list) | game day: nflverse snap_counts + weekly_rosters
2026,3,2026_03_SEA_WAS,401872955,SEA,WSH,Jalen Sundell,00-0039926,SundJa00,,C,OL,G/C,C,1,1,1,,,,,,,none,,,0,0.8,0,,,,,1,,1,67,1,0,,,nflverse snap_counts (not on desk injury list) | game day: nflverse snap_counts + weekly_rosters
2026,3,2026_03_ARI_SF,401872958,SF,ARI,C.J. West,00-0040711,WestCJ00,4686308,IDL,F7,DL,DT,0.427,0,0,,,,,,,IR,,unknown,1,0.9,0,IR,1,1,0.25,0,,0,0,0,0,,,data/postmortem/locks/2026-w03-ari-sf.json | game day: nflverse snap_counts + weekly_rosters
2026,3,2026_03_ARI_SF,401872958,SF,ARI,Dre Greenlaw,00-0034982,GreeDr00,3916903,LB,F7,LB,OLB,0.338,0,0,,,,,,,none,,FP,0,0.7,0,,,,,1,,1,62,0.71,0,,,nflverse snap_counts (not on desk injury list) | game day: nflverse snap_counts + weekly_rosters
2026,3,2026_03_ARI_SF,401872958,SF,ARI,Fred Warner,00-0034815,WarnFr00,3138826,LB,F7,LB,MLB,0.425,0,0,,,,,,,none,,,0,0.7,0,,,,,1,,1,87,1,0,,,nflverse snap_counts (not on desk injury list) | game day: nflverse snap_counts + weekly_rosters
2026,3,2026_03_ARI_SF,401872958,SF,ARI,Garret Wallow,00-0036844,WallGa00,4241807,LB,F7,LB,OLB,0.505,0,0.25,,,,,,,none,,,0,0.7,0,,,,,1,,1,21,0.24,0,,,nflverse snap_counts (not on desk injury list) | game day: nflverse snap_counts + weekly_rosters
2026,3,2026_03_ARI_SF,401872958,SF,ARI,James Thompson Jr.,00-0041363,ThomJa06,,IDL,F7,DL,DT,0.175,0,0,,,,,,Ankle,Out,,DNP,1,0.9,0,DOUBTFUL,1,0.75,0.19,0,,0,0,0,0,,,data/postmortem/locks/2026-w03-ari-sf.json | game day: nflverse snap_counts + weekly_rosters
2026,3,2026_03_ARI_SF,401872958,SF,ARI,Keion White,00-0039148,WhitKe03,4243493,DL,F7,DL,DE,0.515,0,0.25,,,,,,,none,,,0,0.9,0,,,,,1,,1,60,0.69,0,,,nflverse snap_counts (not on desk injury list) | game day: nflverse snap_counts + weekly_rosters
2026,3,2026_03_ARI_SF,401872958,SF,ARI,Mykel Williams,00-0040660,WillMy00,4685623,EDGE1,F7,DL,DE,0,0,0,,,,,,,Pup,,unknown,1,0.9,0,PUP,1,1,0.2,0,,0,0,0,0,,,data/postmortem/locks/2026-w03-ari-sf.json | game day: nflverse snap_counts + weekly_rosters
2026,3,2026_03_ARI_SF,401872958,SF,ARI,Nick Bosa,00-0035717,BosaNi00,4040605,EDGE1,F7,DL,DE,0.318,0,0,,,,,,Knee,Out,,DNP,1,0.9,0,DOUBTFUL,1,0.75,0.19,0,,0,0,0,0,,,data/postmortem/locks/2026-w03-ari-sf.json | game day: nflverse snap_counts + weekly_rosters
2026,3,2026_03_ARI_SF,401872958,SF,ARI,Osa Odighizuwa,00-0036942,OdigOs00,4035840,DT,F7,DL,DT,0.32,0,0,,,,,,,none,,,0,0.9,0,,,,,1,,1,71,0.82,0,,,nflverse snap_counts (not on desk injury list) | game day: nflverse snap_counts + weekly_rosters
2026,3,2026_03_ARI_SF,401872958,SF,ARI,Romello Height,00-0041556,HeigRo00,4432244,EDGE1,F7,DL,DE,0.258,0,0,,,,,,Hand,Out,,DNP,0.45,0.9,0,QUESTIONABLE,1,0.35,0.07,0,,0,0,0,0,,,data/postmortem/locks/2026-w03-ari-sf.json | game day: nflverse snap_counts + weekly_rosters
2026,3,2026_03_ARI_SF,401872958,SF,ARI,Colton McKivitz,00-0036256,McKiCo00,,OL,OL,G/C,T,1,1,1,,,,,,,none,,,0,0.8,0,,,,,1,,1,54,1,0,,,nflverse snap_counts (not on desk injury list) | game day: nflverse snap_counts + weekly_rosters
2026,3,2026_03_ARI_SF,401872958,SF,ARI,Connor Colby,00-0040245,ColbCo00,,OL,OL,G/C,G,0.512,0,0.25,,,,,,,none,,,0,0.8,0,,,,,1,,1,54,1,0,,,nflverse snap_counts (not on desk injury list) | game day: nflverse snap_counts + weekly_rosters
2026,3,2026_03_ARI_SF,401872958,SF,ARI,Dominick Puni,00-0039351,PuniDo00,,OL,OL,G/C,G,0.958,1,1,,,,,,,none,,,0,0.8,0,,,,,1,,1,54,1,0,,,nflverse snap_counts (not on desk injury list) | game day: nflverse snap_counts + weekly_rosters
2026,3,2026_03_ARI_SF,401872958,SF,ARI,Jake Brendel,00-0032701,BrenJa01,,OL,OL,G/C,C,0.95,1,1,,,,,,,none,,,0,0.8,0,,,,,1,,1,54,1,0,,,nflverse snap_counts (not on desk injury list) | game day: nflverse snap_counts + weekly_rosters
2026,3,2026_03_ARI_SF,401872958,SF,ARI,Trent Williams,00-0027857,WillTr21,,T,OL,T,T,0.95,1,1,,,,,,,none,,FP,0,1,0,,,,,1,,1,32,0.59,0,,,nflverse snap_counts (not on desk injury list) | game day: nflverse snap_counts + weekly_rosters
2026,3,2026_03_MIN_TB,401872959,TB,MIN,Alex Anzalone,00-0033914,AnzaAl00,3043107,LB,F7,LB,ILB,0.5,0,0.25,,,,,,,none,,,0,0.7,0,,,,,1,,1,59,1,0,,,nflverse snap_counts (not on desk injury list) | game day: nflverse snap_counts + weekly_rosters
2026,3,2026_03_MIN_TB,401872959,TB,MIN,Anthony Nelson,00-0035254,NelsAn01,3894856,LB,F7,LB,OLB,0.155,0,0,,,,,,,Questionable,,FP,0.12,0.7,0,QUESTIONABLE,1,0.35,0.07,1,,1,19,0.32,0,,,data/postmortem/locks/2026-w03-min-tb.json | game day: nflverse snap_counts + weekly_rosters
2026,3,2026_03_MIN_TB,401872959,TB,MIN,Calijah Kancey,00-0039063,KancCa00,4427673,DL,F7,DL,DE,0.453,0,0.25,,,,,,,none,,,0,0.9,0,,,,,1,,1,40,0.68,0,,,nflverse snap_counts (not on desk injury list) | game day: nflverse snap_counts + weekly_rosters
2026,3,2026_03_MIN_TB,401872959,TB,MIN,Elijah Roberts,00-0040183,RobeEl01,4690795,DL,F7,DL,DE,0.345,0,0,,,,,,,none,,,0,0.9,0,,,,,1,,1,17,0.29,0,,,nflverse snap_counts (not on desk injury list) | game day: nflverse snap_counts + weekly_rosters
2026,3,2026_03_MIN_TB,401872959,TB,MIN,Josiah Trotter,00-0041502,TrotJo00,4870998,LB,F7,LB,ILB,0.435,0,0,,,,,,Shoulder,Out,,LP,1,0.7,0,OUT,1,1,0.25,0,,0,0,0,0,,,data/postmortem/locks/2026-w03-min-tb.json | game day: nflverse snap_counts + weekly_rosters
2026,3,2026_03_MIN_TB,401872959,TB,MIN,Mohamed Kamara,00-0039877,KamaMo00,4427677,LB,F7,LB,OLB,0,0,0,,,,,,,IR,,unknown,1,0.7,0,IR,1,1,0.25,0,,0,0,0,0,,,data/postmortem/locks/2026-w03-min-tb.json | game day: nflverse snap_counts + weekly_rosters
2026,3,2026_03_MIN_TB,401872959,TB,MIN,Rueben Bain Jr.,00-0041031,BainRu00,4870617,LB,F7,LB,OLB,0.31,0,0,,,,,,Groin,Out,,DNP,1,0.7,0,OUT,1,1,0.2,0,,0,0,0,0,,,data/postmortem/locks/2026-w03-min-tb.json | game day: nflverse snap_counts + weekly_rosters
2026,3,2026_03_MIN_TB,401872959,TB,MIN,SirVocea Dennis,00-0039049,DennSi00,4429511,LB,F7,LB,ILB,0.505,0,0.25,,,,,,,none,,,0,0.7,0,,,,,1,,1,27,0.46,0,,,nflverse snap_counts (not on desk injury list) | game day: nflverse snap_counts + weekly_rosters
2026,3,2026_03_MIN_TB,401872959,TB,MIN,Vita Vea,00-0034773,VeaxVi00,3134362,NT,F7,DL,NT,0.708,1,0.75,,,,,,,none,,,0,0.9,0,,,,,1,,1,48,0.81,0,,,nflverse snap_counts (not on desk injury list) | game day: nflverse snap_counts + weekly_rosters
2026,3,2026_03_MIN_TB,401872959,TB,MIN,YaYa Diaby,00-0039068,DiabYa00,4686334,LB,F7,LB,OLB,0.678,1,0.75,,,,,,,none,,,0,0.7,0,,,,,1,,1,40,0.68,0,,,nflverse snap_counts (not on desk injury list) | game day: nflverse snap_counts + weekly_rosters
2026,3,2026_03_MIN_TB,401872959,TB,MIN,Ben Bredeson,00-0036132,BredBe00,,G,OL,G/C,G,0.5,0,0.25,,,,,,,none,,,0,0.8,0,,,,,1,,1,69,1,0,,,nflverse snap_counts (not on desk injury list) | game day: nflverse snap_counts + weekly_rosters
2026,3,2026_03_MIN_TB,401872959,TB,MIN,Cody Mauch,00-0039157,MaucCo00,,G,OL,G/C,G,0.5,0,0.25,,,,,,,none,,,0,0.8,0,,,,,1,,1,69,1,0,,,nflverse snap_counts (not on desk injury list) | game day: nflverse snap_counts + weekly_rosters
2026,3,2026_03_MIN_TB,401872959,TB,MIN,Dan Feeney,00-0033910,FeenDa00,,G,OL,G/C,C,0.5,0,0.25,,,,,,,none,,,0,0.8,0,,,,,1,,0,0,0,0,,,nflverse snap_counts (not on desk injury list) | game day: nflverse snap_counts + weekly_rosters
2026,3,2026_03_MIN_TB,401872959,TB,MIN,Graham Barton,00-0039905,BartGr00,,C,OL,G/C,C,1,1,1,,,,,,,none,,,0,0.8,0,,,,,1,,1,69,1,0,,,nflverse snap_counts (not on desk injury list) | game day: nflverse snap_counts + weekly_rosters
2026,3,2026_03_MIN_TB,401872959,TB,MIN,Luke Goedeke,00-0037835,GoedLu00,,T,OL,T,T,1,1,1,,,,,,,none,,,0,1,0,,,,,1,,1,69,1,0,,,nflverse snap_counts (not on desk injury list) | game day: nflverse snap_counts + weekly_rosters
2026,3,2026_03_MIN_TB,401872959,TB,MIN,Tristan Wirfs,00-0036406,WirfTr00,,T,OL,T,T,0.75,1,1,,,,,,,none,,,0,1,0,,,,,1,,1,69,1,0,,,nflverse snap_counts (not on desk injury list) | game day: nflverse snap_counts + weekly_rosters
2026,3,2026_03_TEN_NYG,401872956,TEN,NYG,Anthony Hill,00-0041479,HillAn01,4870805,LB,F7,LB,MLB,0.5,0,0.25,,,,,,,none,,,0,0.7,0,,,,,1,,1,64,1,0,,,nflverse snap_counts (not on desk injury list) | game day: nflverse snap_counts + weekly_rosters
2026,3,2026_03_TEN_NYG,401872956,TEN,NYG,Cedric Gray,00-0039858,GrayCe00,4429834,LB,F7,LB,OLB,0.59,0,0.25,,,,,,,none,,,0,0.7,0,,,,,1,,1,30,0.47,0,,,nflverse snap_counts (not on desk injury list) | game day: nflverse snap_counts + weekly_rosters
2026,3,2026_03_TEN_NYG,401872956,TEN,NYG,Cody Barton,00-0035672,BartCo00,3926229,LB,F7,LB,MLB,0.938,1,1,,,,,,,none,,,0,0.7,0,,,,,1,,1,44,0.69,0,,,nflverse snap_counts (not on desk injury list) | game day: nflverse snap_counts + weekly_rosters
2026,3,2026_03_TEN_NYG,401872956,TEN,NYG,Jaylen Harrell,00-0039436,HarrJa05,4429058,LB,F7,LB,OLB,0.343,0,0,,,,,,,none,,,0,0.7,0,,,,,0,,0,0,0,0,,,nflverse snap_counts (not on desk injury list) | game day: nflverse snap_counts + weekly_rosters
2026,3,2026_03_TEN_NYG,401872956,TEN,NYG,Jeffery Simmons,00-0035643,SimmJe01,4035369,DT,F7,DL,DT,0.792,1,1,,,,,,,none,,,0,0.9,0,,,,,1,,1,63,0.98,0,,,nflverse snap_counts (not on desk injury list) | game day: nflverse snap_counts + weekly_rosters
2026,3,2026_03_TEN_NYG,401872956,TEN,NYG,Jermaine Johnson II,00-0037663,JohnJe07,4567962,LB,F7,LB,OLB,0.323,0,0,,,,,,,none,,,0,0.7,0,,,,,1,,1,42,0.66,0,,,nflverse snap_counts (not on desk injury list) | game day: nflverse snap_counts + weekly_rosters
2026,3,2026_03_TEN_NYG,401872956,TEN,NYG,Milo Eifler,00-0036511,EiflMi00,4371940,LB,F7,LB,ILB,0,0,0,,,,,,,IR,,unknown,1,0.7,0,IR,1,1,0.25,0,,0,0,0,0,,,data/postmortem/locks/2026-w03-ten-nyg.json | game day: nflverse snap_counts + weekly_rosters
2026,3,2026_03_TEN_NYG,401872956,TEN,NYG,Solomon Thomas,00-0033870,ThomSo00,3117258,IDL,F7,DL,DT,0.14,0,0,,,,,,,Questionable,,FP,0.12,0.9,0,QUESTIONABLE,1,0.35,0.09,1,,1,14,0.22,0,,,data/postmortem/locks/2026-w03-ten-nyg.json | game day: nflverse snap_counts + weekly_rosters
2026,3,2026_03_TEN_NYG,401872956,TEN,NYG,Andre James,00-0035127,JameAn01,,C,OL,G/C,C,0,0,0,,,,,,,IR,,unknown,1,0.8,0,IR,1,1,0.25,,,0,0,0,0,,,data/postmortem/locks/2026-w03-ten-nyg.json | game day: nflverse snap_counts + weekly_rosters
2026,3,2026_03_TEN_NYG,401872956,TEN,NYG,Austin Schlottmann,00-0034112,SchlAu00,,OL,OL,G/C,C,0.5,0,0.25,,,,,,,none,,,0,0.8,0,,,,,1,,1,60,1,0,,,nflverse snap_counts (not on desk injury list) | game day: nflverse snap_counts + weekly_rosters
2026,3,2026_03_TEN_NYG,401872956,TEN,NYG,Dan Moore,00-0036869,MoorDa05,,T,OL,T,T,1,1,1,,,,,,,none,,,0,1,0,,,,,1,,1,60,1,0,,,nflverse snap_counts (not on desk injury list) | game day: nflverse snap_counts + weekly_rosters
2026,3,2026_03_TEN_NYG,401872956,TEN,NYG,Fernando Carmona,00-0040881,CarmFe00,,G,OL,G/C,G,0.5,0,0.25,,,,,,,none,,FP,0,0.8,0,,,,,1,,1,1,0.02,0,,,nflverse snap_counts (not on desk injury list) | game day: nflverse snap_counts + weekly_rosters
2026,3,2026_03_TEN_NYG,401872956,TEN,NYG,JC Latham,00-0039731,LathJC00,,T,OL,T,T,1,1,1,,,,,,,none,,,0,1,0,,,,,1,,1,60,1,0,,,nflverse snap_counts (not on desk injury list) | game day: nflverse snap_counts + weekly_rosters
2026,3,2026_03_TEN_NYG,401872956,TEN,NYG,Peter Skoronski,00-0039034,SkorPe00,,OL,OL,G/C,G,1,1,1,,,,,,,none,,,0,0.8,0,,,,,1,,1,60,1,0,,,nflverse snap_counts (not on desk injury list) | game day: nflverse snap_counts + weekly_rosters
2026,3,2026_03_SEA_WAS,401872955,WSH,SEA,Charles Omenihu,00-0035279,OmenCh00,3929865,EDGE1,F7,EDGE,DE,0.265,0,0,,,,,,,Questionable,,FP,0.12,0.7,0,QUESTIONABLE,1,0.35,0.07,1,,1,47,0.7,0,,,data/postmortem/locks/2026-w03-sea-wsh.json | game day: nflverse snap_counts + weekly_rosters
2026,3,2026_03_SEA_WAS,401872955,WSH,SEA,Daron Payne,00-0034333,PaynDa00,3925354,DT,F7,DL,DT,0.488,0,0.25,,,,,,,none,,,0,0.9,0,,,,,1,,1,48,0.72,0,,,nflverse snap_counts (not on desk injury list) | game day: nflverse snap_counts + weekly_rosters
2026,3,2026_03_SEA_WAS,401872955,WSH,SEA,Deatrich Wise Jr.,00-0033947,WiseDe00,2980080,EDGE1,F7,EDGE,DE,0,0,0,,,,,,,Pup,,unknown,1,0.7,0,PUP,1,1,0.25,0,,0,0,0,0,,,data/postmortem/locks/2026-w03-sea-wsh.json | game day: nflverse snap_counts + weekly_rosters
2026,3,2026_03_SEA_WAS,401872955,WSH,SEA,Dorance Armstrong,00-0034373,ArmsDo00,3928979,EDGE1,F7,EDGE,OLB,0.11,0,0,,,,,,,Questionable,,FP,0.12,0.7,0,QUESTIONABLE,1,0.35,0.07,1,,1,33,0.49,0,,,data/postmortem/locks/2026-w03-sea-wsh.json | game day: nflverse snap_counts + weekly_rosters
2026,3,2026_03_SEA_WAS,401872955,WSH,SEA,Frankie Luvu,00-0034302,LuvuFr00,3127273,LB,F7,LB,ILB,0.632,1,0.75,,,,,,Groin,Out,,DNP,0.45,0.7,0.236,QUESTIONABLE,1,0.35,0.07,0,,0,0,0,0,,,data/postmortem/locks/2026-w03-sea-wsh.json | game day: nflverse snap_counts + weekly_rosters
2026,3,2026_03_SEA_WAS,401872955,WSH,SEA,Javon Kinlaw,00-0036260,KinlJa00,4259491,IDL,F7,DL,DT,0.62,1,0.75,,,,,,,Questionable,,FP,0.12,0.9,0.081,QUESTIONABLE,1,0.35,0.09,1,,1,40,0.6,0,,,data/postmortem/locks/2026-w03-sea-wsh.json | game day: nflverse snap_counts + weekly_rosters
2026,3,2026_03_SEA_WAS,401872955,WSH,SEA,Jer'Zhan Newton,00-0039906,NewtJe00,4430560,DT,F7,DL,DT,0.3,0,0,,,,,,,none,,,0,0.9,0,,,,,0,,0,0,0,0,,,nflverse snap_counts (not on desk injury list) | game day: nflverse snap_counts + weekly_rosters
2026,3,2026_03_SEA_WAS,401872955,WSH,SEA,Jordan Magee,00-0039368,MageJo00,4568617,LB,F7,LB,ILB,0.28,0,0,,,,,,,IR,,unknown,1,0.7,0,IR,1,1,0.25,0,,0,0,0,0,,,data/postmortem/locks/2026-w03-sea-wsh.json | game day: nflverse snap_counts + weekly_rosters
2026,3,2026_03_SEA_WAS,401872955,WSH,SEA,K'Lavon Chaisson,00-0036286,ChaiKL00,4242205,LB,F7,LB,OLB,0.353,0,0,,,,,,,none,,,0,0.7,0,,,,,1,,1,45,0.67,0,,,nflverse snap_counts (not on desk injury list) | game day: nflverse snap_counts + weekly_rosters
2026,3,2026_03_SEA_WAS,401872955,WSH,SEA,Leo Chenal,00-0037819,ChenLe00,4426901,LB,F7,LB,ILB,0.31,0,0,,,,,,,Questionable,,LP,0.24,0.7,0,QUESTIONABLE,1,0.35,0.09,1,,1,16,0.24,0,,,data/postmortem/locks/2026-w03-sea-wsh.json | game day: nflverse snap_counts + weekly_rosters
2026,3,2026_03_SEA_WAS,401872955,WSH,SEA,Odafe Oweh,00-0036940,OwehJa00,4361422,LB,F7,LB,OLB,0.37,0,0,,,,,,,none,,,0,0.7,0,,,,,1,,1,43,0.64,0,,,nflverse snap_counts (not on desk injury list) | game day: nflverse snap_counts + weekly_rosters
2026,3,2026_03_SEA_WAS,401872955,WSH,SEA,Sonny Styles,00-0041028,StylSo01,5081807,LB,F7,LB,ILB,0.468,0,0.25,,,,,,,none,,,0,0.7,0,,,,,1,,1,67,1,0,,,nflverse snap_counts (not on desk injury list) | game day: nflverse snap_counts + weekly_rosters
2026,3,2026_03_SEA_WAS,401872955,WSH,SEA,Andrew Wylie,00-0033831,WyliAn00,,G,OL,G/C,T,0.46,0,0.25,,,,,,,none,,,0,0.8,0,,,,,1,,1,1,0.01,0,,,nflverse snap_counts (not on desk injury list) | game day: nflverse snap_counts + weekly_rosters
2026,3,2026_03_SEA_WAS,401872955,WSH,SEA,Brandon Coleman,00-0039913,ColeBr02,,T,OL,T,T,0.96,1,1,,,,,,,none,,FP,0,1,0,,,,,1,,1,69,1,0,,,nflverse snap_counts (not on desk injury list) | game day: nflverse snap_counts + weekly_rosters
2026,3,2026_03_SEA_WAS,401872955,WSH,SEA,Chris Paul,00-0037092,PaulCh00,,G,OL,G/C,G,1,1,1,,,,,,,none,,,0,0.8,0,,,,,1,,1,69,1,0,,,nflverse snap_counts (not on desk injury list) | game day: nflverse snap_counts + weekly_rosters
2026,3,2026_03_SEA_WAS,401872955,WSH,SEA,Josh Conerly,00-0040686,ConeJo00,,T,OL,T,T,1,1,1,,,,,,,none,,,0,1,0,,,,,1,,1,69,1,0,,,nflverse snap_counts (not on desk injury list) | game day: nflverse snap_counts + weekly_rosters
2026,3,2026_03_SEA_WAS,401872955,WSH,SEA,Laremy Tunsil,00-0032380,TunsLa00,,LT,OL,T,T,0,0,0,,,,,,,IR,,unknown,1,1,0,IR,1,1,0.25,0,,0,0,0,0,,,data/postmortem/locks/2026-w03-sea-wsh.json | game day: nflverse snap_counts + weekly_rosters
2026,3,2026_03_SEA_WAS,401872955,WSH,SEA,Nick Allegretti,00-0035149,AlleNi00,,G,OL,G/C,G,1,1,1,,,,,,,none,,,0,0.8,0,,,,,1,,1,69,1,0,,,nflverse snap_counts (not on desk injury list) | game day: nflverse snap_counts + weekly_rosters
2026,3,2026_03_SEA_WAS,401872955,WSH,SEA,Sam Cosmi,00-0036618,CosmSa00,,OG,OL,T,G,0.49,0,0.25,,,,,,Concussion,Out,,DNP,0.45,1,0.113,QUESTIONABLE,1,0.35,0.09,0,,0,0,0,0,,,data/postmortem/locks/2026-w03-sea-wsh.json | game day: nflverse snap_counts + weekly_rosters
2026,4,2026_04_ARI_NYG,401872966,ARI,NYG,Baron Browning,00-0036995,BrowBa01,4241987,LB,F7,LB,OLB,0.49,0,0.25,,,,,,,none,,,0,0.7,0,,,,,1,,1,31,0.46,0,,,nflverse snap_counts (not on desk injury list) | game day: nflverse snap_counts + weekly_rosters
2026,4,2026_04_ARI_NYG,401872966,ARI,NYG,Dante Stills,00-0038623,StilDa01,4362225,DL,F7,DL,DE,0.522,0,0.25,,,,,,,none,,,0,0.9,0,,,,,1,,1,43,0.64,0,,,nflverse snap_counts (not on desk injury list) | game day: nflverse snap_counts + weekly_rosters
2026,4,2026_04_ARI_NYG,401872966,ARI,NYG,Darius Robinson,00-0039854,RobiDa01,4569480,DL,F7,DL,DT,0.425,0,0,,,,,,,none,,,0,0.9,0,,,,,1,,1,21,0.31,0,,,nflverse snap_counts (not on desk injury list) | game day: nflverse snap_counts + weekly_rosters
2026,4,2026_04_ARI_NYG,401872966,ARI,NYG,Jack Gibbens,00-0037596,GibbJa00,4249739,LB,F7,LB,ILB,0.725,1,0.75,,,,,,,none,,,0,0.7,0,,,,,1,,1,61,0.91,0,,,nflverse snap_counts (not on desk injury list) | game day: nflverse snap_counts + weekly_rosters
2026,4,2026_04_ARI_NYG,401872966,ARI,NYG,Jordan Burch,00-0040137,BurcJo00,4428996,LB,F7,LB,OLB,0.445,0,0,,,,,,,none,,,0,0.7,0,,,,,1,,1,29,0.43,0,,,nflverse snap_counts (not on desk injury list) | game day: nflverse snap_counts + weekly_rosters
2026,4,2026_04_ARI_NYG,401872966,ARI,NYG,Josh Sweat,00-0034381,SweaJo00,3693166,LB,F7,LB,OLB,0.427,0,0,,,,,,Not injury related - resting player,Questionable,,LP,0.24,0.7,0,,,,,1,,1,36,0.54,0,,,nflverse snap_counts (not on desk injury list) | game day: nflverse snap_counts + weekly_rosters
2026,4,2026_04_ARI_NYG,401872966,ARI,NYG,Kaleb Proctor,00-0041555,ProcKa01,5084514,IDL,F7,DL,DT,0,0,0,,,,,,,IR,,unknown,1,0.9,0,IR,1,1,0.25,0,,0,0,0,0,,,data/postmortem/locks/2026-w04-ari-nyg.json | game day: nflverse snap_counts + weekly_rosters
2026,4,2026_04_ARI_NYG,401872966,ARI,NYG,L.J. Collier,00-0035636,CollLJ00,3116449,DL,F7,DL,DE,0.397,0,0,,,,,,,none,,,0,0.9,0,,,,,1,,1,27,0.4,0,,,nflverse snap_counts (not on desk injury list) | game day: nflverse snap_counts + weekly_rosters
2026,4,2026_04_ARI_NYG,401872966,ARI,NYG,Mack Wilson,00-0035144,WilsMa03,4040983,LB,F7,LB,ILB,0.723,1,0.75,,,,,,,none,,FP,0,0.7,0,,,,,1,,1,67,1,0,,,nflverse snap_counts (not on desk injury list) | game day: nflverse snap_counts + weekly_rosters
2026,4,2026_04_ARI_NYG,401872966,ARI,NYG,Roy Lopez,00-0036568,LopeRo00,4040805,DL,F7,DL,NT,0.453,0,0.25,,,,,,,none,,FP,0,0.9,0,,,,,1,,1,28,0.42,0,,,nflverse snap_counts (not on desk injury list) | game day: nflverse snap_counts + weekly_rosters
2026,4,2026_04_ARI_NYG,401872966,ARI,NYG,Walter Nolen,00-0040706,NoleWa00,4685503,DL,F7,DL,DT,0.463,0,0.25,,,,,,,none,,FP,0,0.9,0,,,,,1,,1,40,0.6,0,,,nflverse snap_counts (not on desk injury list) | game day: nflverse snap_counts + weekly_rosters
2026,4,2026_04_ARI_NYG,401872966,ARI,NYG,Zaven Collins,00-0036933,CollZa00,4244606,LB,F7,LB,OLB,0.437,0,0,,,,,,,none,,,0,0.7,0,,,,,1,,1,34,0.51,0,,,nflverse snap_counts (not on desk injury list) | game day: nflverse snap_counts + weekly_rosters
2026,4,2026_04_ARI_NYG,401872966,ARI,NYG,Chase Bisontis,00-0041468,BisoCh00,,OG,OL,G/C,G,0,0,0,,,,,,,IR,,unknown,1,0.8,0,IR,1,1,0.2,0,,0,0,0,0,,,data/postmortem/locks/2026-w04-ari-nyg.json | game day: nflverse snap_counts + weekly_rosters
2026,4,2026_04_ARI_NYG,401872966,ARI,NYG,Elijah Wilkinson,00-0033676,WilkEl00,,OL,OL,G/C,T,0.75,1,1,,,,,,,none,,,0,0.8,0,,,,,1,,1,66,1,0,,,nflverse snap_counts (not on desk injury list) | game day: nflverse snap_counts + weekly_rosters
2026,4,2026_04_ARI_NYG,401872966,ARI,NYG,Hjalte Froholdt,00-0035258,FrohHj00,,OL,OL,G/C,C,1,1,1,,,,,,,none,,FP,0,0.8,0,,,,,1,,1,66,1,0,,,nflverse snap_counts (not on desk injury list) | game day: nflverse snap_counts + weekly_rosters
2026,4,2026_04_ARI_NYG,401872966,ARI,NYG,Isaac Seumalo,00-0032954,SeumIs00,,G,OL,G/C,G,0.74,1,0.75,,,,,,,none,,FP,0,0.8,0,,,,,1,,1,66,1,0,,,nflverse snap_counts (not on desk injury list) | game day: nflverse snap_counts + weekly_rosters
2026,4,2026_04_ARI_NYG,401872966,ARI,NYG,Isaiah Adams,00-0039808,AdamIs01,,OL,OL,G/C,G,0.75,1,1,,,,,,,none,,,0,0.8,0,,,,,1,,1,28,0.42,1,,,nflverse snap_counts (not on desk injury list) | game day: nflverse snap_counts + weekly_rosters
2026,4,2026_04_ARI_NYG,401872966,ARI,NYG,Jon Gaines,00-0038571,GainJo00,,OL,OL,G/C,C,0.432,0,0,,,,,,,none,,,0,0.8,0,,,,,1,,1,38,0.58,0,,,nflverse snap_counts (not on desk injury list) | game day: nflverse snap_counts + weekly_rosters
2026,4,2026_04_ARI_NYG,401872966,ARI,NYG,Paris Johnson,00-0038540,JohnPa03,,OL,OL,G/C,T,0.75,1,1,,,,,,,none,,,0,0.8,0,,,,,1,,1,65,0.98,0,,,nflverse snap_counts (not on desk injury list) | game day: nflverse snap_counts + weekly_rosters
2026,4,2026_04_ATL_NO,401872979,ATL,NO,Brandon Dorlus,00-0039859,DorlBr00,4427090,DL,F7,DL,DT,0.41,0,0,,,,,,,none,,,0,0.9,0,,,,,1,1,,,,,,Snaps not published by nflverse yet; active/started from the ESPN game roster. Snaps not published by nflverse yet; active/started from the ESPN game roster.,nflverse snap_counts (not on desk injury list)
2026,4,2026_04_ATL_NO,401872979,ATL,NO,Cameron Thomas,00-0037815,ThomCa03,4361510,DE,F7,EDGE,DE,0.445,0,0,,,,,,,none,,,0,0.7,0,,,,,1,1,,,,,,Snaps not published by nflverse yet; active/started from the ESPN game roster. Snaps not published by nflverse yet; active/started from the ESPN game roster.,nflverse snap_counts (not on desk injury list)
2026,4,2026_04_ATL_NO,401872979,ATL,NO,Da'Shawn Hand,00-0034371,HandDa00,3126352,IDL,F7,DL,DT,0.025,0,0,,,,,,,IR,,unknown,1,0.9,0,IR,1,1,0.25,0,,,,,,,Snaps not published by nflverse yet; active/started from the ESPN game roster. Snaps not published by nflverse yet; active/started from the ESPN game roster.,local lock (not in repo): 2026-w04-atl-no.json
2026,4,2026_04_ATL_NO,401872979,ATL,NO,Divine Deablo,00-0036990,DeabDi00,4037626,LB,F7,LB,ILB,0.955,1,1,,,,,,Hamstring,Questionable,,LP,0.24,0.7,0.168,QUESTIONABLE,1,0.35,0.07,1,1,,,,,,Snaps not published by nflverse yet; active/started from the ESPN game roster. Snaps not published by nflverse yet; active/started from the ESPN game roster.,local lock (not in repo): 2026-w04-atl-no.json
2026,4,2026_04_ATL_NO,401872979,ATL,NO,Gervon Dexter,00-0039070,DextGe00,4429014,DL,F7,DL,DT,0.398,0,0,,,,,,,none,,,0,0.9,0,,,,,1,1,,,,,,Snaps not published by nflverse yet; active/started from the ESPN game roster. Snaps not published by nflverse yet; active/started from the ESPN game roster.,nflverse snap_counts (not on desk injury list)
2026,4,2026_04_ATL_NO,401872979,ATL,NO,Harold Perkins,00-0041112,PerkHa01,4685502,LB,F7,LB,ILB,0.345,0,0,,,,,,,none,,,0,0.7,0,,,,,1,0,,,,,,Snaps not published by nflverse yet; active/started from the ESPN game roster. Snaps not published by nflverse yet; active/started from the ESPN game roster.,nflverse snap_counts (not on desk injury list)
2026,4,2026_04_ATL_NO,401872979,ATL,NO,Jalon Walker,00-0040577,WalkJa02,4685597,EDGE1,F7,EDGE,OLB,0.122,0,0,,,,,,,IR,,unknown,1,0.7,0,IR,1,1,0.2,0,,,,,,,Snaps not published by nflverse yet; active/started from the ESPN game roster. Snaps not published by nflverse yet; active/started from the ESPN game roster.,local lock (not in repo): 2026-w04-atl-no.json
2026,4,2026_04_ATL_NO,401872979,ATL,NO,Kendal Daniels,00-0041066,DaniKe00,4595343,LB,F7,LB,ILB,0.417,0,0,,,,,,,none,,FP,0,0.7,0,,,,,1,1,,,,,,Snaps not published by nflverse yet; active/started from the ESPN game roster. Snaps not published by nflverse yet; active/started from the ESPN game roster.,nflverse snap_counts (not on desk injury list)
2026,4,2026_04_ATL_NO,401872979,ATL,NO,LaCale London,00-0036204,LondLa00,4376288,DL,F7,DL,DT,0.368,0,0,,,,,,,none,,,0,0.9,0,,,,,1,0,,,,,,Snaps not published by nflverse yet; active/started from the ESPN game roster. Snaps not published by nflverse yet; active/started from the ESPN game roster.,nflverse snap_counts (not on desk injury list)
2026,4,2026_04_ATL_NO,401872979,ATL,NO,Maason Smith,00-0039889,SmitMa07,4431567,DT,F7,DL,DT,0.412,0,0,,,,,,,none,,,0,0.9,0,,,,,1,1,,,,,,Snaps not published by nflverse yet; active/started from the ESPN game roster. Snaps not published by nflverse yet; active/started from the ESPN game roster.,nflverse snap_counts (not on desk injury list)
2026,4,2026_04_ATL_NO,401872979,ATL,NO,Samson Ebukam,00-0033945,EbukSa00,3045527,EDGE1,F7,EDGE,DE,0.212,0,0,,,,,,Hamstring,Questionable,,FP,0.12,0.7,0,QUESTIONABLE,1,0.35,0.07,1,0,,,,,,Snaps not published by nflverse yet; active/started from the ESPN game roster. Snaps not published by nflverse yet; active/started from the ESPN game roster.,local lock (not in repo): 2026-w04-atl-no.json
2026,4,2026_04_ATL_NO,401872979,ATL,NO,Yasir Abdullah,00-0038580,AbduYa00,4360807,LB,F7,LB,OLB,0.177,0,0,,,,,,Illness,Questionable,,FP,0.12,0.7,0,QUESTIONABLE,1,0.35,0.09,1,0,,,,,,Snaps not published by nflverse yet; active/started from the ESPN game roster. Snaps not published by nflverse yet; active/started from the ESPN game roster.,local lock (not in repo): 2026-w04-atl-no.json
2026,4,2026_04_ATL_NO,401872979,ATL,NO,Cameron Williams,00-0040687,WillCa04,,OG,OL,T,T,0,0,0,,,,,,,IR,,unknown,1,1,0,IR,1,1,0.25,0,,,,,,,Snaps not published by nflverse yet; active/started from the ESPN game roster. Snaps not published by nflverse yet; active/started from the ESPN game roster.,local lock (not in repo): 2026-w04-atl-no.json
2026,4,2026_04_ATL_NO,401872979,ATL,NO,Chris Lindstrom,00-0035630,LindCh00,,G,OL,G/C,G,0.927,1,1,,,,,,,none,,,0,0.8,0,,,,,1,1,,,,,,Snaps not published by nflverse yet; active/started from the ESPN game roster. Snaps not published by nflverse yet; active/started from the ESPN game roster.,nflverse snap_counts (not on desk injury list)
2026,4,2026_04_ATL_NO,401872979,ATL,NO,Jake Matthews,00-0031279,MattJa00,,T,OL,T,T,1,1,1,,,,,,,none,,DNP,0,1,0,,,,,1,1,,,,1,Q1,"Snaps not published by nflverse yet; active/started from the ESPN game roster. Left after 11 snaps (groin), Michael Jerrell in. NFL.com via tape notes. Snaps not published by nflverse yet; active/started from the ESPN game roster. Left after 11 snaps (groin), Michael Jerrell in. NFL.com via tape notes.",nflverse snap_counts (not on desk injury list)
2026,4,2026_04_ATL_NO,401872979,ATL,NO,Jawaan Taylor,00-0035237,TaylJa02,,T,OL,T,T,0.655,1,0.75,,,,,,,none,,FP,0,1,0,,,,,1,1,,,,,,Snaps not published by nflverse yet; active/started from the ESPN game roster. Snaps not published by nflverse yet; active/started from the ESPN game roster.,nflverse snap_counts (not on desk injury list)
2026,4,2026_04_ATL_NO,401872979,ATL,NO,Matthew Bergeron,00-0039048,BergMa00,,OL,OL,G/C,G,1,1,1,,,,,,,none,,,0,0.8,0,,,,,1,1,,,,,,Snaps not published by nflverse yet; active/started from the ESPN game roster. Snaps not published by nflverse yet; active/started from the ESPN game roster.,nflverse snap_counts (not on desk injury list)
2026,4,2026_04_ATL_NO,401872979,ATL,NO,Ryan Neuzil,00-0036833,NeuzRy00,,OL,OL,G/C,C,1,1,1,,,,,,,none,,,0,0.8,0,,,,,1,1,,,,,,Snaps not published by nflverse yet; active/started from the ESPN game roster. Snaps not published by nflverse yet; active/started from the ESPN game roster.,nflverse snap_counts (not on desk injury list)
2026,4,2026_04_TEN_BAL,401872973,BAL,TEN,Calais Campbell,00-0026190,CampCa99,11284,DL,F7,DL,DT,0.39,0,0,,,,,,,none,,FP,0,0.9,0,,,,,1,,1,31,0.48,0,,,nflverse snap_counts (not on desk injury list) | game day: nflverse snap_counts + weekly_rosters
2026,4,2026_04_TEN_BAL,401872973,BAL,TEN,John Jenkins,00-0030070,JenkJo00,15846,DL,F7,DL,NT,0.31,0,0,,,,,,,none,,,0,0.9,0,,,,,1,,1,9,0.14,0,,,nflverse snap_counts (not on desk injury list) | game day: nflverse snap_counts + weekly_rosters
2026,4,2026_04_TEN_BAL,401872973,BAL,TEN,Mike Green,00-0040722,GreeMi02,4683188,LB,F7,LB,OLB,0.417,0,0,,,,,,,none,,,0,0.7,0,,,,,1,,1,41,0.64,0,,,nflverse snap_counts (not on desk injury list) | game day: nflverse snap_counts + weekly_rosters
2026,4,2026_04_TEN_BAL,401872973,BAL,TEN,Roquan Smith,00-0034874,SmitRo07,3915189,LB,F7,LB,ILB,1,1,1,,,,,,,none,,,0,0.7,0,,,,,1,,1,64,1,0,,,nflverse snap_counts (not on desk injury list) | game day: nflverse snap_counts + weekly_rosters
2026,4,2026_04_TEN_BAL,401872973,BAL,TEN,Tavius Robinson,00-0038505,RobiTa00,4690179,LB,F7,LB,OLB,0.775,1,1,,,,,,,none,,,0,0.7,0,,,,,1,,1,46,0.72,0,,,nflverse snap_counts (not on desk injury list) | game day: nflverse snap_counts + weekly_rosters
2026,4,2026_04_TEN_BAL,401872973,BAL,TEN,Travis Jones,00-0037756,JoneTr00,4362139,DL,F7,DL,NT,0.637,1,0.75,,,,,,,none,,,0,0.9,0,,,,,1,,1,33,0.52,0,,,nflverse snap_counts (not on desk injury list) | game day: nflverse snap_counts + weekly_rosters
2026,4,2026_04_TEN_BAL,401872973,BAL,TEN,Trenton Simpson,00-0038504,SimpTr00,4430831,LB,F7,LB,ILB,0.62,1,0.75,,,,,,,none,,,0,0.7,0,,,,,1,,1,36,0.56,0,,,nflverse snap_counts (not on desk injury list) | game day: nflverse snap_counts + weekly_rosters
2026,4,2026_04_TEN_BAL,401872973,BAL,TEN,Trey Hendrickson,00-0033935,HendTr00,3052743,DE,F7,EDGE,OLB,0.47,0,0.25,,,,,,Finger,Out,,DNP,1,0.7,0.175,,,,,0,,0,0,0,0,,,nflverse snap_counts (not on desk injury list) | game day: nflverse snap_counts + weekly_rosters
2026,4,2026_04_TEN_BAL,401872973,BAL,TEN,Carson Vinson,00-0040070,VinsCa00,,T,OL,T,T,0.33,0,0,,,,,,,none,,,0,1,0,,,,,1,,1,2,0.03,0,,,nflverse snap_counts (not on desk injury list) | game day: nflverse snap_counts + weekly_rosters
2026,4,2026_04_TEN_BAL,401872973,BAL,TEN,Ethan Pocic,00-0033901,PociEt00,,C,OL,G/C,C,0.04,0,0,,,,,,Knee,Out,,DNP,1,0.8,0,OUT,1,1,0.2,0,,0,0,0,0,,,data/postmortem/locks/2026-w04-ten-bal.json | game day: nflverse snap_counts + weekly_rosters
2026,4,2026_04_TEN_BAL,401872973,BAL,TEN,John Simpson,00-0036369,SimpJo00,,OL,OL,G/C,G,0.75,1,1,,,,,,,none,,FP,0,0.8,0,,,,,1,,1,64,1,0,,,nflverse snap_counts (not on desk injury list) | game day: nflverse snap_counts + weekly_rosters
2026,4,2026_04_TEN_BAL,401872973,BAL,TEN,Jovaughn Gwyn,00-0038629,GwynJo00,,OG,OL,G/C,C,0.68,1,0.75,,,,,,Ankle,Out,,DNP,1,0.8,0.6,OUT,1,1,0.25,0,,0,0,0,0,,,data/postmortem/locks/2026-w04-ten-bal.json | game day: nflverse snap_counts + weekly_rosters
2026,4,2026_04_TEN_BAL,401872973,BAL,TEN,Olaivavega Ioane,00-0040866,IoanOl00,,G,OL,G/C,G,0.75,1,1,,,,,,,none,,,0,0.8,0,,,,,1,,1,64,1,0,,,nflverse snap_counts (not on desk injury list) | game day: nflverse snap_counts + weekly_rosters
2026,4,2026_04_TEN_BAL,401872973,BAL,TEN,Roger Rosengarten,00-0039233,RoseRo01,,T,OL,T,T,1,1,1,,,,,,,none,,,0,1,0,,,,,1,,1,64,1,0,,,nflverse snap_counts (not on desk injury list) | game day: nflverse snap_counts + weekly_rosters
2026,4,2026_04_TEN_BAL,401872973,BAL,TEN,Ronnie Stanley,00-0032965,StanRo00,,LT,OL,T,T,0.698,1,0.75,,,,,,Toe,Questionable,,DNP,0.45,1,0.338,QUESTIONABLE,1,0.35,0.09,1,,1,62,0.97,0,,,data/postmortem/locks/2026-w04-ten-bal.json | game day: nflverse snap_counts + weekly_rosters
2026,4,2026_04_NE_BUF,401872971,BUF,NE,Bradley Chubb,00-0034832,ChubBr00,3116733,LB,F7,LB,OLB,0.565,0,0.25,,,,,,,none,,FP,0,0.7,0,,,,,1,,1,63,0.83,0,,,nflverse snap_counts (not on desk injury list) | game day: nflverse snap_counts + weekly_rosters
2026,4,2026_04_NE_BUF,401872971,BUF,NE,Deone Walker,00-0040710,WalkDe04,4831989,DT,F7,DL,DT,0.66,1,0.75,,,,,,,none,,FP,0,0.9,0,,,,,1,,1,59,0.78,0,,,nflverse snap_counts (not on desk injury list) | game day: nflverse snap_counts + weekly_rosters
2026,4,2026_04_NE_BUF,401872971,BUF,NE,Dorian Williams,00-0038557,WillDo04,4568624,LB,F7,LB,ILB,0.497,0,0.25,,,,,,,none,,FP,0,0.7,0,,,,,1,,1,52,0.68,0,,,nflverse snap_counts (not on desk injury list) | game day: nflverse snap_counts + weekly_rosters
2026,4,2026_04_NE_BUF,401872971,BUF,NE,Ed Oliver,00-0035230,OlivEd00,4039303,DT,F7,DL,DE,0.362,0,0,,,,,,,none,,,0,0.9,0,,,,,1,,1,24,0.32,0,,,nflverse snap_counts (not on desk injury list) | game day: nflverse snap_counts + weekly_rosters
2026,4,2026_04_NE_BUF,401872971,BUF,NE,T.J. Sanders,00-0040724,SandTJ00,4684527,IDL,F7,DL,DE,0.062,0,0,,,,,,Illness,Doubtful,,LP,1,0.9,0,DOUBTFUL,1,0.75,0.19,0,,0,0,0,0,,,data/postmortem/locks/2026-w04-ne-buf.json | game day: nflverse snap_counts + weekly_rosters
2026,4,2026_04_NE_BUF,401872971,BUF,NE,Terrel Bernard,00-0037254,BernTe00,4259166,LB,F7,LB,ILB,0.733,1,0.75,,,,,,,none,,DNP,0,0.7,0,,,,,1,,1,70,0.92,0,,,nflverse snap_counts (not on desk injury list) | game day: nflverse snap_counts + weekly_rosters
2026,4,2026_04_NE_BUF,401872971,BUF,NE,Alec Anderson,00-0037428,AndeAl01,,T,OL,T,G,0.797,1,1,,,,,,,none,,,0,1,0,,,,,1,,1,59,1,0,,,nflverse snap_counts (not on desk injury list) | game day: nflverse snap_counts + weekly_rosters
2026,4,2026_04_NE_BUF,401872971,BUF,NE,Connor McGovern,00-0035679,McGoCo01,,G,OL,G/C,C,0.963,1,1,,,,,,,none,,,0,0.8,0,,,,,1,,1,59,1,0,,,nflverse snap_counts (not on desk injury list) | game day: nflverse snap_counts + weekly_rosters
2026,4,2026_04_NE_BUF,401872971,BUF,NE,Dion Dawkins,00-0033904,DawkDi00,,T,OL,T,T,1,1,1,,,,,,,none,,,0,1,0,,,,,1,,1,59,1,0,,,nflverse snap_counts (not on desk injury list) | game day: nflverse snap_counts + weekly_rosters
2026,4,2026_04_NE_BUF,401872971,BUF,NE,O'Cyrus Torrence,00-0038548,TorrOC00,,G,OL,G/C,G,1,1,1,,,,,,,none,,,0,0.8,0,,,,,1,,1,59,1,0,,,nflverse snap_counts (not on desk injury list) | game day: nflverse snap_counts + weekly_rosters
2026,4,2026_04_NE_BUF,401872971,BUF,NE,Spencer Brown,00-0036976,BrowSp00,,T,OL,T,T,1,1,1,,,,,,,none,,,0,1,0,,,,,1,,1,59,1,0,,,nflverse snap_counts (not on desk injury list) | game day: nflverse snap_counts + weekly_rosters
2026,4,2026_04_DET_CAR,401872978,CAR,DET,Aaron Hall,00-0041148,HallAa00,4602967,DT,F7,DL,DT,0.328,0,0,,,,,,,none,,,0,0.9,0,,,,,1,,1,19,0.27,0,,,nflverse snap_counts (not on desk injury list) | game day: nflverse snap_counts + weekly_rosters
2026,4,2026_04_DET_CAR,401872978,CAR,DET,Bobby Brown,00-0036903,BrowBo04,4372518,DT,F7,DL,DT,0.302,0,0,,,,,,,none,,,0,0.9,0,,,,,1,,1,20,0.28,0,,,nflverse snap_counts (not on desk injury list) | game day: nflverse snap_counts + weekly_rosters
2026,4,2026_04_DET_CAR,401872978,CAR,DET,Bobby Okereke,00-0035687,OkerBo00,3117253,LB,F7,LB,ILB,0.65,1,0.75,,,,,,,none,,,0,0.7,0,,,,,1,,1,53,0.75,0,,,nflverse snap_counts (not on desk injury list) | game day: nflverse snap_counts + weekly_rosters
2026,4,2026_04_DET_CAR,401872978,CAR,DET,Claudin Cherelus,00-0038493,CherCl00,4256224,LB,F7,LB,ILB,0.182,0,0,,,,,,,IR,,unknown,1,0.7,0,IR,1,1,0.2,,,0,0,0,0,,,local lock (not in repo): 2026-w04-det-car.json | game day: nflverse snap_counts + weekly_rosters
2026,4,2026_04_DET_CAR,401872978,CAR,DET,Derrick Brown,00-0036220,BrowDe05,4035495,DT,F7,DL,DE,0.728,1,0.75,,,,,,,none,,,0,0.9,0,,,,,1,,1,54,0.76,0,,,nflverse snap_counts (not on desk injury list) | game day: nflverse snap_counts + weekly_rosters
2026,4,2026_04_DET_CAR,401872978,CAR,DET,Devin Lloyd,00-0037244,LloyDe00,4243256,LB,F7,LB,ILB,0.425,0,0,,,,,,,none,,FP,0,0.7,0,,,,,1,,1,71,1,0,,,nflverse snap_counts (not on desk injury list) | game day: nflverse snap_counts + weekly_rosters
2026,4,2026_04_DET_CAR,401872978,CAR,DET,Jaelan Phillips,00-0036934,PhilJa02,4242975,LB,F7,LB,OLB,0.545,0,0.25,,,,,,,none,,,0,0.7,0,,,,,1,,1,42,0.59,0,,,nflverse snap_counts (not on desk injury list) | game day: nflverse snap_counts + weekly_rosters
2026,4,2026_04_DET_CAR,401872978,CAR,DET,Princely Umanmielen,00-0040136,UmanPr00,4429166,LB,F7,LB,OLB,0.368,0,0,,,,,,,none,,FP,0,0.7,0,,,,,1,,1,37,0.52,0,,,nflverse snap_counts (not on desk injury list) | game day: nflverse snap_counts + weekly_rosters
2026,4,2026_04_DET_CAR,401872978,CAR,DET,Tershawn Wharton,00-0035890,WharTe00,4058925,IDL,F7,DL,DT,0.165,0,0,,,,,,,Pup,,unknown,1,0.9,0,PUP,1,1,0.25,0,,0,0,0,0,,,local lock (not in repo): 2026-w04-det-car.json | game day: nflverse snap_counts + weekly_rosters
2026,4,2026_04_DET_CAR,401872978,CAR,DET,Trevis Gipson,00-0036305,GipsTr00,3917016,LB,F7,LB,OLB,0.373,0,0,,,,,,,none,,,0,0.7,0,,,,,1,,1,18,0.25,0,,,nflverse snap_counts (not on desk injury list) | game day: nflverse snap_counts + weekly_rosters
2026,4,2026_04_DET_CAR,401872978,CAR,DET,Brady Christensen,00-0036968,ChriBr00,,OG,OL,G/C,G,0,0,0,,,,,,,IR,,unknown,1,0.8,0,IR,1,1,0.2,0,,0,0,0,0,,,local lock (not in repo): 2026-w04-det-car.json | game day: nflverse snap_counts + weekly_rosters
2026,4,2026_04_DET_CAR,401872978,CAR,DET,Damien Lewis,00-0036417,LewiDa05,,OG,OL,G/C,G,0.917,1,1,,,,,,Elbow,Out,,DNP,1,0.8,0.8,OUT,1,1,0.25,0,,0,0,0,0,,,local lock (not in repo): 2026-w04-det-car.json | game day: nflverse snap_counts + weekly_rosters
2026,4,2026_04_DET_CAR,401872978,CAR,DET,Ikem Ekwonu,00-0037229,EkwoIk00,,LT,OL,T,T,0.03,0,0,,,,,,,Pup,,unknown,1,1,0,PUP,1,1,0.2,0,,0,0,0,0,,,local lock (not in repo): 2026-w04-det-car.json | game day: nflverse snap_counts + weekly_rosters
2026,4,2026_04_DET_CAR,401872978,CAR,DET,Luke Fortner,00-0037814,FortLu01,,OL,OL,G/C,C,0.71,1,0.75,,,,,,,none,,,0,0.8,0,,,,,1,,1,75,1,0,,,nflverse snap_counts (not on desk injury list) | game day: nflverse snap_counts + weekly_rosters
2026,4,2026_04_DET_CAR,401872978,CAR,DET,Monroe Freeling,00-0041034,FreeMo00,,T,OL,T,T,0.725,1,0.75,,,,,,Concussion,Questionable,,FP,0.12,1,0.09,,,,,1,,1,48,0.64,0,,,nflverse snap_counts (not on desk injury list) | game day: nflverse snap_counts + weekly_rosters
2026,4,2026_04_DET_CAR,401872978,CAR,DET,Rasheed Walker,00-0037196,WalkRa00,,T,OL,T,T,0.735,1,0.75,,,,,,,none,,,0,1,0,,,,,1,,1,75,1,0,,,nflverse snap_counts (not on desk injury list) | game day: nflverse snap_counts + weekly_rosters
2026,4,2026_04_DET_CAR,401872978,CAR,DET,Robert Hunt,00-0036325,HuntRo01,,G,OL,G/C,G,0.91,1,1,,,,,,,none,,,0,0.8,0,,,,,1,,1,75,1,0,,,nflverse snap_counts (not on desk injury list) | game day: nflverse snap_counts + weekly_rosters
2026,4,2026_04_DET_CAR,401872978,CAR,DET,Taylor Moton,00-0033284,MotoTa00,,RT,OL,T,T,0.25,0,0,,,,,,,Nfi,,unknown,1,1,0,NFI,1,1,0.25,0,,0,0,0,0,,,local lock (not in repo): 2026-w04-det-car.json | game day: nflverse snap_counts + weekly_rosters
2026,4,2026_04_NYJ_CHI,401872972,CHI,NYJ,Austin Booker,00-0039840,BookAu00,4683553,DL,F7,DL,DE,0.61,1,0.75,,,,,,,none,,,0,0.9,0,,,,,1,,1,20,0.62,0,,,nflverse snap_counts (not on desk injury list) | game day: nflverse snap_counts + weekly_rosters
2026,4,2026_04_NYJ_CHI,401872972,CHI,NYJ,D'Marco Jackson,00-0037271,JackDM00,4241007,LB,F7,LB,OLB,0.465,0,0.25,,,,,,,none,,,0,0.7,0,,,,,1,,1,4,0.12,0,,,nflverse snap_counts (not on desk injury list) | game day: nflverse snap_counts + weekly_rosters
2026,4,2026_04_NYJ_CHI,401872972,CHI,NYJ,Dayo Odeyingbo,00-0036480,OdeyDa00,4242659,DL,F7,DL,DE,0.468,0,0.25,,,,,,,none,,,0,0.9,0,,,,,1,,1,19,0.59,0,,,nflverse snap_counts (not on desk injury list) | game day: nflverse snap_counts + weekly_rosters
2026,4,2026_04_NYJ_CHI,401872972,CHI,NYJ,Devin Bush Jr.,00-0035525,BushDe01,4036261,LB,F7,LB,MLB,0.71,1,0.75,,,,,,,none,,,0,0.7,0,,,,,1,,1,31,0.97,0,,,nflverse snap_counts (not on desk injury list) | game day: nflverse snap_counts + weekly_rosters
2026,4,2026_04_NYJ_CHI,401872972,CHI,NYJ,Grady Jarrett,00-0031583,JarrGr00,2576492,DL,F7,DL,DT,0.748,1,0.75,,,,,,,none,,FP,0,0.9,0,,,,,1,,1,22,0.69,0,,,nflverse snap_counts (not on desk injury list) | game day: nflverse snap_counts + weekly_rosters
2026,4,2026_04_NYJ_CHI,401872972,CHI,NYJ,James Lynch,00-0036337,LyncJa00,4259181,DL,F7,DL,DE,0.305,0,0,,,,,,,none,,,0,0.9,0,,,,,0,,0,0,0,0,,,nflverse snap_counts (not on desk injury list) | game day: nflverse snap_counts + weekly_rosters
2026,4,2026_04_NYJ_CHI,401872972,CHI,NYJ,Kentavius Street,00-0034320,StreKe00,3116726,DL,F7,DL,DT,0.333,0,0,,,,,,,none,,,0,0.9,0,,,,,1,,1,15,0.47,0,,,nflverse snap_counts (not on desk injury list) | game day: nflverse snap_counts + weekly_rosters
2026,4,2026_04_NYJ_CHI,401872972,CHI,NYJ,Montez Sweat,00-0035647,SweaMo00,3134690,DL,F7,DL,DE,0.725,1,0.75,,,,,,,none,,,0,0.9,0,,,,,1,,1,22,0.69,0,,,nflverse snap_counts (not on desk injury list) | game day: nflverse snap_counts + weekly_rosters
2026,4,2026_04_NYJ_CHI,401872972,CHI,NYJ,Noah Sewell,00-0038390,SeweNo00,4430822,LB,F7,LB,OLB,0,0,0,,,,,,Achilles,Out,,FP,1,0.7,0,OUT,1,1,0.25,0,,0,0,0,0,,,data/postmortem/locks/2026-w04-nyj-chi.json | game day: nflverse snap_counts + weekly_rosters
2026,4,2026_04_NYJ_CHI,401872972,CHI,NYJ,Shemar Turner,00-0040741,TurnSh00,4432804,IDL,F7,DL,DE,0,0,0,,,,,,Knee,Out,,FP,1,0.9,0,OUT,1,1,0.25,0,,0,0,0,0,,,data/postmortem/locks/2026-w04-nyj-chi.json | game day: nflverse snap_counts + weekly_rosters
2026,4,2026_04_NYJ_CHI,401872972,CHI,NYJ,T.J. Edwards,00-0035386,EdwaTJ02,3121544,LB,F7,LB,OLB,0.75,1,1,,,,,,,none,,,0,0.7,0,,,,,1,,1,32,1,0,,,nflverse snap_counts (not on desk injury list) | game day: nflverse snap_counts + weekly_rosters
2026,4,2026_04_NYJ_CHI,401872972,CHI,NYJ,Braxton Jones,00-0037081,JoneBr08,,RT,OL,G/C,T,0.487,0,0.25,,,,,,Knee,Out,,DNP,1,0.8,0.2,OUT,1,1,0.25,0,,0,0,0,0,,,data/postmortem/locks/2026-w04-nyj-chi.json | game day: nflverse snap_counts + weekly_rosters
2026,4,2026_04_NYJ_CHI,401872972,CHI,NYJ,Darnell Wright,00-0038932,WrigDa00,,OL,OL,G/C,T,1,1,1,,,,,,,none,,,0,0.8,0,,,,,1,,1,93,1,0,,,nflverse snap_counts (not on desk injury list) | game day: nflverse snap_counts + weekly_rosters
2026,4,2026_04_NYJ_CHI,401872972,CHI,NYJ,Garrett Bradbury,00-0035588,BradGa00,,C,OL,G/C,C,0.75,1,1,,,,,,,none,,,0,0.8,0,,,,,1,,1,93,1,0,,,nflverse snap_counts (not on desk injury list) | game day: nflverse snap_counts + weekly_rosters
2026,4,2026_04_NYJ_CHI,401872972,CHI,NYJ,Joe Thuney,00-0032391,ThunJo00,,OL,OL,G/C,G,1,1,1,,,,,,,none,,FP,0,0.8,0,,,,,1,,1,93,1,0,,,nflverse snap_counts (not on desk injury list) | game day: nflverse snap_counts + weekly_rosters
2026,4,2026_04_NYJ_CHI,401872972,CHI,NYJ,Jonah Jackson,00-0036258,JackJo03,,OL,OL,G/C,G,1,1,1,,,,,,,none,,FP,0,0.8,0,,,,,1,,1,93,1,0,,,nflverse snap_counts (not on desk injury list) | game day: nflverse snap_counts + weekly_rosters
2026,4,2026_04_JAX_CIN,401872969,CIN,JAX,B.J. Hill,00-0034800,HillB.00,3116748,IDL,F7,DL,DT,0.235,0,0,,,,,,Achilles,Questionable,,LP,0.24,0.9,0,QUESTIONABLE,1,0.35,0.07,0,,0,0,0,0,,,data/postmortem/locks/2026-w04-jax-cin.json | game day: nflverse snap_counts + weekly_rosters
2026,4,2026_04_JAX_CIN,401872969,CIN,JAX,Barrett Carter,00-0040157,CartBa00,4431519,LB,F7,LB,ILB,1,1,1,,,,,,,none,,,0,0.7,0,,,,,1,,1,61,1,0,,,nflverse snap_counts (not on desk injury list) | game day: nflverse snap_counts + weekly_rosters
2026,4,2026_04_JAX_CIN,401872969,CIN,JAX,Boye Mafe,00-0038133,MafeBo00,4240754,LB,F7,LB,DE,0.525,0,0.25,,,,,,,none,,,0,0.7,0,,,,,1,,1,51,0.84,0,,,nflverse snap_counts (not on desk injury list) | game day: nflverse snap_counts + weekly_rosters
2026,4,2026_04_JAX_CIN,401872969,CIN,JAX,Cashius Howell,00-0041546,HoweCa00,4710752,DE,F7,EDGE,DE,0.338,0,0,,,,,,,none,,,0,0.7,0,,,,,1,,1,17,0.28,0,,,nflverse snap_counts (not on desk injury list) | game day: nflverse snap_counts + weekly_rosters
2026,4,2026_04_JAX_CIN,401872969,CIN,JAX,Cedric Johnson,00-0039752,JohnCe01,4430065,DE,F7,EDGE,DE,0.323,0,0,,,,,,,none,,,0,0.7,0,,,,,1,,1,14,0.23,0,,,nflverse snap_counts (not on desk injury list) | game day: nflverse snap_counts + weekly_rosters
2026,4,2026_04_JAX_CIN,401872969,CIN,JAX,Demetrius Knight,00-0040738,KnigDe00,4427729,LB,F7,LB,ILB,0.892,1,1,,,,,,,none,,,0,0.7,0,,,,,1,,1,45,0.74,0,,,nflverse snap_counts (not on desk injury list) | game day: nflverse snap_counts + weekly_rosters
2026,4,2026_04_JAX_CIN,401872969,CIN,JAX,Dexter Lawrence,00-0035683,LawrDe03,4035483,DL,F7,DL,NT,0.51,0,0.25,,,,,,,none,,DNP,0,0.9,0,,,,,1,,1,47,0.77,0,,,nflverse snap_counts (not on desk injury list) | game day: nflverse snap_counts + weekly_rosters
2026,4,2026_04_JAX_CIN,401872969,CIN,JAX,Jonathan Allen,00-0033523,AlleJo01,3054840,DL,F7,DL,DT,0.492,0,0.25,,,,,,,none,,FP,0,0.9,0,,,,,1,,1,43,0.7,0,,,nflverse snap_counts (not on desk injury list) | game day: nflverse snap_counts + weekly_rosters
2026,4,2026_04_JAX_CIN,401872969,CIN,JAX,Myles Murphy,00-0038546,MurpMy00,4428985,DE,F7,EDGE,DE,0.708,1,0.75,,,,,,,none,,,0,0.7,0,,,,,1,,1,41,0.67,0,,,nflverse snap_counts (not on desk injury list) | game day: nflverse snap_counts + weekly_rosters
2026,4,2026_04_JAX_CIN,401872969,CIN,JAX,Tedarrell Slaton,00-0036642,SlatTe00,4240612,DT,F7,DL,DT,0.39,0,0,,,,,,,none,,,0,0.9,0,,,,,1,,1,19,0.31,0,,,nflverse snap_counts (not on desk injury list) | game day: nflverse snap_counts + weekly_rosters
2026,4,2026_04_JAX_CIN,401872969,CIN,JAX,Amarius Mims,00-0039925,MimsAm00,,T,OL,T,T,0.988,1,1,,,,,,,none,,,0,1,0,,,,,1,,1,76,1,0,,,nflverse snap_counts (not on desk injury list) | game day: nflverse snap_counts + weekly_rosters
2026,4,2026_04_JAX_CIN,401872969,CIN,JAX,Brian Parker II,00-0041098,ParkBr02,,RT,OL,G/C,G,0,0,0,,,,,,,IR,,unknown,1,0.8,0,IR,1,1,0.25,0,,0,0,0,0,,,data/postmortem/locks/2026-w04-jax-cin.json | game day: nflverse snap_counts + weekly_rosters
2026,4,2026_04_JAX_CIN,401872969,CIN,JAX,Dalton Risner,00-0035702,RisnDa00,,G,OL,G/C,G,1,1,1,,,,,,Knee,Questionable,,FP,0.12,0.8,0.096,,,,,1,,1,76,1,0,,,nflverse snap_counts (not on desk injury list) | game day: nflverse snap_counts + weekly_rosters
2026,4,2026_04_JAX_CIN,401872969,CIN,JAX,Dylan Fairchild,00-0040140,FairDy00,,G,OL,G/C,G,1,1,1,,,,,,,none,,,0,0.8,0,,,,,1,,1,76,1,0,,,nflverse snap_counts (not on desk injury list) | game day: nflverse snap_counts + weekly_rosters
2026,4,2026_04_JAX_CIN,401872969,CIN,JAX,Orlando Brown Jr.,00-0034752,BrowOr00,,T,OL,T,T,1,1,1,,,,,,,none,,,0,1,0,,,,,1,,1,76,1,0,,,nflverse snap_counts (not on desk injury list) | game day: nflverse snap_counts + weekly_rosters
2026,4,2026_04_JAX_CIN,401872969,CIN,JAX,Ted Karras,00-0032445,KarrTe00,,C,OL,G/C,C,1,1,1,,,,,,,none,,,0,0.8,0,,,,,1,,1,76,1,0,,,nflverse snap_counts (not on desk injury list) | game day: nflverse snap_counts + weekly_rosters
2026,4,2026_04_PIT_CLE,401872964,CLE,PIT,Adin Huntington,00-0040255,HuntAd00,4605792,DT,F7,DL,DT,0.345,0,0,,,,,,,none,,,0,0.9,0,,,,,1,,1,49,0.68,0,,,nflverse snap_counts (not on desk injury list) | game day: nflverse snap_counts + weekly_rosters
2026,4,2026_04_PIT_CLE,401872964,CLE,PIT,Carson Schwesinger,00-0040579,SchwCa00,4876017,LB,F7,LB,MLB,0.75,1,1,,,,,,,none,,,0,0.7,0,,,,,1,,1,72,1,0,,,nflverse snap_counts (not on desk injury list) | game day: nflverse snap_counts + weekly_rosters
2026,4,2026_04_PIT_CLE,401872964,CLE,PIT,Isaiah McGuire,00-0038574,McGuIs00,4427963,DE,F7,EDGE,DE,0.522,0,0.25,,,,,,,none,,,0,0.7,0,,,,,1,,1,43,0.6,0,,,nflverse snap_counts (not on desk injury list) | game day: nflverse snap_counts + weekly_rosters
2026,4,2026_04_PIT_CLE,401872964,CLE,PIT,Jared Verse,00-0039852,VersJa00,4578085,LB,F7,LB,DE,0.495,0,0.25,,,,,,,none,,,0,0.7,0,,,,,1,,1,41,0.57,0,,,nflverse snap_counts (not on desk injury list) | game day: nflverse snap_counts + weekly_rosters
2026,4,2026_04_PIT_CLE,401872964,CLE,PIT,Maliek Collins,00-0033131,CollMa00,3040471,DT,F7,DL,DT,0.427,0,0,,,,,,,none,,,0,0.9,0,,,,,1,,1,57,0.79,0,,,nflverse snap_counts (not on desk injury list) | game day: nflverse snap_counts + weekly_rosters
2026,4,2026_04_PIT_CLE,401872964,CLE,PIT,Mason Graham,00-0040685,GrahMa00,4873232,DT,F7,DL,DT,0.685,1,0.75,,,,,,,none,,,0,0.9,0,,,,,1,,1,7,0.1,1,,,nflverse snap_counts (not on desk injury list) | game day: nflverse snap_counts + weekly_rosters
2026,4,2026_04_PIT_CLE,401872964,CLE,PIT,Quincy Williams,00-0035680,WillQu01,3110565,LB,F7,LB,OLB,0.708,1,0.75,,,,,,,none,,,0,0.7,0,,,,,1,,1,71,0.99,0,,,nflverse snap_counts (not on desk injury list) | game day: nflverse snap_counts + weekly_rosters
2026,4,2026_04_PIT_CLE,401872964,CLE,PIT,Austin Barber,00-0041049,BarbAu00,,T,OL,T,T,0.75,1,1,,,,,,,none,,,0,1,0,,,,,1,,1,64,1,0,,,nflverse snap_counts (not on desk injury list) | game day: nflverse snap_counts + weekly_rosters
2026,4,2026_04_PIT_CLE,401872964,CLE,PIT,Elgton Jenkins,00-0035526,JenkEl00,,C,OL,G/C,C,0.75,1,1,,,,,,Concussion,Out,,DNP,1,0.8,0.8,OUT,1,1,0.45,0,,0,0,0,0,,,data/postmortem/locks/2026-w04-pit-cle.json | game day: nflverse snap_counts + weekly_rosters
2026,4,2026_04_PIT_CLE,401872964,CLE,PIT,Kendrick Green,00-0036983,GreeKe02,,OG,OL,G/C,C,0,0,0,,,,,,,IR,,unknown,1,0.8,0,IR,1,1,0,,,0,0,0,0,,,data/postmortem/locks/2026-w04-pit-cle.json | game day: nflverse snap_counts + weekly_rosters
2026,4,2026_04_PIT_CLE,401872964,CLE,PIT,Spencer Fano,00-0041030,FanoSp00,,T,OL,T,T,0.75,1,1,,,,,,,none,,,0,1,0,,,,,1,,1,64,1,0,,,nflverse snap_counts (not on desk injury list) | game day: nflverse snap_counts + weekly_rosters
2026,4,2026_04_PIT_CLE,401872964,CLE,PIT,Teven Jenkins,00-0036953,JenkTe00,,OG,OL,G/C,G,0.25,0,0,,,,,,Back,Out,,LP,1,0.8,0,OUT,1,1,0.35,0,,0,0,0,0,,,data/postmortem/locks/2026-w04-pit-cle.json | game day: nflverse snap_counts + weekly_rosters
2026,4,2026_04_PIT_CLE,401872964,CLE,PIT,Tytus Howard,00-0035234,HowaTy00,,T,OL,T,T,0.742,1,0.75,,,,,,,none,,FP,0,1,0,,,,,1,,1,64,1,0,,,nflverse snap_counts (not on desk injury list) | game day: nflverse snap_counts + weekly_rosters
2026,4,2026_04_PIT_CLE,401872964,CLE,PIT,Zion Johnson,00-0037818,JohnZi00,,G,OL,G/C,G,0.745,1,0.75,,,,,,,none,,,0,0.8,0,,,,,1,,1,64,1,0,,,nflverse snap_counts (not on desk injury list) | game day: nflverse snap_counts + weekly_rosters
2026,4,2026_04_DAL_HOU,401872967,DAL,HOU,DeMarvion Overshown,00-0038556,OverDe00,4362088,LB,F7,LB,ILB,0.185,0,0,,,,,,Hamstring,Out,,DNP,1,0.7,0,OUT,1,1,0.2,0,,0,0,0,0,,,data/postmortem/locks/2026-w04-dal-hou.json | game day: nflverse snap_counts + weekly_rosters
2026,4,2026_04_DAL_HOU,401872967,DAL,HOU,Dee Winters,00-0038625,WintDe00,4428914,LB,F7,LB,ILB,0.505,0,0.25,,,,,,,none,,,0,0.7,0,,,,,1,,1,44,0.8,0,,,nflverse snap_counts (not on desk injury list) | game day: nflverse snap_counts + weekly_rosters
2026,4,2026_04_DAL_HOU,401872967,DAL,HOU,Donovan Ezeiruaku,00-0040725,EzeiDo00,4683848,DE,F7,EDGE,OLB,0.597,0,0.25,,,,,,,none,,,0,0.7,0,,,,,1,,1,41,0.75,0,,,nflverse snap_counts (not on desk injury list) | game day: nflverse snap_counts + weekly_rosters
2026,4,2026_04_DAL_HOU,401872967,DAL,HOU,Jaishawn Barham,00-0040872,BarhJa01,4685266,LB,F7,LB,ILB,0.475,0,0.25,,,,,,,none,,,0,0.7,0,,,,,1,,1,39,0.71,0,,,nflverse snap_counts (not on desk injury list) | game day: nflverse snap_counts + weekly_rosters
2026,4,2026_04_DAL_HOU,401872967,DAL,HOU,Jonathan Bullard,00-0033093,BullJo00,2980097,IDL,F7,EDGE,DE,0.237,0,0,,,,,,,IR,,unknown,1,0.7,0,IR,1,1,0.25,0,,0,0,0,0,,,data/postmortem/locks/2026-w04-dal-hou.json | game day: nflverse snap_counts + weekly_rosters
2026,4,2026_04_DAL_HOU,401872967,DAL,HOU,Kenny Clark,00-0033120,ClarKe01,3122752,DT,F7,DL,DT,0.69,1,0.75,,,,,,,none,,,0,0.9,0,,,,,1,,1,35,0.64,0,,,nflverse snap_counts (not on desk injury list) | game day: nflverse snap_counts + weekly_rosters
2026,4,2026_04_DAL_HOU,401872967,DAL,HOU,Otito Ogbonnia,00-0037270,OgboOt00,4367210,DL,F7,DL,DE,0.402,0,0,,,,,,,none,,,0,0.9,0,,,,,1,,1,17,0.31,0,,,nflverse snap_counts (not on desk injury list) | game day: nflverse snap_counts + weekly_rosters
2026,4,2026_04_DAL_HOU,401872967,DAL,HOU,Quinnen Williams,00-0035718,WillQu00,4040982,DT,F7,DL,DT,0.702,1,0.75,,,,,,,none,,,0,0.9,0,,,,,1,,1,38,0.69,0,,,nflverse snap_counts (not on desk injury list) | game day: nflverse snap_counts + weekly_rosters
2026,4,2026_04_DAL_HOU,401872967,DAL,HOU,Rashan Gary,00-0034967,GaryRa00,4046523,DL,F7,DL,OLB,0.497,0,0.25,,,,,,,none,,,0,0.9,0,,,,,1,,1,38,0.69,0,,,nflverse snap_counts (not on desk injury list) | game day: nflverse snap_counts + weekly_rosters
2026,4,2026_04_DAL_HOU,401872967,DAL,HOU,Shemar James,00-0040011,JameSh00,4685400,LB,F7,LB,ILB,0.46,0,0.25,,,,,,,none,,,0,0.7,0,,,,,1,,1,26,0.47,0,,,nflverse snap_counts (not on desk injury list) | game day: nflverse snap_counts + weekly_rosters
2026,4,2026_04_DAL_HOU,401872967,DAL,HOU,Cooper Beebe,00-0039348,BeebCo00,,C,OL,G/C,C,1,1,1,,,,,,,none,,,0,0.8,0,,,,,1,,1,78,1,0,,,nflverse snap_counts (not on desk injury list) | game day: nflverse snap_counts + weekly_rosters
2026,4,2026_04_DAL_HOU,401872967,DAL,HOU,T.J. Bass,00-0038731,BassTJ00,,G,OL,G/C,G,0.75,1,1,,,,,,,none,,,0,0.8,0,,,,,1,,1,78,1,0,,,nflverse snap_counts (not on desk injury list) | game day: nflverse snap_counts + weekly_rosters
2026,4,2026_04_DAL_HOU,401872967,DAL,HOU,Terence Steele,00-0036036,SteeTe01,,T,OL,T,T,0.998,1,1,,,,,,,none,,,0,1,0,,,,,1,,1,78,1,0,,,nflverse snap_counts (not on desk injury list) | game day: nflverse snap_counts + weekly_rosters
2026,4,2026_04_DAL_HOU,401872967,DAL,HOU,Tyler Booker,00-0040007,BookTy00,,G,OL,G/C,G,1,1,1,,,,,,,none,,,0,0.8,0,,,,,1,,1,78,1,0,,,nflverse snap_counts (not on desk injury list) | game day: nflverse snap_counts + weekly_rosters
2026,4,2026_04_DAL_HOU,401872967,DAL,HOU,Tyler Guyton,00-0039341,GuytTy00,,T,OL,T,T,0.75,1,1,,,,,,,none,,,0,1,0,,,,,1,,1,78,1,0,,,nflverse snap_counts (not on desk injury list) | game day: nflverse snap_counts + weekly_rosters
2026,4,2026_04_DAL_HOU,401872967,DAL,HOU,Tyler Smith,00-0037243,SmitTy02,,OG,OL,G/C,G,0.245,0,0,,,,,,,IR,,unknown,1,0.8,0,IR,1,1,0.5,0,,0,0,0,0,,,data/postmortem/locks/2026-w04-dal-hou.json | game day: nflverse snap_counts + weekly_rosters
2026,4,2026_04_DEN_SF,401872975,DEN,SF,Alex Singleton,00-0031898,SingAl00,2612151,LB,F7,LB,ILB,0.998,1,1,,,,,,,none,,,0,0.7,0,,,,,1,,1,66,1,0,,,nflverse snap_counts (not on desk injury list) | game day: nflverse snap_counts + weekly_rosters
2026,4,2026_04_DEN_SF,401872975,DEN,SF,D.J. Jones,00-0033297,JoneD.01,3894915,DT,F7,DL,DT,0.482,0,0.25,,,,,,,none,,FP,0,0.9,0,,,,,1,,1,35,0.53,0,,,nflverse snap_counts (not on desk injury list) | game day: nflverse snap_counts + weekly_rosters
2026,4,2026_04_DEN_SF,401872975,DEN,SF,Dondrea Tillman,00-0037799,TillDo00,5216101,LB,F7,LB,OLB,0.355,0,0,,,,,,Hamstring,Out,,DNP,0.45,0.7,0,QUESTIONABLE,1,0.35,0.07,0,,0,0,0,0,,,data/postmortem/locks/2026-w04-den-sf.json | game day: nflverse snap_counts + weekly_rosters
2026,4,2026_04_DEN_SF,401872975,DEN,SF,Eyioma Uwazurike,00-0038106,UwazEy00,4066109,DL,F7,DL,DE,0.495,0,0.25,,,,,,,none,,,0,0.9,0,,,,,1,,1,43,0.65,0,,,nflverse snap_counts (not on desk injury list) | game day: nflverse snap_counts + weekly_rosters
2026,4,2026_04_DEN_SF,401872975,DEN,SF,Jonah Elliss,00-0039809,ElliJo03,4687592,LB,F7,LB,OLB,0.55,0,0.25,,,,,,,none,,,0,0.7,0,,,,,1,,1,40,0.61,0,,,nflverse snap_counts (not on desk injury list) | game day: nflverse snap_counts + weekly_rosters
2026,4,2026_04_DEN_SF,401872975,DEN,SF,Justin Strnad,00-0036428,StrnJu00,3919548,LB,F7,LB,ILB,0.71,1,0.75,,,,,,,none,,,0,0.7,0,,,,,1,,1,56,0.85,0,,,nflverse snap_counts (not on desk injury list) | game day: nflverse snap_counts + weekly_rosters
2026,4,2026_04_DEN_SF,401872975,DEN,SF,Levelle Bailey,00-0039565,BailLe00,4428241,LB,F7,LB,ILB,0,0,0,,,,,,,IR,,unknown,1,0.7,0,IR,1,1,0.25,0,,0,0,0,0,,,data/postmortem/locks/2026-w04-den-sf.json | game day: nflverse snap_counts + weekly_rosters
2026,4,2026_04_DEN_SF,401872975,DEN,SF,Malcolm Roach,00-0035763,RoacMa01,4039064,DT,F7,DL,DT,0.57,0,0.25,,,,,,,none,,,0,0.9,0,,,,,1,,1,43,0.65,0,,,nflverse snap_counts (not on desk injury list) | game day: nflverse snap_counts + weekly_rosters
2026,4,2026_04_DEN_SF,401872975,DEN,SF,Nik Bonitto,00-0037249,BoniNi00,4360259,LB,F7,LB,OLB,0.585,0,0.25,,,,,,,none,,,0,0.7,0,,,,,1,,1,39,0.59,0,,,nflverse snap_counts (not on desk injury list) | game day: nflverse snap_counts + weekly_rosters
2026,4,2026_04_DEN_SF,401872975,DEN,SF,Zach Allen,00-0035248,AlleZa01,3915282,DL,F7,DL,DE,0.693,1,0.75,,,,,,,none,,FP,0,0.9,0,,,,,1,,1,42,0.64,0,,,nflverse snap_counts (not on desk injury list) | game day: nflverse snap_counts + weekly_rosters
2026,4,2026_04_DEN_SF,401872975,DEN,SF,Ben Powers,00-0034978,PoweBe00,,G,OL,G/C,G,1,1,1,,,,,,,none,,,0,0.8,0,,,,,1,,1,65,0.98,0,,,nflverse snap_counts (not on desk injury list) | game day: nflverse snap_counts + weekly_rosters
2026,4,2026_04_DEN_SF,401872975,DEN,SF,Frank Crum,00-0039568,CrumFr00,,RT,OL,T,T,0.022,0,0,,,,,,,IR,,unknown,1,1,0,IR,1,1,0.25,0,,0,0,0,0,,,data/postmortem/locks/2026-w04-den-sf.json | game day: nflverse snap_counts + weekly_rosters
2026,4,2026_04_DEN_SF,401872975,DEN,SF,Garett Bolles,00-0033538,BollGa00,,T,OL,T,T,1,1,1,,,,,,,none,,,0,1,0,,,,,1,,1,65,0.98,0,,,nflverse snap_counts (not on desk injury list) | game day: nflverse snap_counts + weekly_rosters
2026,4,2026_04_DEN_SF,401872975,DEN,SF,Luke Wattenberg,00-0037278,WattLu00,,C,OL,G/C,C,1,1,1,,,,,,,none,,,0,0.8,0,,,,,1,,1,65,0.98,0,,,nflverse snap_counts (not on desk injury list) | game day: nflverse snap_counts + weekly_rosters
2026,4,2026_04_DEN_SF,401872975,DEN,SF,Mike McGlinchey,00-0034847,McGlMi00,,T,OL,T,T,1,1,1,,,,,,,none,,,0,1,0,,,,,1,,1,65,0.98,0,,,nflverse snap_counts (not on desk injury list) | game day: nflverse snap_counts + weekly_rosters
2026,4,2026_04_DEN_SF,401872975,DEN,SF,Nick Gargiulo,00-0039438,GargNi00,,OG,OL,G/C,G,0,0,0,,,,,,,Pup,,unknown,1,0.8,0,PUP,1,1,0.25,0,,0,0,0,0,,,data/postmortem/locks/2026-w04-den-sf.json | game day: nflverse snap_counts + weekly_rosters
2026,4,2026_04_DEN_SF,401872975,DEN,SF,Quinn Meinerz,00-0037001,MeinQu02,,G,OL,G/C,G,0.992,1,1,,,,,,,none,,,0,0.8,0,,,,,1,,1,65,0.98,0,,,nflverse snap_counts (not on desk injury list) | game day: nflverse snap_counts + weekly_rosters
2026,4,2026_04_DET_CAR,401872978,DET,CAR,Aidan Hutchinson,00-0037236,HutcAi00,4372099,DE,F7,EDGE,DE,0.857,1,1,,,,,,,none,,,0,0.7,0,,,,,1,,1,70,0.93,0,,,nflverse snap_counts (not on desk injury list) | game day: nflverse snap_counts + weekly_rosters
2026,4,2026_04_DET_CAR,401872978,DET,CAR,Alim McNeill,00-0036624,McNeAl00,4361662,DL,F7,DL,DT,0.635,1,0.75,,,,,,,none,,,0,0.9,0,,,,,1,,1,62,0.83,0,,,nflverse snap_counts (not on desk injury list) | game day: nflverse snap_counts + weekly_rosters
2026,4,2026_04_DET_CAR,401872978,DET,CAR,D.J. Wonnum,00-0036335,WonnDJ00,4038849,LB,F7,LB,OLB,0.45,0,0.25,,,,,,,none,,FP,0,0.7,0,,,,,1,,1,36,0.48,0,,,nflverse snap_counts (not on desk injury list) | game day: nflverse snap_counts + weekly_rosters
2026,4,2026_04_DET_CAR,401872978,DET,CAR,Derrick Barnes,00-0036964,BarnDe02,4260409,LB,F7,LB,OLB,0.93,1,1,,,,,,,none,,,0,0.7,0,,,,,1,,1,45,0.6,0,,,nflverse snap_counts (not on desk injury list) | game day: nflverse snap_counts + weekly_rosters
2026,4,2026_04_DET_CAR,401872978,DET,CAR,Jack Campbell,00-0039018,CampJa04,4569465,LB,F7,LB,MLB,1,1,1,,,,,,,none,,,0,0.7,0,,,,,1,,1,75,1,0,,,nflverse snap_counts (not on desk injury list) | game day: nflverse snap_counts + weekly_rosters
2026,4,2026_04_DET_CAR,401872978,DET,CAR,Malcolm Rodriguez,00-0037289,RodrMa00,4241411,LB,F7,LB,OLB,0.36,0,0,,,,,,,none,,,0,0.7,0,,,,,1,,1,28,0.37,0,,,nflverse snap_counts (not on desk injury list) | game day: nflverse snap_counts + weekly_rosters
2026,4,2026_04_DET_CAR,401872978,DET,CAR,Skyler Gill-Howard,00-0041447,GillSk00,5103940,DL,F7,DL,DT,0.335,0,0,,,,,,,none,,,0,0.9,0,,,,,1,,1,32,0.43,0,,,nflverse snap_counts (not on desk injury list) | game day: nflverse snap_counts + weekly_rosters
2026,4,2026_04_DET_CAR,401872978,DET,CAR,Tyleik Williams,00-0040672,WillTy02,4431615,DL,F7,DL,DT,0.46,0,0.25,,,,,,,none,,,0,0.9,0,,,,,1,,1,50,0.67,0,,,nflverse snap_counts (not on desk injury list) | game day: nflverse snap_counts + weekly_rosters
2026,4,2026_04_DET_CAR,401872978,DET,CAR,Tyler Lacy,00-0038940,LacyTy00,4361861,DL,F7,DL,DE,0.315,0,0,,,,,,,none,,,0,0.9,0,,,,,1,,1,33,0.44,0,,,nflverse snap_counts (not on desk injury list) | game day: nflverse snap_counts + weekly_rosters
2026,4,2026_04_DET_CAR,401872978,DET,CAR,Ben Bartch,00-0036272,BartBe00,,OG,OL,G/C,G,0.465,0,0.25,,,,,,Foot,Out,,DNP,1,0.8,0.2,OUT,1,1,0.25,0,,0,0,0,0,,,local lock (not in repo): 2026-w04-det-car.json | game day: nflverse snap_counts + weekly_rosters
2026,4,2026_04_DET_CAR,401872978,DET,CAR,Blake Miller,00-0041439,MillBl01,,T,OL,T,T,0.5,0,0.25,,,,,,,none,,,0,1,0,,,,,1,,1,71,1,0,,,nflverse snap_counts (not on desk injury list) | game day: nflverse snap_counts + weekly_rosters
2026,4,2026_04_DET_CAR,401872978,DET,CAR,Cade Mays,00-0037297,MaysCa00,,C,OL,G/C,C,0,0,0,,,,,,,IR,,unknown,1,0.8,0,IR,1,1,0.2,0,,0,0,0,0,,,local lock (not in repo): 2026-w04-det-car.json | game day: nflverse snap_counts + weekly_rosters
2026,4,2026_04_DET_CAR,401872978,DET,CAR,Christian Mahogany,00-0039408,MahoCh00,,OL,OL,G/C,G,0.525,0,0.25,,,,,,,none,,,0,0.8,0,,,,,1,,1,71,1,0,,,nflverse snap_counts (not on desk injury list) | game day: nflverse snap_counts + weekly_rosters
2026,4,2026_04_DET_CAR,401872978,DET,CAR,Juice Scruggs,00-0038936,ScruJu00,,C,OL,G/C,G,0.75,1,1,,,,,,,none,,,0,0.8,0,,,,,1,,1,71,1,0,,,nflverse snap_counts (not on desk injury list) | game day: nflverse snap_counts + weekly_rosters
2026,4,2026_04_DET_CAR,401872978,DET,CAR,Larry Borom,00-0036905,BoroLa00,,OL,OL,G/C,T,0.338,0,0,,,,,,,none,,,0,0.8,0,,,,,1,,1,2,0.03,0,,,nflverse snap_counts (not on desk injury list) | game day: nflverse snap_counts + weekly_rosters
2026,4,2026_04_DET_CAR,401872978,DET,CAR,Penei Sewell,00-0036880,SewePe00,,T,OL,T,T,0.75,1,1,,,,,,,none,,,0,1,0,,,,,1,,1,71,1,0,,,nflverse snap_counts (not on desk injury list) | game day: nflverse snap_counts + weekly_rosters
2026,4,2026_04_DET_CAR,401872978,DET,CAR,Tate Ratledge,00-0040728,RatlTa00,,OL,OL,G/C,G,1,1,1,,,,,,,none,,,0,0.8,0,,,,,1,,1,71,1,0,,,nflverse snap_counts (not on desk injury list) | game day: nflverse snap_counts + weekly_rosters
2026,4,2026_04_GB_TB,401872968,GB,TB,Anthony Campbell,00-0040689,CampAn00,,IDL,F7,DL,DT,0.03,0,0,,,,,,Ankle,Out,,DNP,1,0.9,0,OUT,1,1,0.25,0,,0,0,0,0,,,data/postmortem/locks/2026-w04-gb-tb.json | game day: nflverse snap_counts + weekly_rosters
2026,4,2026_04_GB_TB,401872968,GB,TB,Barryn Sorrell,00-0040010,SorrBa00,4683643,DL,F7,DL,OLB,0.452,0,0.25,,,,,,,none,,,0,0.9,0,,,,,1,,1,33,0.52,0,,,nflverse snap_counts (not on desk injury list) | game day: nflverse snap_counts + weekly_rosters
2026,4,2026_04_GB_TB,401872968,GB,TB,Brenton Cox,00-0038463,CoxxBr02,4361776,DL,F7,DL,OLB,0.307,0,0,,,,,,,none,,,0,0.9,0,,,,,1,,1,24,0.38,0,,,nflverse snap_counts (not on desk injury list) | game day: nflverse snap_counts + weekly_rosters
2026,4,2026_04_GB_TB,401872968,GB,TB,Chris McClellan,00-0040869,McClCh01,4820574,DT,F7,DL,DT,0.325,0,0,,,,,,,none,,,0,0.9,0,,,,,1,,1,24,0.38,0,,,nflverse snap_counts (not on desk injury list) | game day: nflverse snap_counts + weekly_rosters
2026,4,2026_04_GB_TB,401872968,GB,TB,Dani Dennis-Sutton,00-0040877,DennDa01,4685315,DE,F7,EDGE,OLB,0.32,0,0,,,,,,,none,,,0,0.7,0,,,,,1,,1,24,0.38,0,,,nflverse snap_counts (not on desk injury list) | game day: nflverse snap_counts + weekly_rosters
2026,4,2026_04_GB_TB,401872968,GB,TB,Devonte Wyatt,00-0037075,WyatDe00,4361791,DL,F7,DL,DT,0.395,0,0,,,,,,,none,,,0,0.9,0,,,,,1,,1,25,0.4,0,,,nflverse snap_counts (not on desk injury list) | game day: nflverse snap_counts + weekly_rosters
2026,4,2026_04_GB_TB,401872968,GB,TB,Edgerrin Cooper,00-0039850,CoopEd00,4430438,LB,F7,LB,ILB,0.828,1,1,,,,,,Shoulder,Questionable,,FP,0.12,0.7,0.084,QUESTIONABLE,1,0.35,0.07,1,,1,34,0.54,0,,,data/postmortem/locks/2026-w04-gb-tb.json | game day: nflverse snap_counts + weekly_rosters
2026,4,2026_04_GB_TB,401872968,GB,TB,Jonathan Ford,00-0037094,FordJo00,4259762,DL,F7,DL,DT,0.368,0,0,,,,,,,none,,,0,0.9,0,,,,,1,,1,13,0.21,0,,,nflverse snap_counts (not on desk injury list) | game day: nflverse snap_counts + weekly_rosters
2026,4,2026_04_GB_TB,401872968,GB,TB,Karl Brooks,00-0038398,BrooKa00,4373423,DL,F7,DL,DT,0.612,1,0.75,,,,,,,none,,LP,0,0.9,0,,,,,1,,1,35,0.56,0,,,nflverse snap_counts (not on desk injury list) | game day: nflverse snap_counts + weekly_rosters
2026,4,2026_04_GB_TB,401872968,GB,TB,Lukas Van Ness,00-0039112,VanNLu00,4686906,DL,F7,DL,OLB,0.67,1,0.75,,,,,,,none,,LP,0,0.9,0,,,,,1,,1,46,0.73,0,,,nflverse snap_counts (not on desk injury list) | game day: nflverse snap_counts + weekly_rosters
2026,4,2026_04_GB_TB,401872968,GB,TB,Micah Parsons,00-0036932,ParsMi00,4361423,EDGE1,F7,DL,OLB,0,0,0,,,,,,,Out,,unknown,1,0.9,0,OUT,1,1,0.5,0,,0,0,0,0,,,data/postmortem/locks/2026-w04-gb-tb.json | game day: nflverse snap_counts + weekly_rosters
2026,4,2026_04_GB_TB,401872968,GB,TB,Warren Brinson,00-0040016,BrinWa00,4429136,IDL,F7,DL,DT,0.08,0,0,,,,,,Calf,Out,,DNP,1,0.9,0,OUT,1,1,0.25,0,,0,0,0,0,,,data/postmortem/locks/2026-w04-gb-tb.json | game day: nflverse snap_counts + weekly_rosters
2026,4,2026_04_GB_TB,401872968,GB,TB,Zaire Franklin,00-0034431,FranZa00,3124005,LB,F7,LB,ILB,0.75,1,1,,,,,,,none,,,0,0.7,0,,,,,1,,1,63,1,0,,,nflverse snap_counts (not on desk injury list) | game day: nflverse snap_counts + weekly_rosters
2026,4,2026_04_GB_TB,401872968,GB,TB,Aaron Banks,00-0036551,BankAa00,,OG,OL,G/C,G,0.343,0,0,,,,,,Knee,Out,,DNP,1,0.8,0,OUT,1,1,0.4,0,,0,0,0,0,,,data/postmortem/locks/2026-w04-gb-tb.json | game day: nflverse snap_counts + weekly_rosters
2026,4,2026_04_GB_TB,401872968,GB,TB,Anthony Belton,00-0040726,BeltAn00,,T,OL,T,T,0.752,1,1,,,,,,,none,,,0,1,0,,,,,1,,1,60,1,0,,,nflverse snap_counts (not on desk injury list) | game day: nflverse snap_counts + weekly_rosters
2026,4,2026_04_GB_TB,401872968,GB,TB,Donovan Jennings,00-0039272,JennDo00,,G,OL,G/C,G,0.338,0,0,,,,,,,none,,,0,0.8,0,,,,,1,,0,0,0,0,,,nflverse snap_counts (not on desk injury list) | game day: nflverse snap_counts + weekly_rosters
2026,4,2026_04_GB_TB,401872968,GB,TB,Jacob Monk,00-0039817,MonkJa00,,C,OL,G/C,C,0.723,1,0.75,,,,,,Quadricep,Out,,DNP,1,0.8,0.6,OUT,1,1,0.25,0,,0,0,0,0,,,data/postmortem/locks/2026-w04-gb-tb.json | game day: nflverse snap_counts + weekly_rosters
2026,4,2026_04_GB_TB,401872968,GB,TB,Jager Burton,00-0040884,BurtJa02,,C,OL,G/C,C,0.348,0,0,,,,,,Groin,Questionable,,LP,0.24,0.8,0,,,,,1,,0,0,0,0,,,nflverse snap_counts (not on desk injury list) | game day: nflverse snap_counts + weekly_rosters
2026,4,2026_04_GB_TB,401872968,GB,TB,Jordan Morgan,00-0039904,MorgJo03,,T,OL,T,G,1,1,1,,,,,,,none,,,0,1,0,,,,,1,,1,60,1,0,,,nflverse snap_counts (not on desk injury list) | game day: nflverse snap_counts + weekly_rosters
2026,4,2026_04_GB_TB,401872968,GB,TB,Sean Rhyan,00-0037076,RhyaSe00,,G,OL,G/C,G,0.99,1,1,,,,,,,none,,,0,0.8,0,,,,,1,,1,60,1,0,,,nflverse snap_counts (not on desk injury list) | game day: nflverse snap_counts + weekly_rosters
2026,4,2026_04_GB_TB,401872968,GB,TB,Zach Bako-Bewele,00-0037817,TomxZa00,,RT,OL,G/C,T,0.263,0,0,,,,,,,IR,,unknown,1,0.8,0,IR,1,1,0.25,0,,0,0,0,0,,,data/postmortem/locks/2026-w04-gb-tb.json | game day: nflverse snap_counts + weekly_rosters
2026,4,2026_04_DAL_HOU,401872967,HOU,DAL,Azeez Al-Shaair,00-0035166,AlShAz00,3919117,LB,F7,LB,MLB,0.94,1,1,,,,,,Groin,Out,,DNP,1,0.7,0.7,DOUBTFUL,1,0.75,0.19,0,,0,0,0,0,,,data/postmortem/locks/2026-w04-dal-hou.json | game day: nflverse snap_counts + weekly_rosters
2026,4,2026_04_DAL_HOU,401872967,HOU,DAL,Danielle Hunter,00-0031565,HuntDa01,2976560,DE,F7,EDGE,DE,0.785,1,1,,,,,,,none,,,0,0.7,0,,,,,1,,1,60,0.77,0,,,nflverse snap_counts (not on desk injury list) | game day: nflverse snap_counts + weekly_rosters
2026,4,2026_04_DAL_HOU,401872967,HOU,DAL,Henry To'oTo'o,00-0038599,TooTHe00,4426350,LB,F7,LB,OLB,0.458,0,0.25,,,,,,,IR,,unknown,1,0.7,0.175,IR,1,1,0.25,0,,0,0,0,0,,,data/postmortem/locks/2026-w04-dal-hou.json | game day: nflverse snap_counts + weekly_rosters
2026,4,2026_04_DAL_HOU,401872967,HOU,DAL,Jadeveon Clowney,00-0031364,ClowJa00,16734,EDGE1,F7,EDGE,DE,0.085,0,0,,,,,,Knee,Questionable,,DNP,0.45,0.7,0,QUESTIONABLE,1,0.35,0.07,1,,1,30,0.38,0,,,data/postmortem/locks/2026-w04-dal-hou.json | game day: nflverse snap_counts + weekly_rosters
2026,4,2026_04_DAL_HOU,401872967,HOU,DAL,Jake Hansen,00-0037457,HansJa01,4033812,LB,F7,LB,MLB,0.5,0,0.25,,,,,,Calf,Questionable,,FP,0.12,0.7,0.021,,,,,1,,1,74,0.95,0,,,nflverse snap_counts (not on desk injury list) | game day: nflverse snap_counts + weekly_rosters
2026,4,2026_04_DAL_HOU,401872967,HOU,DAL,Jake Hummel,,HummJa00,,LB,F7,LB,,0,0,0,,,,,,,IR,,unknown,1,0.7,0,IR,1,1,0.25,,,0,0,0,0,,,data/postmortem/locks/2026-w04-dal-hou.json | game day: nflverse snap_counts + weekly_rosters
2026,4,2026_04_DAL_HOU,401872967,HOU,DAL,Kayden McDonald,00-0041440,McDoKa00,4870893,IDL,F7,DL,DT,0,0,0,,,,,,,IR,,unknown,1,0.9,0,IR,1,1,0.25,0,,0,0,0,0,,,data/postmortem/locks/2026-w04-dal-hou.json | game day: nflverse snap_counts + weekly_rosters
2026,4,2026_04_DAL_HOU,401872967,HOU,DAL,Mario Edwards Jr.,00-0032265,EdwaMa01,2969921,IDL,F7,DL,DT,0.223,0,0,,,,,,,IR,,unknown,1,0.9,0,IR,1,1,0.25,0,,0,0,0,0,,,data/postmortem/locks/2026-w04-dal-hou.json | game day: nflverse snap_counts + weekly_rosters
2026,4,2026_04_DAL_HOU,401872967,HOU,DAL,Sheldon Rankins,00-0032759,RankSh00,2970204,DT,F7,DL,DT,0.688,1,0.75,,,,,,,none,,,0,0.9,0,,,,,1,,1,57,0.73,0,,,nflverse snap_counts (not on desk injury list) | game day: nflverse snap_counts + weekly_rosters
2026,4,2026_04_DAL_HOU,401872967,HOU,DAL,Tommy Togiai,00-0036883,TogiTo00,4361366,DT,F7,DL,DT,0.662,1,0.75,,,,,,,none,,,0,0.9,0,,,,,1,,1,50,0.64,0,,,nflverse snap_counts (not on desk injury list) | game day: nflverse snap_counts + weekly_rosters
2026,4,2026_04_DAL_HOU,401872967,HOU,DAL,Will Anderson,00-0039108,AndeWi01,4685724,DE,F7,EDGE,DE,0.792,1,1,,,,,,,none,,FP,0,0.7,0,,,,,1,,1,62,0.79,0,,,nflverse snap_counts (not on desk injury list) | game day: nflverse snap_counts + weekly_rosters
2026,4,2026_04_DAL_HOU,401872967,HOU,DAL,Aireontae Ersery,00-0040745,ErseAi00,,T,OL,T,T,1,1,1,,,,,,,none,,,0,1,0,,,,,1,,1,55,1,0,,,nflverse snap_counts (not on desk injury list) | game day: nflverse snap_counts + weekly_rosters
2026,4,2026_04_DAL_HOU,401872967,HOU,DAL,Ed Ingram,00-0038131,IngrEd00,,OG,OL,G/C,G,0.5,0,0.25,,,,,,Groin,Questionable,,FP,0.12,0.8,0.024,QUESTIONABLE,1,0.35,0.07,1,,1,55,1,0,,,data/postmortem/locks/2026-w04-dal-hou.json | game day: nflverse snap_counts + weekly_rosters
2026,4,2026_04_DAL_HOU,401872967,HOU,DAL,Evan Brown,00-0034495,BrowEv00,,OL,OL,G/C,C,0.75,1,1,,,,,,,none,,,0,0.8,0,,,,,1,,1,55,1,0,,,nflverse snap_counts (not on desk injury list) | game day: nflverse snap_counts + weekly_rosters
2026,4,2026_04_DAL_HOU,401872967,HOU,DAL,Keylan Rutledge,00-0041532,RutlKe01,,C,OL,G/C,G,0.75,1,1,,,,,,,none,,,0,0.8,0,,,,,1,,1,55,1,0,,,nflverse snap_counts (not on desk injury list) | game day: nflverse snap_counts + weekly_rosters
2026,4,2026_04_DAL_HOU,401872967,HOU,DAL,Trent Brown,00-0032071,BrowTr02,,T,OL,T,T,0.75,1,1,,,,,,,none,,FP,0,1,0,,,,,1,,1,55,1,0,,,nflverse snap_counts (not on desk injury list) | game day: nflverse snap_counts + weekly_rosters
2026,4,2026_04_DAL_HOU,401872967,HOU,DAL,Wyatt Teller,00-0034399,TellWy00,,G,OL,G/C,G,0.5,0,0.25,,,,,,,none,,,0,0.8,0,,,,,1,,0,0,0,0,,,nflverse snap_counts (not on desk injury list) | game day: nflverse snap_counts + weekly_rosters
2026,4,2026_04_IND_WAS,401872965,IND,WSH,Adetomiwa Adebawore,00-0039031,AdebAd00,4427635,DT,F7,DL,DT,0.36,0,0,,,,,,,none,,,0,0.9,0,,,,,1,,1,29,0.45,0,,,nflverse snap_counts (not on desk injury list) | game day: nflverse snap_counts + weekly_rosters
2026,4,2026_04_IND_WAS,401872965,IND,WSH,Akeem Davis-Gaither,00-0036298,DaviAk01,3917142,LB,F7,LB,ILB,0.72,1,0.75,,,,,,,none,,FP,0,0.7,0,,,,,1,,1,62,0.97,0,,,nflverse snap_counts (not on desk injury list) | game day: nflverse snap_counts + weekly_rosters
2026,4,2026_04_IND_WAS,401872965,IND,WSH,Arden Key,00-0034825,KeyxAr00,3843843,LB,F7,LB,DE,0.545,0,0.25,,,,,,,none,,,0,0.7,0,,,,,1,,1,26,0.41,0,,,nflverse snap_counts (not on desk injury list) | game day: nflverse snap_counts + weekly_rosters
2026,4,2026_04_IND_WAS,401872965,IND,WSH,DeForest Buckner,00-0032378,BuckDe00,2971282,DT,F7,DL,DT,0.61,1,0.75,,,,,,,none,,,0,0.9,0,,,,,1,,1,51,0.8,0,,,nflverse snap_counts (not on desk injury list) | game day: nflverse snap_counts + weekly_rosters
2026,4,2026_04_IND_WAS,401872965,IND,WSH,Grover Stewart,00-0033952,StewGr00,4058825,DT,F7,DL,DT,0.612,1,0.75,,,,,,,none,,FP,0,0.9,0,,,,,1,,1,32,0.5,0,,,nflverse snap_counts (not on desk injury list) | game day: nflverse snap_counts + weekly_rosters
2026,4,2026_04_IND_WAS,401872965,IND,WSH,Jaylon Carlies,00-0039377,CarlJa01,4601021,LB,F7,LB,ILB,0.482,0,0.25,,,,,,,none,,,0,0.7,0,,,,,1,,1,30,0.47,0,,,nflverse snap_counts (not on desk injury list) | game day: nflverse snap_counts + weekly_rosters
2026,4,2026_04_IND_WAS,401872965,IND,WSH,Jerry Tillery,00-0035674,TillJe00,3863182,DL,F7,DL,DT,0.355,0,0,,,,,,,none,,,0,0.9,0,,,,,1,,1,21,0.33,0,,,nflverse snap_counts (not on desk injury list) | game day: nflverse snap_counts + weekly_rosters
2026,4,2026_04_IND_WAS,401872965,IND,WSH,Laiatu Latu,00-0039340,LatuLa00,4426473,DE,F7,EDGE,DE,0.693,1,0.75,,,,,,,none,,,0,0.7,0,,,,,1,,1,49,0.77,0,,,nflverse snap_counts (not on desk injury list) | game day: nflverse snap_counts + weekly_rosters
2026,4,2026_04_IND_WAS,401872965,IND,WSH,Micheal Clemons,00-0038107,ClemMi03,4240896,EDGE1,F7,DL,DE,0.128,0,0,,,,,,,IR,,unknown,1,0.9,0,IR,1,1,0.2,0,,0,0,0,0,,,data/postmortem/locks/2026-w04-ind-wsh.json | game day: nflverse snap_counts + weekly_rosters
2026,4,2026_04_IND_WAS,401872965,IND,WSH,Bernhard Raimann,00-0037757,RaimBe00,,T,OL,T,T,1,1,1,,,,,,,none,,,0,1,0,,,,,1,,1,59,0.89,0,,,nflverse snap_counts (not on desk injury list) | game day: nflverse snap_counts + weekly_rosters
2026,4,2026_04_IND_WAS,401872965,IND,WSH,Jalen Travis,00-0040163,TravJa00,,T,OL,T,T,1,1,1,,,,,,,none,,,0,1,0,,,,,1,,1,66,1,0,,,nflverse snap_counts (not on desk injury list) | game day: nflverse snap_counts + weekly_rosters
2026,4,2026_04_IND_WAS,401872965,IND,WSH,Matt Goncalves,00-0039736,GoncMa00,,G,OL,G/C,G,1,1,1,,,,,,,none,,,0,0.8,0,,,,,1,,1,66,1,0,,,nflverse snap_counts (not on desk injury list) | game day: nflverse snap_counts + weekly_rosters
2026,4,2026_04_IND_WAS,401872965,IND,WSH,Quenton Nelson,00-0034342,NelsQu00,,G,OL,G/C,G,1,1,1,,,,,,,none,,,0,0.8,0,,,,,1,,1,63,0.95,0,,,nflverse snap_counts (not on desk injury list) | game day: nflverse snap_counts + weekly_rosters
2026,4,2026_04_IND_WAS,401872965,IND,WSH,Tanor Bortolini,00-0039744,BortTa00,,C,OL,G/C,C,1,1,1,,,,,,,none,,,0,0.8,0,,,,,1,,1,66,1,0,,,nflverse snap_counts (not on desk injury list) | game day: nflverse snap_counts + weekly_rosters
2026,4,2026_04_JAX_CIN,401872969,JAX,CIN,Albert Regis,00-0041045,RegiAl00,4612298,IDL,F7,DL,DT,0.085,0,0,,,,,,Elbow,Questionable,,LP,0.24,0.9,0,QUESTIONABLE,1,0.35,0.09,1,,1,4,0.05,0,,,data/postmortem/locks/2026-w04-jax-cin.json | game day: nflverse snap_counts + weekly_rosters
2026,4,2026_04_JAX_CIN,401872969,JAX,CIN,Arik Armstead,00-0032164,ArmsAr01,2971275,DT,F7,DL,DT,0.622,1,0.75,,,,,,,none,,,0,0.9,0,,,,,1,,1,57,0.75,0,,,nflverse snap_counts (not on desk injury list) | game day: nflverse snap_counts + weekly_rosters
2026,4,2026_04_JAX_CIN,401872969,JAX,CIN,B.J. Green II,00-0040329,GreeBJ00,4875266,EDGE1,F7,DL,DE,0.005,0,0,,,,,,,IR,,unknown,1,0.9,0,IR,1,1,0.25,0,,0,0,0,0,,,data/postmortem/locks/2026-w04-jax-cin.json | game day: nflverse snap_counts + weekly_rosters
2026,4,2026_04_JAX_CIN,401872969,JAX,CIN,DaVon Hamilton,00-0036262,HamiDa02,3915520,DT,F7,DL,DT,0.47,0,0.25,,,,,,,none,,FP,0,0.9,0,,,,,1,,1,31,0.41,0,,,nflverse snap_counts (not on desk injury list) | game day: nflverse snap_counts + weekly_rosters
2026,4,2026_04_JAX_CIN,401872969,JAX,CIN,Dennis Gardeck,00-0034473,GardDe01,4334300,LB,F7,LB,OLB,0.4,0,0,,,,,,,none,,,0,0.7,0,,,,,1,,1,22,0.29,0,,,nflverse snap_counts (not on desk injury list) | game day: nflverse snap_counts + weekly_rosters
2026,4,2026_04_JAX_CIN,401872969,JAX,CIN,Foyesade Oluokun,00-0034413,OluoFo00,3050073,LB,F7,LB,MLB,0.865,1,1,,,,,,,none,,,0,0.7,0,,,,,1,,1,76,1,0,,,nflverse snap_counts (not on desk injury list) | game day: nflverse snap_counts + weekly_rosters
2026,4,2026_04_JAX_CIN,401872969,JAX,CIN,Josh Hines-Allen,00-0035642,AlleJo03,3915239,DE,F7,EDGE,DE,0.775,1,1,,,,,,,none,,,0,0.7,0,,,,,1,,1,64,0.84,0,,,nflverse snap_counts (not on desk injury list) | game day: nflverse snap_counts + weekly_rosters
2026,4,2026_04_JAX_CIN,401872969,JAX,CIN,Matt Dickerson,00-0034657,DickMa00,3134316,DL,F7,DL,DT,0.362,0,0,,,,,,,none,,,0,0.9,0,,,,,1,,1,10,0.13,0,,,nflverse snap_counts (not on desk injury list) | game day: nflverse snap_counts + weekly_rosters
2026,4,2026_04_JAX_CIN,401872969,JAX,CIN,Ruke Orhorhoro,00-0039733,OrhoRu00,4430271,DL,F7,DL,DT,0.302,0,0,,,,,,,none,,,0,0.9,0,,,,,1,,1,29,0.38,0,,,nflverse snap_counts (not on desk injury list) | game day: nflverse snap_counts + weekly_rosters
2026,4,2026_04_JAX_CIN,401872969,JAX,CIN,Travon Walker,00-0037235,WalkTr03,4426349,DE,F7,EDGE,DE,0.775,1,1,,,,,,,none,,,0,0.7,0,,,,,1,,1,65,0.86,0,,,nflverse snap_counts (not on desk injury list) | game day: nflverse snap_counts + weekly_rosters
2026,4,2026_04_JAX_CIN,401872969,JAX,CIN,Ventrell Miller,00-0038570,MillVe00,4240610,LB,F7,LB,ILB,0.535,0,0.25,,,,,,,none,,,0,0.7,0,,,,,1,,1,51,0.67,0,,,nflverse snap_counts (not on desk injury list) | game day: nflverse snap_counts + weekly_rosters
2026,4,2026_04_JAX_CIN,401872969,JAX,CIN,Anton Harrison,00-0038934,HarrAn00,,OL,OL,G/C,T,1,1,1,,,,,,,none,,,0,0.8,0,,,,,1,,1,61,1,0,,,nflverse snap_counts (not on desk injury list) | game day: nflverse snap_counts + weekly_rosters
2026,4,2026_04_JAX_CIN,401872969,JAX,CIN,Cole Van Lanen,00-0036655,VanxCo00,,OL,OL,G/C,T,0.645,1,0.75,,,,,,,none,,FP,0,0.8,0,,,,,1,,1,61,1,0,,,nflverse snap_counts (not on desk injury list) | game day: nflverse snap_counts + weekly_rosters
2026,4,2026_04_JAX_CIN,401872969,JAX,CIN,Emmanuel Pregnon,00-0041050,PregEm00,,OL,OL,G/C,G,0.75,1,1,,,,,,,none,,,0,0.8,0,,,,,1,,1,61,1,0,,,nflverse snap_counts (not on desk injury list) | game day: nflverse snap_counts + weekly_rosters
2026,4,2026_04_JAX_CIN,401872969,JAX,CIN,Ezra Cleveland,00-0036327,ClevEz00,,OL,OL,G/C,G,0.938,1,1,,,,,,,none,,,0,0.8,0,,,,,1,,1,61,1,0,,,nflverse snap_counts (not on desk injury list) | game day: nflverse snap_counts + weekly_rosters
2026,4,2026_04_JAX_CIN,401872969,JAX,CIN,Robert Hainsey,00-0036985,HainRo00,,OL,OL,G/C,C,0.958,1,1,,,,,,,none,,,0,0.8,0,,,,,1,,1,61,1,0,,,nflverse snap_counts (not on desk injury list) | game day: nflverse snap_counts + weekly_rosters
2026,4,2026_04_JAX_CIN,401872969,JAX,CIN,Walker Little,00-0036975,LittWa00,,OL,OL,G/C,T,0.355,0,0,,,,,,,none,,,0,0.8,0,,,,,1,,0,0,0,0,,,nflverse snap_counts (not on desk injury list) | game day: nflverse snap_counts + weekly_rosters
2026,4,2026_04_KC_LV,401872976,KC,LV,Ashton Gillotte,00-0040640,GillAs00,4684432,DE,F7,EDGE,DE,0.48,0,0.25,,,,,,,none,,FP,0,0.7,0,,,,,1,,1,36,0.43,0,,,nflverse snap_counts (not on desk injury list) | game day: nflverse snap_counts + weekly_rosters
2026,4,2026_04_KC_LV,401872976,KC,LV,Chris Jones,00-0032762,JoneCh09,3044859,DT,F7,DL,DT,0.568,0,0.25,,,,,,,none,,FP,0,0.9,0,,,,,1,,1,68,0.81,0,,,nflverse snap_counts (not on desk injury list) | game day: nflverse snap_counts + weekly_rosters
2026,4,2026_04_KC_LV,401872976,KC,LV,Cooper McDonald,00-0040118,McDoCo01,4567826,LB,F7,LB,MLB,0.105,0,0,,,,,,,IR,,unknown,1,0.7,0,IR,1,1,0.25,0,,0,0,0,0,,,data/postmortem/locks/2026-w04-kc-lv.json | game day: nflverse snap_counts + weekly_rosters
2026,4,2026_04_KC_LV,401872976,KC,LV,Drue Tranquill,00-0035262,TranDr00,3129310,LB,F7,LB,OLB,0.825,1,1,,,,,,,none,,,0,0.7,0,,,,,1,,1,55,0.65,0,,,nflverse snap_counts (not on desk injury list) | game day: nflverse snap_counts + weekly_rosters
2026,4,2026_04_KC_LV,401872976,KC,LV,Felix Anudike-Uzomah,00-0039006,AnudFe00,4612387,DE,F7,EDGE,DE,0.355,0,0,,,,,,,none,,FP,0,0.7,0,,,,,1,,1,43,0.51,0,,,nflverse snap_counts (not on desk injury list) | game day: nflverse snap_counts + weekly_rosters
2026,4,2026_04_KC_LV,401872976,KC,LV,George Karlaftis III,00-0037192,KarlGe00,4426659,DE,F7,EDGE,DE,0.635,1,0.75,,,,,,,none,,,0,0.7,0,,,,,1,,1,74,0.88,0,,,nflverse snap_counts (not on desk injury list) | game day: nflverse snap_counts + weekly_rosters
2026,4,2026_04_KC_LV,401872976,KC,LV,Khyiris Tonga,00-0036909,TongKh00,4256074,DL,F7,DL,NT,0.347,0,0,,,,,,,none,,,0,0.9,0,,,,,1,,1,31,0.37,0,,,nflverse snap_counts (not on desk injury list) | game day: nflverse snap_counts + weekly_rosters
2026,4,2026_04_KC_LV,401872976,KC,LV,Nick Bolton,00-0036621,BoltNi00,4362759,LB,F7,LB,MLB,1,1,1,,,,,,,none,,,0,0.7,0,,,,,1,,1,84,1,0,,,nflverse snap_counts (not on desk injury list) | game day: nflverse snap_counts + weekly_rosters
2026,4,2026_04_KC_LV,401872976,KC,LV,Omarr Norman-Lott,00-0040748,NormOm00,4591008,IDL,F7,DL,DT,0,0,0,,,,,,,Pup,,unknown,1,0.9,0,PUP,1,1,0.25,0,,0,0,0,0,,,data/postmortem/locks/2026-w04-kc-lv.json | game day: nflverse snap_counts + weekly_rosters
2026,4,2026_04_KC_LV,401872976,KC,LV,Peter Woods,00-0041545,WoodPe00,4871063,DL,F7,DL,DT,0.392,0,0,,,,,,,none,,,0,0.9,0,,,,,1,,1,28,0.33,0,,,nflverse snap_counts (not on desk injury list) | game day: nflverse snap_counts + weekly_rosters
2026,4,2026_04_KC_LV,401872976,KC,LV,R Mason Thomas,00-0041501,MasoR01,5081927,DE,F7,EDGE,DE,0.378,0,0,,,,,,,none,,,0,0.7,0,,,,,1,,1,50,0.6,0,,,nflverse snap_counts (not on desk injury list) | game day: nflverse snap_counts + weekly_rosters
2026,4,2026_04_KC_LV,401872976,KC,LV,Creed Humphrey,00-0036623,HumpCr00,,C,OL,G/C,C,1,1,1,,,,,,,none,,,0,0.8,0,,,,,1,,1,60,1,0,,,nflverse snap_counts (not on desk injury list) | game day: nflverse snap_counts + weekly_rosters
2026,4,2026_04_KC_LV,401872976,KC,LV,Jaylon Moore,00-0036557,MoorJa04,,OL,OL,G/C,T,0.747,1,0.75,,,,,,,none,,,0,0.8,0,,,,,1,,1,60,1,0,,,nflverse snap_counts (not on desk injury list) | game day: nflverse snap_counts + weekly_rosters
2026,4,2026_04_KC_LV,401872976,KC,LV,Josh Simmons,00-0040116,SimmJo01,,RT,OL,T,T,0,0,0,,,,,,Back,Out,,DNP,1,1,0,OUT,1,1,0.2,0,,0,0,0,0,,,data/postmortem/locks/2026-w04-kc-lv.json | game day: nflverse snap_counts + weekly_rosters
2026,4,2026_04_KC_LV,401872976,KC,LV,Kahlil Benson,00-0041019,BensKa00,,T,OL,T,T,0.75,1,1,,,,,,,none,,,0,1,0,,,,,1,,1,60,1,0,,,nflverse snap_counts (not on desk injury list) | game day: nflverse snap_counts + weekly_rosters
2026,4,2026_04_KC_LV,401872976,KC,LV,Kingsley Suamataia,00-0039844,SuamKi00,,T,OL,T,G,1,1,1,,,,,,,none,,,0,1,0,,,,,1,,0,0,0,0,,,nflverse snap_counts (not on desk injury list) | game day: nflverse snap_counts + weekly_rosters
2026,4,2026_04_KC_LV,401872976,KC,LV,Trey Smith,00-0036660,SmitTr05,,G,OL,G/C,G,0.75,1,1,,,,,,,none,,,0,0.8,0,,,,,1,,1,60,1,0,,,nflverse snap_counts (not on desk injury list) | game day: nflverse snap_counts + weekly_rosters
2026,4,2026_04_LAC_SEA,401872977,LAC,SEA,Akheem Mesidor,00-0041544,MesiAk01,4429190,LB,F7,LB,OLB,0.372,0,0,,,,,,,none,,,0,0.7,0,,,,,1,,1,26,0.43,0,,,nflverse snap_counts (not on desk injury list) | game day: nflverse snap_counts + weekly_rosters
2026,4,2026_04_LAC_SEA,401872977,LAC,SEA,Daiyan Henley,00-0038553,HenlDa00,4241597,LB,F7,LB,ILB,0.897,1,1,,,,,,,none,,,0,0.7,0,,,,,1,,1,54,0.9,0,,,nflverse snap_counts (not on desk injury list) | game day: nflverse snap_counts + weekly_rosters
2026,4,2026_04_LAC_SEA,401872977,LAC,SEA,Dalvin Tomlinson,00-0033546,TomlDa00,2979860,IDL,F7,DL,NT,0.233,0,0,,,,,,Hamstring,Out,,DNP,0.45,0.9,0,QUESTIONABLE,1,0.35,0.09,0,,0,0,0,0,,,data/postmortem/locks/2026-w04-lac-sea.json | game day: nflverse snap_counts + weekly_rosters
2026,4,2026_04_LAC_SEA,401872977,LAC,SEA,Del'Shawn Phillips,00-0035202,PhilDe00,4240528,LB,F7,LB,ILB,0.467,0,0.25,,,,,,,none,,,0,0.7,0,,,,,1,,1,52,0.87,0,,,nflverse snap_counts (not on desk injury list) | game day: nflverse snap_counts + weekly_rosters
2026,4,2026_04_LAC_SEA,401872977,LAC,SEA,Jamaree Caldwell,00-0040144,CaldJa00,5089178,DT,F7,DL,DT,0.565,0,0.25,,,,,,,none,,,0,0.9,0,,,,,1,,1,42,0.7,0,,,nflverse snap_counts (not on desk injury list) | game day: nflverse snap_counts + weekly_rosters
2026,4,2026_04_LAC_SEA,401872977,LAC,SEA,Justin Eboigbe,00-0039835,EboiJu00,4567138,DL,F7,DL,DE,0.53,0,0.25,,,,,,,none,,FP,0,0.9,0,,,,,1,,1,42,0.7,0,,,nflverse snap_counts (not on desk injury list) | game day: nflverse snap_counts + weekly_rosters
2026,4,2026_04_LAC_SEA,401872977,LAC,SEA,Khalil Mack,00-0031040,MackKh00,16710,LB,F7,LB,OLB,0.732,1,0.75,,,,,,,none,,FP,0,0.7,0,,,,,1,,1,40,0.67,0,,,nflverse snap_counts (not on desk injury list) | game day: nflverse snap_counts + weekly_rosters
2026,4,2026_04_LAC_SEA,401872977,LAC,SEA,Teair Tart,00-0036181,TartTe00,4374269,DL,F7,DL,DT,0.487,0,0.25,,,,,,,none,,,0,0.9,0,,,,,1,,1,37,0.62,0,,,nflverse snap_counts (not on desk injury list) | game day: nflverse snap_counts + weekly_rosters
2026,4,2026_04_LAC_SEA,401872977,LAC,SEA,Tuli Tuipulotu,00-0039111,TuipTu00,4431442,LB,F7,LB,OLB,0.787,1,1,,,,,,,none,,,0,0.7,0,,,,,1,,1,51,0.85,0,,,nflverse snap_counts (not on desk injury list) | game day: nflverse snap_counts + weekly_rosters
2026,4,2026_04_LAC_SEA,401872977,LAC,SEA,Cole Strange,00-0038103,StraCo01,,OL,OL,G/C,G,0.71,1,0.75,,,,,,,none,,,0,0.8,0,,,,,1,,1,71,1,0,,,nflverse snap_counts (not on desk injury list) | game day: nflverse snap_counts + weekly_rosters
2026,4,2026_04_LAC_SEA,401872977,LAC,SEA,Jake Slaughter,00-0041392,SlauJa02,,OL,OL,G/C,G,0.75,1,1,,,,,,,none,,,0,0.8,0,,,,,1,,1,71,1,0,,,nflverse snap_counts (not on desk injury list) | game day: nflverse snap_counts + weekly_rosters
2026,4,2026_04_LAC_SEA,401872977,LAC,SEA,Joe Alt,00-0039897,AltxJo01,,T,OL,T,T,0.75,1,1,,,,,,,none,,,0,1,0,,,,,1,,1,26,0.37,1,,,nflverse snap_counts (not on desk injury list) | game day: nflverse snap_counts + weekly_rosters
2026,4,2026_04_LAC_SEA,401872977,LAC,SEA,Kayode Awosika,00-0036736,AwosKa00,,OG,OL,G/C,G,0.345,0,0,,,,,,Fibula,Out,,DNP,0.45,0.8,0,QUESTIONABLE,1,0.35,0.09,0,,0,0,0,0,,,data/postmortem/locks/2026-w04-lac-sea.json | game day: nflverse snap_counts + weekly_rosters
2026,4,2026_04_LAC_SEA,401872977,LAC,SEA,Rashawn Slater,00-0037009,SlatRa00,,T,OL,T,T,0.75,1,1,,,,,,,none,,,0,1,0,,,,,1,,1,60,0.85,0,,,nflverse snap_counts (not on desk injury list) | game day: nflverse snap_counts + weekly_rosters
2026,4,2026_04_LAC_SEA,401872977,LAC,SEA,Trevor Penning,00-0037241,PennTr00,,T,OL,T,G,0.375,0,0,,,,,,,none,,,0,1,0,,,,,1,,1,43,0.61,0,,,nflverse snap_counts (not on desk injury list) | game day: nflverse snap_counts + weekly_rosters
2026,4,2026_04_LAC_SEA,401872977,LAC,SEA,Trey Pipkins III,00-0035688,PipkTr00,,RT,OL,G/C,T,0.34,0,0,,,,,,,IR,,unknown,1,0.8,0,IR,1,1,0.25,0,,0,0,0,0,,,data/postmortem/locks/2026-w04-lac-sea.json | game day: nflverse snap_counts + weekly_rosters
2026,4,2026_04_LAC_SEA,401872977,LAC,SEA,Tyler Biadasz,00-0036376,BiadTy00,,C,OL,G/C,C,0,0,0,,,,,,,IR,,unknown,1,0.8,0,IR,1,1,0.2,0,,0,0,0,0,,,data/postmortem/locks/2026-w04-lac-sea.json | game day: nflverse snap_counts + weekly_rosters
2026,4,2026_04_LA_PHI,401872970,LAR,PHI,Braden Fiske,00-0039734,FiskBr00,4362245,DE,F7,EDGE,DT,0.57,0,0.25,,,,,,,none,,,0,0.7,0,,,,,1,,1,44,0.72,0,,,nflverse snap_counts (not on desk injury list) | game day: nflverse snap_counts + weekly_rosters
2026,4,2026_04_LA_PHI,401872970,LAR,PHI,Byron Young,00-0039137,YounBy01,4875196,LB,F7,LB,OLB,0.745,1,0.75,,,,,,,none,,DNP,0,0.7,0,,,,,1,,1,54,0.89,0,,,nflverse snap_counts (not on desk injury list) | game day: nflverse snap_counts + weekly_rosters
2026,4,2026_04_LA_PHI,401872970,LAR,PHI,Josaiah Stewart,00-0040580,StewJo03,4682983,LB,F7,LB,OLB,0.583,0,0.25,,,,,,Groin,Questionable,,DNP,0.45,0.7,0.079,,,,,1,,1,32,0.52,0,,,nflverse snap_counts (not on desk injury list) | game day: nflverse snap_counts + weekly_rosters
2026,4,2026_04_LA_PHI,401872970,LAR,PHI,Kobie Turner,00-0039138,TurnKo00,4250621,DE,F7,EDGE,DT,0.602,1,0.75,,,,,,,none,,,0,0.7,0,,,,,1,,1,48,0.79,0,,,nflverse snap_counts (not on desk injury list) | game day: nflverse snap_counts + weekly_rosters
2026,4,2026_04_LA_PHI,401872970,LAR,PHI,Myles Garrett,00-0033868,GarrMy00,3122132,EDGE1,F7,EDGE,OLB,0.155,0,0,,,,,,,IR,,unknown,1,0.7,0,IR,1,1,0.5,0,,0,0,0,0,,,data/postmortem/locks/2026-w04-lar-phi.json | game day: nflverse snap_counts + weekly_rosters
2026,4,2026_04_LA_PHI,401872970,LAR,PHI,Nate Landman,00-0037587,LandNa01,4243181,LB,F7,LB,ILB,0.925,1,1,,,,,,,Questionable,,FP,0.12,0.7,0.084,QUESTIONABLE,1,0.35,0.09,1,,1,57,0.93,0,,,data/postmortem/locks/2026-w04-lar-phi.json | game day: nflverse snap_counts + weekly_rosters
2026,4,2026_04_LA_PHI,401872970,LAR,PHI,Omar Speights,00-0039774,SpeiOm00,4428550,LB,F7,LB,ILB,0.532,0,0.25,,,,,,,none,,,0,0.7,0,,,,,1,,1,18,0.3,0,,,nflverse snap_counts (not on desk injury list) | game day: nflverse snap_counts + weekly_rosters
2026,4,2026_04_LA_PHI,401872970,LAR,PHI,Poona Ford,00-0034234,FordPo00,3125114,NT,F7,DL,NT,0.42,0,0,,,,,,,none,,FP,0,0.9,0,,,,,1,,1,26,0.43,0,,,nflverse snap_counts (not on desk injury list) | game day: nflverse snap_counts + weekly_rosters
2026,4,2026_04_LA_PHI,401872970,LAR,PHI,Tyler Davis,00-0039749,DaviTy05,4568217,DE,F7,EDGE,DT,0.405,0,0,,,,,,,none,,,0,0.7,0,,,,,1,,1,22,0.36,0,,,nflverse snap_counts (not on desk injury list) | game day: nflverse snap_counts + weekly_rosters
2026,4,2026_04_LA_PHI,401872970,LAR,PHI,Alaric Jackson,00-0036603,JackAl01,,OL,OL,G/C,T,1,1,1,,,,,,,none,,DNP,0,0.8,0,,,,,1,,1,84,1,0,,,nflverse snap_counts (not on desk injury list) | game day: nflverse snap_counts + weekly_rosters
2026,4,2026_04_LA_PHI,401872970,LAR,PHI,Coleman Shelton,00-0034114,ShelCo00,,OL,OL,G/C,C,1,1,1,,,,,,,none,,,0,0.8,0,,,,,1,,1,84,1,0,,,nflverse snap_counts (not on desk injury list) | game day: nflverse snap_counts + weekly_rosters
2026,4,2026_04_LA_PHI,401872970,LAR,PHI,Kevin Dotson,00-0036339,DotsKe00,,OL,OL,G/C,G,0.99,1,1,,,,,,,none,,,0,0.8,0,,,,,1,,1,84,1,0,,,nflverse snap_counts (not on desk injury list) | game day: nflverse snap_counts + weekly_rosters
2026,4,2026_04_LA_PHI,401872970,LAR,PHI,Steve Avila,00-0039058,AvilSt00,,OL,OL,G/C,G,1,1,1,,,,,,,none,,,0,0.8,0,,,,,1,,1,84,1,0,,,nflverse snap_counts (not on desk injury list) | game day: nflverse snap_counts + weekly_rosters
2026,4,2026_04_LA_PHI,401872970,LAR,PHI,Warren McClendon,00-0039077,McClWa00,,OL,OL,G/C,T,1,1,1,,,,,,,none,,,0,0.8,0,,,,,1,,1,84,1,0,,,nflverse snap_counts (not on desk injury list) | game day: nflverse snap_counts + weekly_rosters
2026,4,2026_04_KC_LV,401872976,LV,KC,Jonah Laulu,00-0039423,LaulJo00,4373956,DT,F7,DL,DT,0.425,0,0,,,,,,,none,,,0,0.9,0,,,,,0,,0,0,0,0,,,nflverse snap_counts (not on desk injury list) | game day: nflverse snap_counts + weekly_rosters
2026,4,2026_04_KC_LV,401872976,LV,KC,Kwity Paye,00-0036479,PayeKw00,4258194,DE,F7,EDGE,DE,0.427,0,0,,,,,,,none,,,0,0.7,0,,,,,1,,1,35,0.58,0,,,nflverse snap_counts (not on desk injury list) | game day: nflverse snap_counts + weekly_rosters
2026,4,2026_04_KC_LV,401872976,LV,KC,Malcolm Koonce,00-0036989,KoonMa00,4239719,DE,F7,EDGE,DE,0.525,0,0.25,,,,,,,none,,,0,0.7,0,,,,,1,,1,25,0.42,0,,,nflverse snap_counts (not on desk injury list) | game day: nflverse snap_counts + weekly_rosters
2026,4,2026_04_KC_LV,401872976,LV,KC,Maxx Crosby,00-0034973,CrosMa00,3916655,DE,F7,EDGE,DE,0.637,1,0.75,,,,,,,none,,,0,0.7,0,,,,,1,,1,55,0.92,0,,,nflverse snap_counts (not on desk injury list) | game day: nflverse snap_counts + weekly_rosters
2026,4,2026_04_KC_LV,401872976,LV,KC,Nakobe Dean,00-0037615,DeanNa00,4426340,LB,F7,LB,ILB,0.735,1,0.75,,,,,,,none,,,0,0.7,0,,,,,1,,1,60,1,0,,,nflverse snap_counts (not on desk injury list) | game day: nflverse snap_counts + weekly_rosters
2026,4,2026_04_KC_LV,401872976,LV,KC,Quay Walker,00-0037074,WalkQu00,4379416,LB,F7,LB,ILB,0.75,1,1,,,,,,,none,,,0,0.7,0,,,,,1,,1,60,1,0,,,nflverse snap_counts (not on desk injury list) | game day: nflverse snap_counts + weekly_rosters
2026,4,2026_04_KC_LV,401872976,LV,KC,Thomas Booker,00-0037262,BookTh00,4360749,DT,F7,DL,DT,0.433,0,0,,,,,,,none,,,0,0.9,0,,,,,1,,1,16,0.27,0,,,nflverse snap_counts (not on desk injury list) | game day: nflverse snap_counts + weekly_rosters
2026,4,2026_04_KC_LV,401872976,LV,KC,Tonka Hemingway,00-0040169,HemiTo00,4429109,DT,F7,DL,DT,0.565,0,0.25,,,,,,,none,,,0,0.9,0,,,,,1,,1,39,0.65,0,,,nflverse snap_counts (not on desk injury list) | game day: nflverse snap_counts + weekly_rosters
2026,4,2026_04_KC_LV,401872976,LV,KC,Jackson Powers-Johnson,00-0039735,PoweJa00,,OG,OL,G/C,G,0.733,1,0.75,,,,,,Groin,Out,,DNP,1,0.8,0.6,OUT,1,1,0.2,0,,0,0,0,0,,,data/postmortem/locks/2026-w04-kc-lv.json | game day: nflverse snap_counts + weekly_rosters
2026,4,2026_04_KC_LV,401872976,LV,KC,Kolton Miller,00-0034759,MillKo00,,T,OL,T,T,0.75,1,1,,,,,,,none,,,0,1,0,,,,,1,,1,84,1,0,,,nflverse snap_counts (not on desk injury list) | game day: nflverse snap_counts + weekly_rosters
2026,4,2026_04_KC_LV,401872976,LV,KC,Spencer Burford,00-0037829,BurfSp00,,OL,OL,G/C,G,0.75,1,1,,,,,,,none,,,0,0.8,0,,,,,1,,1,84,1,0,,,nflverse snap_counts (not on desk injury list) | game day: nflverse snap_counts + weekly_rosters
2026,4,2026_04_KC_LV,401872976,LV,KC,Tyler Linderbaum,00-0037825,LindTy00,,C,OL,G/C,C,0.75,1,1,,,,,,,none,,,0,0.8,0,,,,,1,,1,84,1,0,,,nflverse snap_counts (not on desk injury list) | game day: nflverse snap_counts + weekly_rosters
2026,4,2026_04_MIA_MIN,401872974,MIA,MIN,Chop Robinson,00-0039911,RobiCh00,4431586,LB,F7,LB,OLB,0.333,0,0,,,,,,,none,,FP,0,0.7,0,,,,,1,,1,50,0.64,0,,,nflverse snap_counts (not on desk injury list) | game day: nflverse snap_counts + weekly_rosters
2026,4,2026_04_MIA_MIN,401872974,MIA,MIN,Jacob Rodriguez,00-0041522,RodrJa00,4566094,LB,F7,LB,MLB,0.73,1,0.75,,,,,,,none,,,0,0.7,0,,,,,1,,1,78,1,0,,,nflverse snap_counts (not on desk injury list) | game day: nflverse snap_counts + weekly_rosters
2026,4,2026_04_MIA_MIN,401872974,MIA,MIN,Jordan Phillips,00-0040175,PhilJo02,4837188,DT,F7,DL,DT,0.627,1,0.75,,,,,,,none,,,0,0.9,0,,,,,1,,1,46,0.59,0,,,nflverse snap_counts (not on desk injury list) | game day: nflverse snap_counts + weekly_rosters
2026,4,2026_04_MIA_MIN,401872974,MIA,MIN,Jordyn Brooks,00-0036409,BrooJo01,4043130,LB,F7,LB,OLB,0.88,1,1,,,,,,,none,,,0,0.7,0,,,,,1,,1,78,1,0,,,nflverse snap_counts (not on desk injury list) | game day: nflverse snap_counts + weekly_rosters
2026,4,2026_04_MIA_MIN,401872974,MIA,MIN,Joshua Uche,00-0036159,UcheJo00,4046528,LB,F7,LB,OLB,0.435,0,0,,,,,,,none,,FP,0,0.7,0,,,,,1,,1,55,0.71,0,,,nflverse snap_counts (not on desk injury list) | game day: nflverse snap_counts + weekly_rosters
2026,4,2026_04_MIA_MIN,401872974,MIA,MIN,Kenneth Grant,00-0040127,GranKe01,4894654,IDL,F7,DL,DT,0.172,0,0,,,,,,,IR,,unknown,1,0.9,0,IR,1,1,0.2,0,,0,0,0,0,,,data/postmortem/locks/2026-w04-mia-min.json | game day: nflverse snap_counts + weekly_rosters
2026,4,2026_04_MIA_MIN,401872974,MIA,MIN,Kyle Louis,00-0041527,LouiKy00,4880273,LB,F7,EDGE,OLB,0.01,0,0,,,,,,,IR,,unknown,1,0.7,0,IR,1,1,0.25,0,,0,0,0,0,,,data/postmortem/locks/2026-w04-mia-min.json | game day: nflverse snap_counts + weekly_rosters
2026,4,2026_04_MIA_MIN,401872974,MIA,MIN,Malik Herring,00-0036682,HerrMa02,4259547,DE,F7,EDGE,DE,0.32,0,0,,,,,,,none,,,0,0.7,0,,,,,1,,1,28,0.36,0,,,nflverse snap_counts (not on desk injury list) | game day: nflverse snap_counts + weekly_rosters
2026,4,2026_04_MIA_MIN,401872974,MIA,MIN,Robert Beal Jr.,,BealRo00,,EDGE1,F7,DL,,0.147,0,0,,,,,,,Out,,unknown,1,0.9,0,OUT,1,1,0.25,,,0,0,0,0,,,data/postmortem/locks/2026-w04-mia-min.json | game day: nflverse snap_counts + weekly_rosters
2026,4,2026_04_MIA_MIN,401872974,MIA,MIN,Ronnie Harrison Jr.,00-0034779,HarrRo02,3859006,LB,F7,LB,OLB,0,0,0,,,,,,,IR,,unknown,1,0.7,0,IR,1,1,0.2,0,,0,0,0,0,,,data/postmortem/locks/2026-w04-mia-min.json | game day: nflverse snap_counts + weekly_rosters
2026,4,2026_04_MIA_MIN,401872974,MIA,MIN,Willie Gay Jr.,00-0036362,GayJWi00,4259804,LB,F7,LB,OLB,0.495,0,0.25,,,,,,,none,,,0,0.7,0,,,,,1,,1,27,0.35,0,,,nflverse snap_counts (not on desk injury list) | game day: nflverse snap_counts + weekly_rosters
2026,4,2026_04_MIA_MIN,401872974,MIA,MIN,Zach Sieler,00-0034285,SielZa00,3057956,DT,F7,DL,DT,0.713,1,0.75,,,,,,,none,,,0,0.9,0,,,,,1,,1,61,0.78,0,,,nflverse snap_counts (not on desk injury list) | game day: nflverse snap_counts + weekly_rosters
2026,4,2026_04_MIA_MIN,401872974,MIA,MIN,Zeek Biggers,00-0040248,BiggZe01,4683276,DT,F7,DL,DT,0.547,0,0.25,,,,,,,none,,FP,0,0.9,0,,,,,1,,1,48,0.62,0,,,nflverse snap_counts (not on desk injury list) | game day: nflverse snap_counts + weekly_rosters
2026,4,2026_04_MIA_MIN,401872974,MIA,MIN,Aaron Brewer,00-0036171,BrewAa01,,OL,OL,G/C,C,1,1,1,,,,,,,none,,FP,0,0.8,0,,,,,1,,1,39,1,0,,,nflverse snap_counts (not on desk injury list) | game day: nflverse snap_counts + weekly_rosters
2026,4,2026_04_MIA_MIN,401872974,MIA,MIN,Austin Jackson,00-0036248,JackAu00,,OL,OL,G/C,T,0.75,1,1,,,,,,,none,,,0,0.8,0,,,,,1,,1,39,1,0,,,nflverse snap_counts (not on desk injury list) | game day: nflverse snap_counts + weekly_rosters
2026,4,2026_04_MIA_MIN,401872974,MIA,MIN,Jonah Savaiinaea,00-0040742,SavaJo00,,OL,OL,G/C,G,1,1,1,,,,,,,none,,,0,0.8,0,,,,,1,,1,39,1,0,,,nflverse snap_counts (not on desk injury list) | game day: nflverse snap_counts + weekly_rosters
2026,4,2026_04_MIA_MIN,401872974,MIA,MIN,Kadyn Proctor,00-0041521,ProcKa00,,G,OL,G/C,T,0.75,1,1,,,,,,,none,,,0,0.8,0,,,,,1,,1,39,1,0,,,nflverse snap_counts (not on desk injury list) | game day: nflverse snap_counts + weekly_rosters
2026,4,2026_04_MIA_MIN,401872974,MIA,MIN,Patrick Paul,00-0039899,PaulPa01,,T,OL,T,T,1,1,1,,,,,,,none,,,0,1,0,,,,,1,,1,39,1,0,,,nflverse snap_counts (not on desk injury list) | game day: nflverse snap_counts + weekly_rosters
2026,4,2026_04_MIA_MIN,401872974,MIN,MIA,Andrew Van Ginkel,00-0035272,VanGAn00,3133487,LB,F7,LB,OLB,0.8,1,1,,,,,,,none,,,0,0.7,0,,,,,1,,1,33,0.85,0,,,nflverse snap_counts (not on desk injury list) | game day: nflverse snap_counts + weekly_rosters
2026,4,2026_04_MIA_MIN,401872974,MIN,MIA,Blake Cashman,00-0035276,CashBl00,3728281,LB,F7,LB,ILB,0.925,1,1,,,,,,,none,,FP,0,0.7,0,,,,,1,,1,38,0.97,0,,,nflverse snap_counts (not on desk injury list) | game day: nflverse snap_counts + weekly_rosters
2026,4,2026_04_MIA_MIN,401872974,MIN,MIA,Dallas Turner,00-0039924,TurnDa01,4565190,LB,F7,LB,OLB,0.815,1,1,,,,,,,none,,,0,0.7,0,,,,,1,,1,33,0.85,0,,,nflverse snap_counts (not on desk injury list) | game day: nflverse snap_counts + weekly_rosters
2026,4,2026_04_MIA_MIN,401872974,MIN,MIA,Eric Wilson,00-0033336,WilsEr00,3056916,LB,F7,LB,ILB,0.93,1,1,,,,,,,none,,,0,0.7,0,,,,,1,,1,36,0.92,0,,,nflverse snap_counts (not on desk injury list) | game day: nflverse snap_counts + weekly_rosters
2026,4,2026_04_MIA_MIN,401872974,MIN,MIA,Jalen Redmond,00-0038778,RedmJa01,4360277,DL,F7,DL,DE,0.733,1,0.75,,,,,,,none,,,0,0.9,0,,,,,1,,1,31,0.79,0,,,nflverse snap_counts (not on desk injury list) | game day: nflverse snap_counts + weekly_rosters
2026,4,2026_04_MIA_MIN,401872974,MIN,MIA,Levi Drake Rodriguez,00-0039421,RodrLe00,5093973,DL,F7,DL,NT,0.573,0,0.25,,,,,,,none,,,0,0.9,0,,,,,1,,1,20,0.51,0,,,nflverse snap_counts (not on desk injury list) | game day: nflverse snap_counts + weekly_rosters
2026,4,2026_04_MIA_MIN,401872974,MIN,MIA,Tyrion Ingram-Dawkins,00-0040173,IngrTy00,4629149,DL,F7,DL,DE,0.467,0,0.25,,,,,,,none,,,0,0.9,0,,,,,1,,1,18,0.46,0,,,nflverse snap_counts (not on desk injury list) | game day: nflverse snap_counts + weekly_rosters
2026,4,2026_04_MIA_MIN,401872974,MIN,MIA,Blake Brandel,00-0036347,BranBl00,,G,OL,G/C,C,0.782,1,1,,,,,,,none,,,0,0.8,0,,,,,1,,1,78,1,0,,,nflverse snap_counts (not on desk injury list) | game day: nflverse snap_counts + weekly_rosters
2026,4,2026_04_MIA_MIN,401872974,MIN,MIA,Brian O'Neill,00-0034158,ONeiBr00,,T,OL,T,T,0.968,1,1,,,,,,,none,,,0,1,0,,,,,1,,1,78,1,0,,,nflverse snap_counts (not on desk injury list) | game day: nflverse snap_counts + weekly_rosters
2026,4,2026_04_MIA_MIN,401872974,MIN,MIA,Christian Darrisaw,00-0036616,DarrCh00,,T,OL,T,T,0.75,1,1,,,,,,,none,,DNP,0,1,0,,,,,1,,1,42,0.54,0,,,nflverse snap_counts (not on desk injury list) | game day: nflverse snap_counts + weekly_rosters
2026,4,2026_04_MIA_MIN,401872974,MIN,MIA,Donovan Jackson,00-0040661,JackDo03,,OL,OL,G/C,G,1,1,1,,,,,,,none,,,0,0.8,0,,,,,1,,1,7,0.09,1,,,nflverse snap_counts (not on desk injury list) | game day: nflverse snap_counts + weekly_rosters
2026,4,2026_04_MIA_MIN,401872974,MIN,MIA,Nick Samac,00-0039237,SamaNi00,,C,OL,G/C,C,0,0,0,,,,,,,IR,,unknown,1,0.8,0,IR,1,1,0.25,0,,0,0,0,0,,,data/postmortem/locks/2026-w04-mia-min.json | game day: nflverse snap_counts + weekly_rosters
2026,4,2026_04_MIA_MIN,401872974,MIN,MIA,Will Fries,00-0036483,FrieWi00,,G,OL,G/C,G,1,1,1,,,,,,,none,,,0,0.8,0,,,,,1,,1,78,1,0,,,nflverse snap_counts (not on desk injury list) | game day: nflverse snap_counts + weekly_rosters
2026,4,2026_04_NE_BUF,401872971,NE,BUF,Christian Barmore,00-0036981,BarmCh00,4372030,IDL,F7,DL,DT,0.568,0,0.25,,,,,,Shoulder,Out,,DNP,1,0.9,0.225,OUT,1,1,0.2,0,,0,0,0,0,,,data/postmortem/locks/2026-w04-ne-buf.json | game day: nflverse snap_counts + weekly_rosters
2026,4,2026_04_NE_BUF,401872971,NE,BUF,Christian Elliss,00-0036813,ElliCh00,4245273,LB,F7,LB,ILB,0.84,1,1,,,,,,Chest,Questionable,,LP,0.24,0.7,0.168,,,,,1,,1,59,1,0,,,nflverse snap_counts (not on desk injury list) | game day: nflverse snap_counts + weekly_rosters
2026,4,2026_04_NE_BUF,401872971,NE,BUF,Cory Durden,00-0038653,DurdCo00,4240042,DL,F7,DL,DT,0.525,0,0.25,,,,,,,none,,,0,0.9,0,,,,,1,,1,34,0.58,0,,,nflverse snap_counts (not on desk injury list) | game day: nflverse snap_counts + weekly_rosters
2026,4,2026_04_NE_BUF,401872971,NE,BUF,Dre'Mont Jones,00-0035678,JoneDr00,3915525,EDGE1,F7,LB,OLB,0.275,0,0,,,,,,Shoulder,Questionable,,LP,0.24,0.7,0,QUESTIONABLE,1,0.35,0.07,1,,1,44,0.75,0,,,data/postmortem/locks/2026-w04-ne-buf.json | game day: nflverse snap_counts + weekly_rosters
2026,4,2026_04_NE_BUF,401872971,NE,BUF,Elijah Ponder,00-0040574,PondEl02,4688432,LB,F7,LB,OLB,0.665,1,0.75,,,,,,,none,,,0,0.7,0,,,,,1,,1,41,0.69,0,,,nflverse snap_counts (not on desk injury list) | game day: nflverse snap_counts + weekly_rosters
2026,4,2026_04_NE_BUF,401872971,NE,BUF,Gabe Jacas,00-0041569,JacaGa00,4837244,LB,F7,LB,OLB,0.468,0,0.25,,,,,,,none,,,0,0.7,0,,,,,1,,1,25,0.42,0,,,nflverse snap_counts (not on desk injury list) | game day: nflverse snap_counts + weekly_rosters
2026,4,2026_04_NE_BUF,401872971,NE,BUF,Harold Landry,00-0034828,LandHa00,3122793,EDGE1,F7,LB,OLB,0.048,0,0,,,,,,,Pup,,unknown,1,0.7,0,PUP,1,1,0.25,0,,0,0,0,0,,,data/postmortem/locks/2026-w04-ne-buf.json | game day: nflverse snap_counts + weekly_rosters
2026,4,2026_04_NE_BUF,401872971,NE,BUF,Milton Williams,00-0036916,WillMi08,4239699,DT,F7,DL,DT,0.66,1,0.75,,,,,,,none,,,0,0.9,0,,,,,1,,1,46,0.78,0,,,nflverse snap_counts (not on desk injury list) | game day: nflverse snap_counts + weekly_rosters
2026,4,2026_04_NE_BUF,401872971,NE,BUF,Quintayvious Hutchins,00-0041402,HutcQu00,4698181,LB,F7,LB,OLB,0.058,0,0,,,,,,,IR,,unknown,1,0.7,0,IR,1,1,0.25,0,,0,0,0,0,,,data/postmortem/locks/2026-w04-ne-buf.json | game day: nflverse snap_counts + weekly_rosters
2026,4,2026_04_NE_BUF,401872971,NE,BUF,Robert Spillane,00-0034720,SpilRo00,3129446,LB,F7,LB,ILB,0.988,1,1,,,,,,,none,,,0,0.7,0,,,,,1,,1,59,1,0,,,nflverse snap_counts (not on desk injury list) | game day: nflverse snap_counts + weekly_rosters
2026,4,2026_04_NE_BUF,401872971,NE,BUF,Alijah Vera-Tucker,00-0036979,VeraAl00,,G,OL,G/C,G,0.75,1,1,,,,,,,none,,,0,0.8,0,,,,,1,,1,76,1,0,,,nflverse snap_counts (not on desk injury list) | game day: nflverse snap_counts + weekly_rosters
2026,4,2026_04_NE_BUF,401872971,NE,BUF,Greg Van Roten,00-0029685,VanRGr00,,OG,OL,G/C,G,0.278,0,0,,,,,,,IR,,unknown,1,0.8,0,IR,1,1,0.2,0,,0,0,0,0,,,data/postmortem/locks/2026-w04-ne-buf.json | game day: nflverse snap_counts + weekly_rosters
2026,4,2026_04_NE_BUF,401872971,NE,BUF,Jared Wilson,00-0040147,WilsJa02,,OL,OL,G/C,C,0.953,1,1,,,,,,,none,,,0,0.8,0,,,,,1,,1,76,1,0,,,nflverse snap_counts (not on desk injury list) | game day: nflverse snap_counts + weekly_rosters
2026,4,2026_04_NE_BUF,401872971,NE,BUF,Mike Onwenu,00-0036198,OnweMi00,,RT,OL,G/C,G,0.568,0,0.25,,,,,,,IR,,unknown,1,0.8,0.2,IR,1,1,0.25,0,,0,0,0,0,,,data/postmortem/locks/2026-w04-ne-buf.json | game day: nflverse snap_counts + weekly_rosters
2026,4,2026_04_NE_BUF,401872971,NE,BUF,Morgan Moses,00-0031330,MoseMo00,,T,OL,T,T,0.903,1,1,,,,,,Foot,Questionable,,LP,0.24,1,0.24,,,,,1,,1,76,1,0,,,nflverse snap_counts (not on desk injury list) | game day: nflverse snap_counts + weekly_rosters
2026,4,2026_04_NE_BUF,401872971,NE,BUF,Will Campbell,00-0040699,CampWi01,,T,OL,T,T,1,1,1,,,,,,,none,,,0,1,0,,,,,1,,1,76,1,0,,,nflverse snap_counts (not on desk injury list) | game day: nflverse snap_counts + weekly_rosters
2026,4,2026_04_ATL_NO,401872979,NO,ATL,Anfernee Jennings,00-0036193,JennAn00,3925350,LB,F7,LB,OLB,0.195,0,0,,DNP,DNP,DNP,,Knee,Out,,DNP,1,0.7,0,OUT,1,1,0.2,0,0,,,,,,Thu/Fri/Sat from the official Saints report (tape notes). Snaps not published by nflverse yet; active/started from the ESPN game roster. Thu/Fri/Sat from the official Saints report (tape notes). Snaps not published by nflverse yet; active/started from the ESPN game roster.,local lock (not in repo): 2026-w04-atl-no.json
2026,4,2026_04_ATL_NO,401872979,NO,ATL,Bryan Bresee,00-0038995,BresBr00,4428988,IDL,F7,DL,DT,0,0,0,,,,,,,IR,,unknown,1,0.9,0,IR,1,1,0.2,0,,,,,,,Snaps not published by nflverse yet; active/started from the ESPN game roster. Snaps not published by nflverse yet; active/started from the ESPN game roster.,local lock (not in repo): 2026-w04-atl-no.json
2026,4,2026_04_ATL_NO,401872979,NO,ATL,Cameron Jordan,00-0027962,JordCa00,13971,DE,F7,EDGE,OLB,0.407,0,0,,,,,,,none,,,0,0.7,0,,,,,1,1,,,,,,Snaps not published by nflverse yet; active/started from the ESPN game roster. Snaps not published by nflverse yet; active/started from the ESPN game roster.,nflverse snap_counts (not on desk injury list)
2026,4,2026_04_ATL_NO,401872979,NO,ATL,Carl Granderson,00-0035402,GranCa01,3918310,EDGE1,F7,EDGE,OLB,0.665,1,0.75,,DNP,DNP,DNP,,Ankle,Out,,DNP,1,0.7,0.525,OUT,1,1,0.2,0,0,,,,,,Thu/Fri/Sat from the official Saints report (tape notes). Snaps not published by nflverse yet; active/started from the ESPN game roster. Thu/Fri/Sat from the official Saints report (tape notes). Snaps not published by nflverse yet; active/started from the ESPN game roster.,local lock (not in repo): 2026-w04-atl-no.json
2026,4,2026_04_ATL_NO,401872979,NO,ATL,Chase Young,00-0036321,YounCh04,4241986,DE,F7,EDGE,OLB,0.748,1,0.75,,,,,,,none,,,0,0.7,0,,,,,1,1,,,,,,Snaps not published by nflverse yet; active/started from the ESPN game roster. Snaps not published by nflverse yet; active/started from the ESPN game roster.,nflverse snap_counts (not on desk injury list)
2026,4,2026_04_ATL_NO,401872979,NO,ATL,Danny Stutsman,00-0040155,StutDa00,4683215,LB,F7,LB,ILB,0.375,0,0,,,,,,,none,,,0,0.7,0,,,,,1,1,,,,,,Snaps not published by nflverse yet; active/started from the ESPN game roster. Snaps not published by nflverse yet; active/started from the ESPN game roster.,nflverse snap_counts (not on desk injury list)
2026,4,2026_04_ATL_NO,401872979,NO,ATL,Davon Godchaux,00-0033860,GodcDa00,3115383,DT,F7,DL,NT,0.328,0,0,,,DNP,FP,,,none,,FP,0,0.9,0,,,,,1,1,,,,1,Q4,"Thu/Fri/Sat from the official Saints report (tape notes). Snaps not published by nflverse yet; active/started from the ESPN game roster. Started, left in Q4 (groin). Tape notes. Thu/Fri/Sat from the official Saints report (tape notes). Snaps not published by nflverse yet; active/started from the ESPN game roster. Started, left in Q4 (groin). Tape notes.",nflverse snap_counts (not on desk injury list)
2026,4,2026_04_ATL_NO,401872979,NO,ATL,Kaden Elliss,00-0035316,ElliKa00,3124890,LB,F7,LB,ILB,0.75,1,1,,DNP,DNP,DNP,,Calf,Out,,DNP,1,0.7,0.7,OUT,1,1,0.25,0,0,,,,,,Thu/Fri/Sat from the official Saints report (tape notes). Snaps not published by nflverse yet; active/started from the ESPN game roster. Thu/Fri/Sat from the official Saints report (tape notes). Snaps not published by nflverse yet; active/started from the ESPN game roster.,local lock (not in repo): 2026-w04-atl-no.json
2026,4,2026_04_ATL_NO,401872979,NO,ATL,Nathan Shepherd,00-0034760,ShepNa00,4076951,DT,F7,DL,DT,0.517,0,0.25,,,,,,,none,,DNP,0,0.9,0,,,,,1,1,,,,,,Snaps not published by nflverse yet; active/started from the ESPN game roster. Snaps not published by nflverse yet; active/started from the ESPN game roster.,nflverse snap_counts (not on desk injury list)
2026,4,2026_04_ATL_NO,401872979,NO,ATL,Pete Werner,00-0036927,WernPe00,4241993,LB,F7,LB,ILB,0.55,0,0.25,,DNP,DNP,DNP,,Shoulder,Questionable,,DNP,0.45,0.7,0.079,QUESTIONABLE,1,0.35,0.09,1,0,,,,,,Thu/Fri/Sat from the official Saints report (tape notes). Snaps not published by nflverse yet; active/started from the ESPN game roster. Thu/Fri/Sat from the official Saints report (tape notes). Snaps not published by nflverse yet; active/started from the ESPN game roster.,local lock (not in repo): 2026-w04-atl-no.json
2026,4,2026_04_ATL_NO,401872979,NO,ATL,Vernon Broughton,00-0040642,BrouVe00,4429040,DL,F7,DL,DT,0.455,0,0.25,,,,,,,none,,,0,0.9,0,,,,,1,1,,,,,,Snaps not published by nflverse yet; active/started from the ESPN game roster. Snaps not published by nflverse yet; active/started from the ESPN game roster.,nflverse snap_counts (not on desk injury list)
2026,4,2026_04_ATL_NO,401872979,NO,ATL,Asim Richards,00-0038601,RichAs00,,OL,OL,G/C,T,0.557,0,0.25,,,,,,,none,,,0,0.8,0,,,,,1,1,,,,,,Snaps not published by nflverse yet; active/started from the ESPN game roster. Snaps not published by nflverse yet; active/started from the ESPN game roster.,nflverse snap_counts (not on desk injury list)
2026,4,2026_04_ATL_NO,401872979,NO,ATL,Cesar Ruiz,00-0036408,RuizCe00,,C,OL,G/C,G,1,1,1,,,,,,,none,,,0,0.8,0,,,,,1,1,,,,,,Snaps not published by nflverse yet; active/started from the ESPN game roster. Snaps not published by nflverse yet; active/started from the ESPN game roster.,nflverse snap_counts (not on desk injury list)
2026,4,2026_04_ATL_NO,401872979,NO,ATL,David Edwards,00-0035668,EdwaDa01,,G,OL,G/C,G,0.75,1,1,,,,,,,none,,,0,0.8,0,,,,,1,1,,,,,,Snaps not published by nflverse yet; active/started from the ESPN game roster. Snaps not published by nflverse yet; active/started from the ESPN game roster.,nflverse snap_counts (not on desk injury list)
2026,4,2026_04_ATL_NO,401872979,NO,ATL,Erik McCoy,00-0035242,McCoEr01,,C,OL,G/C,C,0.75,1,1,,,,,,,none,,,0,0.8,0,,,,,1,1,,,,,,Snaps not published by nflverse yet; active/started from the ESPN game roster. Snaps not published by nflverse yet; active/started from the ESPN game roster.,nflverse snap_counts (not on desk injury list)
2026,4,2026_04_ATL_NO,401872979,NO,ATL,Kelvin Banks Jr.,00-0040125,BankKe01,,RT,OL,T,T,0.45,0,0.25,,,,,,,IR,,unknown,1,1,0.25,IR,1,1,0.2,0,,,,,,,Snaps not published by nflverse yet; active/started from the ESPN game roster. Snaps not published by nflverse yet; active/started from the ESPN game roster.,local lock (not in repo): 2026-w04-atl-no.json
2026,4,2026_04_ATL_NO,401872979,NO,ATL,Taliese Fuaga,00-0039339,FuagTa00,,T,OL,T,T,1,1,1,,,,,,,none,,,0,1,0,,,,,1,1,,,,,,Snaps not published by nflverse yet; active/started from the ESPN game roster. Snaps not published by nflverse yet; active/started from the ESPN game roster.,nflverse snap_counts (not on desk injury list)
2026,4,2026_04_ARI_NYG,401872966,NYG,ARI,Abdul Carter,00-0040677,CartAb00,4725996,LB,F7,LB,OLB,0.93,1,1,,,,,,,none,,,0,0.7,0,,,,,1,,1,64,0.97,0,,,nflverse snap_counts (not on desk injury list) | game day: nflverse snap_counts + weekly_rosters
2026,4,2026_04_ARI_NYG,401872966,NYG,ARI,Arvell Reese,00-0041509,ReesAr00,4950400,LB,F7,LB,ILB,0.738,1,0.75,,,,,,,none,,,0,0.7,0,,,,,1,,1,66,1,0,,,nflverse snap_counts (not on desk injury list) | game day: nflverse snap_counts + weekly_rosters
2026,4,2026_04_ARI_NYG,401872966,NYG,ARI,Brian Burns,00-0035713,BurnBr00,4035631,LB,F7,LB,OLB,0.645,1,0.75,,,,,,,IR,,unknown,1,0.7,0.525,IR,1,1,0.5,0,,0,0,0,0,,,data/postmortem/locks/2026-w04-ari-nyg.json | game day: nflverse snap_counts + weekly_rosters
2026,4,2026_04_ARI_NYG,401872966,NYG,ARI,Chauncey Golston,00-0036982,GolsCh00,4036132,DL,F7,DL,DE,0.517,0,0.25,,,,,,,none,,,0,0.9,0,,,,,1,,1,25,0.38,0,,,nflverse snap_counts (not on desk injury list) | game day: nflverse snap_counts + weekly_rosters
2026,4,2026_04_ARI_NYG,401872966,NYG,ARI,D.J. Reader,00-0032424,ReadD.00,2977670,DL,F7,DL,NT,0.375,0,0,,,,,,,none,,,0,0.9,0,,,,,1,,1,42,0.64,0,,,nflverse snap_counts (not on desk injury list) | game day: nflverse snap_counts + weekly_rosters
2026,4,2026_04_ARI_NYG,401872966,NYG,ARI,Darius Alexander,00-0040694,AlexDa01,4426542,DL,F7,DL,DT,0.373,0,0,,,,,,,none,,,0,0.9,0,,,,,1,,1,36,0.55,0,,,nflverse snap_counts (not on desk injury list) | game day: nflverse snap_counts + weekly_rosters
2026,4,2026_04_ARI_NYG,401872966,NYG,ARI,Kayvon Thibodeaux,00-0037611,ThibKa00,4426326,LB,F7,LB,OLB,0.415,0,0,,,,,,,none,,,0,0.7,0,,,,,1,,1,63,0.95,0,,,nflverse snap_counts (not on desk injury list) | game day: nflverse snap_counts + weekly_rosters
2026,4,2026_04_ARI_NYG,401872966,NYG,ARI,Shelby Harris,00-0031270,HarrSh00,16837,DT,F7,DL,DT,0.337,0,0,,,,,,,none,,,0,0.9,0,,,,,1,,1,37,0.56,0,,,nflverse snap_counts (not on desk injury list) | game day: nflverse snap_counts + weekly_rosters
2026,4,2026_04_ARI_NYG,401872966,NYG,ARI,Tremaine Edmunds,00-0034673,EdmuTr01,3929950,LB,F7,LB,ILB,0.75,1,1,,,,,,,none,,,0,0.7,0,,,,,1,,1,66,1,0,,,nflverse snap_counts (not on desk injury list) | game day: nflverse snap_counts + weekly_rosters
2026,4,2026_04_ARI_NYG,401872966,NYG,ARI,Andrew Thomas,00-0036386,ThomAn02,,RT,OL,T,T,0.75,1,1,,,,,,,Questionable,,LP,0.24,1,0.24,QUESTIONABLE,1,0.35,0.09,1,,1,67,1,0,,,data/postmortem/locks/2026-w04-ari-nyg.json | game day: nflverse snap_counts + weekly_rosters
2026,4,2026_04_ARI_NYG,401872966,NYG,ARI,Francis Mauigoa,00-0041505,MauiFr01,,OL,OL,G/C,T,0.75,1,1,,,,,,,none,,,0,0.8,0,,,,,1,,1,67,1,0,,,nflverse snap_counts (not on desk injury list) | game day: nflverse snap_counts + weekly_rosters
2026,4,2026_04_ARI_NYG,401872966,NYG,ARI,Jermaine Eluemunor,00-0033290,ElueJe00,,OL,OL,G/C,T,0.998,1,1,,,,,,,none,,,0,0.8,0,,,,,1,,1,67,1,0,,,nflverse snap_counts (not on desk injury list) | game day: nflverse snap_counts + weekly_rosters
2026,4,2026_04_ARI_NYG,401872966,NYG,ARI,John Michael Schmitz,00-0039019,MichJo00,,C,OL,G/C,C,0.75,1,1,,,,,,,none,,DNP,0,0.8,0,,,,,1,,0,0,0,0,,,nflverse snap_counts (not on desk injury list) | game day: nflverse snap_counts + weekly_rosters
2026,4,2026_04_ARI_NYG,401872966,NYG,ARI,Jon Runyan Jr.,00-0036246,RunyJo00,,G,OL,G/C,G,1,1,1,,,,,,,none,,,0,0.8,0,,,,,1,,1,67,1,0,,,nflverse snap_counts (not on desk injury list) | game day: nflverse snap_counts + weekly_rosters
2026,4,2026_04_NYJ_CHI,401872972,NYJ,CHI,Braiden McGregor,00-0039284,McGrBr00,4429005,DE,F7,EDGE,OLB,0.315,0,0,,,,,,,none,,,0,0.7,0,,,,,1,,1,7,0.08,0,,,nflverse snap_counts (not on desk injury list) | game day: nflverse snap_counts + weekly_rosters
2026,4,2026_04_NYJ_CHI,401872972,NYJ,CHI,David Bailey,00-0041026,BailDa02,4685248,DE,F7,EDGE,OLB,0.527,0,0.25,,,,,,,none,,,0,0.7,0,,,,,1,,1,73,0.78,0,,,nflverse snap_counts (not on desk injury list) | game day: nflverse snap_counts + weekly_rosters
2026,4,2026_04_NYJ_CHI,401872972,NYJ,CHI,David Onyemata,00-0033051,OnyeDa00,4002046,IDL,F7,DL,DT,0.23,0,0,,,,,,,IR,,unknown,1,0.9,0,IR,1,1,0.2,0,,0,0,0,0,,,data/postmortem/locks/2026-w04-nyj-chi.json | game day: nflverse snap_counts + weekly_rosters
2026,4,2026_04_NYJ_CHI,401872972,NYJ,CHI,Demario Davis,00-0029607,DaviDe00,14958,LB,F7,LB,ILB,0.75,1,1,,,,,,,none,,,0,0.7,0,,,,,1,,1,93,1,0,,,nflverse snap_counts (not on desk injury list) | game day: nflverse snap_counts + weekly_rosters
2026,4,2026_04_NYJ_CHI,401872972,NYJ,CHI,Harrison Phillips,00-0034782,PhilHa00,3117255,DL,F7,DL,DT,0.61,1,0.75,,,,,,,none,,,0,0.9,0,,,,,1,,1,52,0.56,0,,,nflverse snap_counts (not on desk injury list) | game day: nflverse snap_counts + weekly_rosters
2026,4,2026_04_NYJ_CHI,401872972,NYJ,CHI,Jamien Sherwood,00-0036500,SherJa00,4361331,LB,F7,LB,ILB,0.96,1,1,,,,,,,none,,,0,0.7,0,,,,,1,,1,87,0.94,0,,,nflverse snap_counts (not on desk injury list) | game day: nflverse snap_counts + weekly_rosters
2026,4,2026_04_NYJ_CHI,401872972,NYJ,CHI,Jowon Briggs,00-0039431,BrigJo00,4426676,DL,F7,DL,DT,0.54,0,0.25,,,,,,,none,,,0,0.9,0,,,,,1,,1,56,0.6,0,,,nflverse snap_counts (not on desk injury list) | game day: nflverse snap_counts + weekly_rosters
2026,4,2026_04_NYJ_CHI,401872972,NYJ,CHI,Kiko Mauigoa,,,,LB,F7,LB,,,0,0,,,,,,,Out,,unknown,1,0.7,0,OUT,1,1,0.25,,,0,0,0,0,,,data/postmortem/locks/2026-w04-nyj-chi.json | game day: nflverse snap_counts + weekly_rosters
2026,4,2026_04_NYJ_CHI,401872972,NYJ,CHI,Kingsley Enagbare,00-0037083,EnagKi00,4362840,LB,F7,DL,OLB,0.48,0,0.25,,,,,,Knee,Questionable,,LP,0.24,0.9,0.054,QUESTIONABLE,1,0.35,0.07,0,,0,0,0,0,,,data/postmortem/locks/2026-w04-nyj-chi.json | game day: nflverse snap_counts + weekly_rosters
2026,4,2026_04_NYJ_CHI,401872972,NYJ,CHI,Marcelino McCrary-Ball,00-0037526,McCrMa01,4045299,LB,F7,LB,ILB,0.025,0,0,,,,,,,IR,,unknown,1,0.7,0,IR,1,1,0.25,0,,0,0,0,0,,,data/postmortem/locks/2026-w04-nyj-chi.json | game day: nflverse snap_counts + weekly_rosters
2026,4,2026_04_NYJ_CHI,401872972,NYJ,CHI,T'Vondre Sweat,00-0039886,SweaTV01,4428617,NT,F7,DL,DT,0.358,0,0,,,,,,,none,,,0,0.9,0,,,,,1,,1,46,0.49,0,,,nflverse snap_counts (not on desk injury list) | game day: nflverse snap_counts + weekly_rosters
2026,4,2026_04_NYJ_CHI,401872972,NYJ,CHI,Will McDonald,00-0039142,McDoWi00,4361767,DE,F7,EDGE,OLB,0.315,0,0,,,,,,,none,,,0,0.7,0,,,,,1,,1,66,0.71,0,,,nflverse snap_counts (not on desk injury list) | game day: nflverse snap_counts + weekly_rosters
2026,4,2026_04_NYJ_CHI,401872972,NYJ,CHI,Armand Membou,00-0040123,MembAr00,,T,OL,T,T,1,1,1,,,,,,,none,,,0,1,0,,,,,1,,1,31,0.97,0,,,nflverse snap_counts (not on desk injury list) | game day: nflverse snap_counts + weekly_rosters
2026,4,2026_04_NYJ_CHI,401872972,NYJ,CHI,Dylan Parham,00-0037255,ParhDy00,,OG,OL,G/C,G,0.645,1,0.75,,,,,,Knee,Out,,DNP,1,0.8,0.6,OUT,1,1,0.2,0,,0,0,0,0,,,data/postmortem/locks/2026-w04-nyj-chi.json | game day: nflverse snap_counts + weekly_rosters
2026,4,2026_04_NYJ_CHI,401872972,NYJ,CHI,Joe Tippmann,00-0039145,TippJo00,,C,OL,G/C,G,1,1,1,,,,,,,none,,,0,0.8,0,,,,,1,,1,32,1,0,,,nflverse snap_counts (not on desk injury list) | game day: nflverse snap_counts + weekly_rosters
2026,4,2026_04_NYJ_CHI,401872972,NYJ,CHI,Josh Myers,00-0036622,MyerJo00,,C,OL,G/C,C,1,1,1,,,,,,,none,,,0,0.8,0,,,,,1,,1,32,1,0,,,nflverse snap_counts (not on desk injury list) | game day: nflverse snap_counts + weekly_rosters
2026,4,2026_04_LA_PHI,401872970,PHI,LAR,Jalen Carter,00-0038386,CartJa05,4685759,DT,F7,DL,DT,0.85,1,1,,,,,,,none,,FP,0,0.9,0,,,,,1,,1,70,0.83,0,,,nflverse snap_counts (not on desk injury list) | game day: nflverse snap_counts + weekly_rosters
2026,4,2026_04_LA_PHI,401872970,PHI,LAR,Jalyx Hunt,00-0039740,HuntJa02,4571162,LB,F7,LB,OLB,0.69,1,0.75,,,,,,,none,,,0,0.7,0,,,,,1,,1,63,0.75,0,,,nflverse snap_counts (not on desk injury list) | game day: nflverse snap_counts + weekly_rosters
2026,4,2026_04_LA_PHI,401872970,PHI,LAR,Jihaad Campbell,00-0040708,CampJi00,4685287,LB,F7,LB,ILB,0.71,1,0.75,,,,,,,none,,LP,0,0.7,0,,,,,1,,1,79,0.94,0,,,nflverse snap_counts (not on desk injury list) | game day: nflverse snap_counts + weekly_rosters
2026,4,2026_04_LA_PHI,401872970,PHI,LAR,Jordan Davis,00-0037073,DaviJo03,4381558,DT,F7,DL,DT,0.497,0,0.25,,,,,,,none,,FP,0,0.9,0,,,,,1,,1,29,0.35,0,,,nflverse snap_counts (not on desk injury list) | game day: nflverse snap_counts + weekly_rosters
2026,4,2026_04_LA_PHI,401872970,PHI,LAR,Moro Ojomo,00-0038412,OjomMo00,4362116,DT,F7,DL,DT,0.67,1,0.75,,,,,,,none,,FP,0,0.9,0,,,,,1,,1,60,0.71,0,,,nflverse snap_counts (not on desk injury list) | game day: nflverse snap_counts + weekly_rosters
2026,4,2026_04_LA_PHI,401872970,PHI,LAR,Nolan Smith,00-0039013,SmitNo02,4426331,LB,F7,LB,OLB,0.635,1,0.75,,,,,,,none,,,0,0.7,0,,,,,1,,1,64,0.76,0,,,nflverse snap_counts (not on desk injury list) | game day: nflverse snap_counts + weekly_rosters
2026,4,2026_04_LA_PHI,401872970,PHI,LAR,Zack Baun,00-0036418,BaunZa00,3917657,LB,F7,LB,ILB,0.98,1,1,,,,,,Concussion,Out,,DNP,0.45,0.7,0.315,QUESTIONABLE,1,0.35,0.18,0,,0,0,0,0,,,data/postmortem/locks/2026-w04-lar-phi.json | game day: nflverse snap_counts + weekly_rosters
2026,4,2026_04_LA_PHI,401872970,PHI,LAR,Cam Jurgens,00-0038112,JurgCa01,,C,OL,G/C,C,1,1,1,,,,,,,none,,,0,0.8,0,,,,,1,,1,61,1,0,,,nflverse snap_counts (not on desk injury list) | game day: nflverse snap_counts + weekly_rosters
2026,4,2026_04_LA_PHI,401872970,PHI,LAR,Drew Kendall,00-0040587,KendDr00,,C,OL,G/C,C,0.5,0,0.25,,,,,,,none,,,0,0.8,0,,,,,1,,1,61,1,0,,,nflverse snap_counts (not on desk injury list) | game day: nflverse snap_counts + weekly_rosters
2026,4,2026_04_LA_PHI,401872970,PHI,LAR,Fred Johnson,00-0034951,JohnFr01,,RT,OL,T,T,0.247,0,0,,,,,,Knee,Out,,DNP,0.45,1,0,QUESTIONABLE,1,0.35,0.09,0,,0,0,0,0,,,data/postmortem/locks/2026-w04-lar-phi.json | game day: nflverse snap_counts + weekly_rosters
2026,4,2026_04_LA_PHI,401872970,PHI,LAR,Jordan Mailata,00-0034429,MailJo00,,T,OL,T,T,1,1,1,,,,,,,none,,,0,1,0,,,,,1,,1,61,1,0,,,nflverse snap_counts (not on desk injury list) | game day: nflverse snap_counts + weekly_rosters
2026,4,2026_04_LA_PHI,401872970,PHI,LAR,Landon Dickerson,00-0037002,DickLa00,,OG,OL,G/C,G,0.5,0,0.25,,,,,,,IR,,unknown,1,0.8,0.2,IR,1,1,0.25,0,,0,0,0,0,,,data/postmortem/locks/2026-w04-lar-phi.json | game day: nflverse snap_counts + weekly_rosters
2026,4,2026_04_LA_PHI,401872970,PHI,LAR,Lane Johnson,00-0030561,JohnLa01,,T,OL,T,T,0.75,1,1,,,,,,,none,,,0,1,0,,,,,0,,0,0,0,0,,,nflverse snap_counts (not on desk injury list) | game day: nflverse snap_counts + weekly_rosters
2026,4,2026_04_LA_PHI,401872970,PHI,LAR,Tyler Steen,00-0039001,SteeTy00,,OL,OL,G/C,G,0.998,1,1,,,,,,,none,,,0,0.8,0,,,,,1,,1,61,1,0,,,nflverse snap_counts (not on desk injury list) | game day: nflverse snap_counts + weekly_rosters
2026,4,2026_04_PIT_CLE,401872964,PIT,CLE,Alex Highsmith,00-0036333,HighAl02,4037333,LB,F7,LB,OLB,0.688,1,0.75,,,,,,,none,,,0,0.7,0,,,,,1,,1,45,0.7,0,,,nflverse snap_counts (not on desk injury list) | game day: nflverse snap_counts + weekly_rosters
2026,4,2026_04_PIT_CLE,401872964,PIT,CLE,Cameron Heyward,00-0027969,HeywCa01,13977,DT,F7,DL,DT,0.67,1,0.75,,,,,,,none,,,0,0.9,0,,,,,1,,1,46,0.72,0,,,nflverse snap_counts (not on desk injury list) | game day: nflverse snap_counts + weekly_rosters
2026,4,2026_04_PIT_CLE,401872964,PIT,CLE,Derrick Harmon,00-0040678,HarmDe01,4682980,DT,F7,DL,DT,0.512,0,0.25,,,,,,,none,,,0,0.9,0,,,,,1,,1,5,0.08,0,,,nflverse snap_counts (not on desk injury list) | game day: nflverse snap_counts + weekly_rosters
2026,4,2026_04_PIT_CLE,401872964,PIT,CLE,Keeanu Benton,00-0039110,BentKe00,4426694,DT,F7,DL,DT,0.575,0,0.25,,,,,,,none,,,0,0.9,0,,,,,1,,1,39,0.61,0,,,nflverse snap_counts (not on desk injury list) | game day: nflverse snap_counts + weekly_rosters
2026,4,2026_04_PIT_CLE,401872964,PIT,CLE,Nick Herbig,00-0038577,HerbNi00,4429164,LB,F7,LB,OLB,0.508,0,0.25,,,,,,,none,,,0,0.7,0,,,,,1,,1,28,0.44,0,,,nflverse snap_counts (not on desk injury list) | game day: nflverse snap_counts + weekly_rosters
2026,4,2026_04_PIT_CLE,401872964,PIT,CLE,Patrick Queen,00-0036323,QueePa00,4242207,LB,F7,LB,ILB,1,1,1,,,,,,,none,,,0,0.7,0,,,,,1,,1,64,1,0,,,nflverse snap_counts (not on desk injury list) | game day: nflverse snap_counts + weekly_rosters
2026,4,2026_04_PIT_CLE,401872964,PIT,CLE,Payton Wilson,00-0039741,WilsPa00,4361652,LB,F7,LB,ILB,0.715,1,0.75,,,,,,,none,,,0,0.7,0,,,,,1,,1,52,0.81,0,,,nflverse snap_counts (not on desk injury list) | game day: nflverse snap_counts + weekly_rosters
2026,4,2026_04_PIT_CLE,401872964,PIT,CLE,T.J. Watt,00-0033886,WattT.00,3045282,LB,F7,LB,OLB,0.68,1,0.75,,,,,,,none,,,0,0.7,0,,,,,1,,1,47,0.73,0,,,nflverse snap_counts (not on desk injury list) | game day: nflverse snap_counts + weekly_rosters
2026,4,2026_04_PIT_CLE,401872964,PIT,CLE,Yahya Black,00-0040188,BlacYa00,4430947,DE,F7,EDGE,DT,0.342,0,0,,,,,,Not injury related - personal matter,Questionable,,unknown,0.27,0.7,0,,,,,1,,1,29,0.45,0,,,nflverse snap_counts (not on desk injury list) | game day: nflverse snap_counts + weekly_rosters
2026,4,2026_04_PIT_CLE,401872964,PIT,CLE,Dylan Cook,00-0037480,CookDy00,,T,OL,T,T,0.74,1,0.75,,,,,,,none,,,0,1,0,,,,,1,,0,0,0,0,,,nflverse snap_counts (not on desk injury list) | game day: nflverse snap_counts + weekly_rosters
2026,4,2026_04_PIT_CLE,401872964,PIT,CLE,Gennings Dunker,00-0041396,DunkGe00,,OG,OL,G/C,G,0,0,0,,,,,,,IR,,unknown,1,0.8,0,IR,1,1,0,0,,0,0,0,0,,,data/postmortem/locks/2026-w04-pit-cle.json | game day: nflverse snap_counts + weekly_rosters
2026,4,2026_04_PIT_CLE,401872964,PIT,CLE,Mason McCormick,00-0039358,McCoMa00,,G,OL,G/C,G,1,1,1,,,,,,,none,,,0,0.8,0,,,,,1,,1,72,1,0,,,nflverse snap_counts (not on desk injury list) | game day: nflverse snap_counts + weekly_rosters
2026,4,2026_04_PIT_CLE,401872964,PIT,CLE,Spencer Anderson,00-0038645,AndeSp00,,OL,OL,G/C,G,0.518,0,0.25,,,,,,,none,,,0,0.8,0,,,,,1,,0,0,0,0,,,nflverse snap_counts (not on desk injury list) | game day: nflverse snap_counts + weekly_rosters
2026,4,2026_04_PIT_CLE,401872964,PIT,CLE,Troy Fautanu,00-0039871,FautTr00,,T,OL,T,T,0.998,1,1,,,,,,,none,,,0,1,0,,,,,1,,1,72,1,0,,,nflverse snap_counts (not on desk injury list) | game day: nflverse snap_counts + weekly_rosters
2026,4,2026_04_PIT_CLE,401872964,PIT,CLE,Zach Frazier,00-0039896,FrazZa00,,C,OL,G/C,C,1,1,1,,,,,,,none,,,0,0.8,0,,,,,1,,1,72,1,0,,,nflverse snap_counts (not on desk injury list) | game day: nflverse snap_counts + weekly_rosters
2026,4,2026_04_LAC_SEA,401872977,SEA,LAC,Byron Murphy,00-0039309,MurpBy01,4570040,DT,F7,DL,DT,0.677,1,0.75,,,,,,,none,,,0,0.9,0,,,,,1,,1,42,0.59,0,,,nflverse snap_counts (not on desk injury list) | game day: nflverse snap_counts + weekly_rosters
2026,4,2026_04_LAC_SEA,401872977,SEA,LAC,DeMarcus Lawrence,00-0031411,LawrDe00,16802,LB,F7,LB,OLB,0.622,1,0.75,,,,,,,none,,,0,0.7,0,,,,,1,,1,42,0.59,0,,,nflverse snap_counts (not on desk injury list) | game day: nflverse snap_counts + weekly_rosters
2026,4,2026_04_LAC_SEA,401872977,SEA,LAC,Derick Hall,00-0039047,HallDe04,4567226,LB,F7,LB,OLB,0.55,0,0.25,,,,,,,none,,,0,0.7,0,,,,,1,,1,42,0.59,0,,,nflverse snap_counts (not on desk injury list) | game day: nflverse snap_counts + weekly_rosters
2026,4,2026_04_LAC_SEA,401872977,SEA,LAC,Drake Thomas,00-0038922,ThomDr00,4428659,LB,F7,LB,ILB,0.805,1,1,,,,,,,none,,,0,0.7,0,,,,,1,,1,56,0.79,0,,,nflverse snap_counts (not on desk injury list) | game day: nflverse snap_counts + weekly_rosters
2026,4,2026_04_LAC_SEA,401872977,SEA,LAC,Ernest Jones,00-0036994,JoneEr01,4362851,LB,F7,LB,ILB,0.99,1,1,,,,,,,none,,,0,0.7,0,,,,,1,,1,71,1,0,,,nflverse snap_counts (not on desk injury list) | game day: nflverse snap_counts + weekly_rosters
2026,4,2026_04_LAC_SEA,401872977,SEA,LAC,Jarran Reed,00-0032387,ReedJa02,3115312,NT,F7,DL,NT,0.487,0,0.25,,,,,,,none,,FP,0,0.9,0,,,,,1,,1,35,0.49,0,,,nflverse snap_counts (not on desk injury list) | game day: nflverse snap_counts + weekly_rosters
2026,4,2026_04_LAC_SEA,401872977,SEA,LAC,Leonard Williams,00-0031933,WillLe02,2971622,DE,F7,EDGE,DT,0.725,1,0.75,,,,,,,none,,FP,0,0.7,0,,,,,1,,1,41,0.58,0,,,nflverse snap_counts (not on desk injury list) | game day: nflverse snap_counts + weekly_rosters
2026,4,2026_04_LAC_SEA,401872977,SEA,LAC,Uchenna Nwosu,00-0034350,NwosUc00,3120358,LB,F7,LB,OLB,0.502,0,0.25,,,,,,,none,,,0,0.7,0,,,,,1,,1,36,0.51,0,,,nflverse snap_counts (not on desk injury list) | game day: nflverse snap_counts + weekly_rosters
2026,4,2026_04_LAC_SEA,401872977,SEA,LAC,Abraham Lucas,00-0037812,LucaAb00,,T,OL,T,T,1,1,1,,,,,,,none,,,0,1,0,,,,,1,,1,60,1,0,,,nflverse snap_counts (not on desk injury list) | game day: nflverse snap_counts + weekly_rosters
2026,4,2026_04_LAC_SEA,401872977,SEA,LAC,Anthony Bradford,00-0039020,BradAn00,,OG,OL,G/C,G,0.5,0,0.25,,,,,,,IR,,unknown,1,0.8,0.2,IR,1,1,0.25,0,,0,0,0,0,,,data/postmortem/locks/2026-w04-lac-sea.json | game day: nflverse snap_counts + weekly_rosters
2026,4,2026_04_LAC_SEA,401872977,SEA,LAC,Charles Cross,00-0037821,CrosCh00,,T,OL,T,T,1,1,1,,,,,,,none,,,0,1,0,,,,,1,,1,60,1,0,,,nflverse snap_counts (not on desk injury list) | game day: nflverse snap_counts + weekly_rosters
2026,4,2026_04_LAC_SEA,401872977,SEA,LAC,Christian Haynes,00-0039839,HaynCh00,,G,OL,G/C,G,0.302,0,0,,,,,,,none,,,0,0.8,0,,,,,1,,1,35,0.58,0,,,nflverse snap_counts (not on desk injury list) | game day: nflverse snap_counts + weekly_rosters
2026,4,2026_04_LAC_SEA,401872977,SEA,LAC,Grey Zabel,00-0040639,ZabeGr00,,G,OL,G/C,G,1,1,1,,,,,,,none,,FP,0,0.8,0,,,,,1,,1,60,1,0,,,nflverse snap_counts (not on desk injury list) | game day: nflverse snap_counts + weekly_rosters
2026,4,2026_04_LAC_SEA,401872977,SEA,LAC,Jalen Sundell,00-0039926,SundJa00,,C,OL,G/C,C,1,1,1,,,,,,,none,,,0,0.8,0,,,,,1,,1,60,1,0,,,nflverse snap_counts (not on desk injury list) | game day: nflverse snap_counts + weekly_rosters
2026,4,2026_04_DEN_SF,401872975,SF,DEN,C.J. West,00-0040711,WestCJ00,4686308,IDL,F7,DL,DT,0.328,0,0,,,,,,,IR,,unknown,1,0.9,0,IR,1,1,0.25,0,,0,0,0,0,,,data/postmortem/locks/2026-w04-den-sf.json | game day: nflverse snap_counts + weekly_rosters
2026,4,2026_04_DEN_SF,401872975,SF,DEN,Dre Greenlaw,00-0034982,GreeDr00,3916903,LB,F7,LB,OLB,0.515,0,0.25,,,,,,Quadricep,Questionable,,LP,0.24,0.7,0.042,QUESTIONABLE,1,0.35,0.09,1,,1,56,0.85,0,,,data/postmortem/locks/2026-w04-den-sf.json | game day: nflverse snap_counts + weekly_rosters
2026,4,2026_04_DEN_SF,401872975,SF,DEN,Fred Warner,00-0034815,WarnFr00,3138826,LB,F7,LB,MLB,0.675,1,0.75,,,,,,,none,,,0,0.7,0,,,,,1,,1,65,0.98,0,,,nflverse snap_counts (not on desk injury list) | game day: nflverse snap_counts + weekly_rosters
2026,4,2026_04_DEN_SF,401872975,SF,DEN,Garret Wallow,00-0036844,WallGa00,4241807,LB,F7,LB,OLB,0.318,0,0,,,,,,,none,,,0,0.7,0,,,,,1,,1,9,0.14,0,,,nflverse snap_counts (not on desk injury list) | game day: nflverse snap_counts + weekly_rosters
2026,4,2026_04_DEN_SF,401872975,SF,DEN,Gracen Halton,00-0041557,HaltGr00,4685369,DL,F7,DL,DT,0.348,0,0,,,,,,,none,,,0,0.9,0,,,,,1,,1,25,0.38,0,,,nflverse snap_counts (not on desk injury list) | game day: nflverse snap_counts + weekly_rosters
2026,4,2026_04_DEN_SF,401872975,SF,DEN,Jaden Dugger,00-0041078,DuggJa00,5086161,LB,F7,LB,OLB,0.312,0,0,,,,,,Shoulder,Questionable,,LP,0.24,0.7,0,,,,,1,,1,15,0.23,0,,,nflverse snap_counts (not on desk injury list) | game day: nflverse snap_counts + weekly_rosters
2026,4,2026_04_DEN_SF,401872975,SF,DEN,James Thompson Jr.,00-0041363,ThomJa06,,IDL,F7,DL,DT,0.175,0,0,,,,,,Ankle,Out,,DNP,1,0.9,0,OUT,1,1,0.25,0,,0,0,0,0,,,data/postmortem/locks/2026-w04-den-sf.json | game day: nflverse snap_counts + weekly_rosters
2026,4,2026_04_DEN_SF,401872975,SF,DEN,Keion White,00-0039148,WhitKe03,4243493,DL,F7,DL,DE,0.547,0,0.25,,,,,,Hamstring,Questionable,,LP,0.24,0.9,0.054,,,,,1,,1,49,0.74,0,,,nflverse snap_counts (not on desk injury list) | game day: nflverse snap_counts + weekly_rosters
2026,4,2026_04_DEN_SF,401872975,SF,DEN,Mykel Williams,00-0040660,WillMy00,4685623,EDGE1,F7,DL,DE,0,0,0,,,,,,Knee,Out,,LP,1,0.9,0,PUP,1,1,0.2,0,,0,0,0,0,,,data/postmortem/locks/2026-w04-den-sf.json | game day: nflverse snap_counts + weekly_rosters
2026,4,2026_04_DEN_SF,401872975,SF,DEN,Nick Bosa,00-0035717,BosaNi00,4040605,EDGE1,F7,DL,DE,0.318,0,0,,,,,,Knee,Out,,DNP,1,0.9,0,OUT,1,1,0.25,0,,0,0,0,0,,,data/postmortem/locks/2026-w04-den-sf.json | game day: nflverse snap_counts + weekly_rosters
2026,4,2026_04_DEN_SF,401872975,SF,DEN,Osa Odighizuwa,00-0036942,OdigOs00,4035840,DT,F7,DL,DT,0.525,0,0.25,,,,,,,none,,,0,0.9,0,,,,,1,,1,51,0.77,0,,,nflverse snap_counts (not on desk injury list) | game day: nflverse snap_counts + weekly_rosters
2026,4,2026_04_DEN_SF,401872975,SF,DEN,Romello Height,00-0041556,HeigRo00,4432244,EDGE1,F7,DL,DE,0.258,0,0,,,,,,,Questionable,,LP,0.24,0.9,0,QUESTIONABLE,1,0.35,0.07,1,,1,37,0.56,0,,,data/postmortem/locks/2026-w04-den-sf.json | game day: nflverse snap_counts + weekly_rosters
2026,4,2026_04_DEN_SF,401872975,SF,DEN,Colton McKivitz,00-0036256,McKiCo00,,OL,OL,G/C,T,1,1,1,,,,,,,none,,,0,0.8,0,,,,,1,,1,66,1,0,,,nflverse snap_counts (not on desk injury list) | game day: nflverse snap_counts + weekly_rosters
2026,4,2026_04_DEN_SF,401872975,SF,DEN,Connor Colby,00-0040245,ColbCo00,,OL,OL,G/C,G,0.762,1,1,,,,,,,none,,,0,0.8,0,,,,,1,,1,66,1,0,,,nflverse snap_counts (not on desk injury list) | game day: nflverse snap_counts + weekly_rosters
2026,4,2026_04_DEN_SF,401872975,SF,DEN,Dominick Puni,00-0039351,PuniDo00,,OL,OL,G/C,G,0.958,1,1,,,,,,,none,,,0,0.8,0,,,,,1,,1,66,1,0,,,nflverse snap_counts (not on desk injury list) | game day: nflverse snap_counts + weekly_rosters
2026,4,2026_04_DEN_SF,401872975,SF,DEN,Jake Brendel,00-0032701,BrenJa01,,OL,OL,G/C,C,0.95,1,1,,,,,,,none,,,0,0.8,0,,,,,1,,1,66,1,0,,,nflverse snap_counts (not on desk injury list) | game day: nflverse snap_counts + weekly_rosters
2026,4,2026_04_DEN_SF,401872975,SF,DEN,Trent Williams,00-0027857,WillTr21,,T,OL,T,T,0.847,1,1,,,,,,,none,,FP,0,1,0,,,,,1,,1,66,1,0,,,nflverse snap_counts (not on desk injury list) | game day: nflverse snap_counts + weekly_rosters
2026,4,2026_04_GB_TB,401872968,TB,GB,A'Shawn Robinson,00-0032889,RobiAS00,3054857,DE,F7,EDGE,DE,0.385,0,0,,,,,,,none,,FP,0,0.7,0,,,,,1,,1,29,0.48,0,,,nflverse snap_counts (not on desk injury list) | game day: nflverse snap_counts + weekly_rosters
2026,4,2026_04_GB_TB,401872968,TB,GB,Al-Quadin Muhammad,00-0033964,MuhaAl00,3051942,DE,F7,EDGE,OLB,0.37,0,0,,,,,,,none,,,0,0.7,0,,,,,1,,1,32,0.53,0,,,nflverse snap_counts (not on desk injury list) | game day: nflverse snap_counts + weekly_rosters
2026,4,2026_04_GB_TB,401872968,TB,GB,Alex Anzalone,00-0033914,AnzaAl00,3043107,LB,F7,LB,ILB,0.75,1,1,,,,,,,none,,,0,0.7,0,,,,,1,,1,60,1,0,,,nflverse snap_counts (not on desk injury list) | game day: nflverse snap_counts + weekly_rosters
2026,4,2026_04_GB_TB,401872968,TB,GB,Calijah Kancey,00-0039063,KancCa00,4427673,DL,F7,DL,DE,0.623,1,0.75,,,,,,,none,,,0,0.9,0,,,,,1,,1,34,0.57,0,,,nflverse snap_counts (not on desk injury list) | game day: nflverse snap_counts + weekly_rosters
2026,4,2026_04_GB_TB,401872968,TB,GB,Josiah Trotter,00-0041502,TrotJo00,4870998,LB,F7,LB,ILB,0.435,0,0,,,,,,,none,,FP,0,0.7,0,,,,,1,,1,50,0.83,0,,,nflverse snap_counts (not on desk injury list) | game day: nflverse snap_counts + weekly_rosters
2026,4,2026_04_GB_TB,401872968,TB,GB,Mohamed Kamara,00-0039877,KamaMo00,4427677,LB,F7,LB,OLB,0,0,0,,,,,,,IR,,unknown,1,0.7,0,IR,1,1,0.25,0,,0,0,0,0,,,data/postmortem/locks/2026-w04-gb-tb.json | game day: nflverse snap_counts + weekly_rosters
2026,4,2026_04_GB_TB,401872968,TB,GB,Rueben Bain Jr.,00-0041031,BainRu00,4870617,LB,F7,LB,OLB,0.31,0,0,,,,,,Groin,Out,,DNP,1,0.7,0,OUT,1,1,0.2,0,,0,0,0,0,,,data/postmortem/locks/2026-w04-gb-tb.json | game day: nflverse snap_counts + weekly_rosters
2026,4,2026_04_GB_TB,401872968,TB,GB,SirVocea Dennis,00-0039049,DennSi00,4429511,LB,F7,LB,ILB,0.41,0,0,,,,,,Calf,Questionable,,LP,0.24,0.7,0,,,,,1,,1,6,0.1,0,,,nflverse snap_counts (not on desk injury list) | game day: nflverse snap_counts + weekly_rosters
2026,4,2026_04_GB_TB,401872968,TB,GB,Vita Vea,00-0034773,VeaxVi00,3134362,NT,F7,DL,NT,0.72,1,0.75,,,,,,,none,,,0,0.9,0,,,,,1,,1,46,0.77,0,,,nflverse snap_counts (not on desk injury list) | game day: nflverse snap_counts + weekly_rosters
2026,4,2026_04_GB_TB,401872968,TB,GB,YaYa Diaby,00-0039068,DiabYa00,4686334,LB,F7,LB,OLB,0.68,1,0.75,,,,,,,none,,FP,0,0.7,0,,,,,1,,1,36,0.6,0,,,nflverse snap_counts (not on desk injury list) | game day: nflverse snap_counts + weekly_rosters
2026,4,2026_04_GB_TB,401872968,TB,GB,Ben Bredeson,00-0036132,BredBe00,,G,OL,G/C,G,0.75,1,1,,,,,,,none,,,0,0.8,0,,,,,1,,1,63,1,0,,,nflverse snap_counts (not on desk injury list) | game day: nflverse snap_counts + weekly_rosters
2026,4,2026_04_GB_TB,401872968,TB,GB,Cody Mauch,00-0039157,MaucCo00,,G,OL,G/C,G,0.75,1,1,,,,,,,none,,,0,0.8,0,,,,,1,,1,63,1,0,,,nflverse snap_counts (not on desk injury list) | game day: nflverse snap_counts + weekly_rosters
2026,4,2026_04_GB_TB,401872968,TB,GB,Graham Barton,00-0039905,BartGr00,,C,OL,G/C,C,1,1,1,,,,,,,none,,,0,0.8,0,,,,,1,,1,63,1,0,,,nflverse snap_counts (not on desk injury list) | game day: nflverse snap_counts + weekly_rosters
2026,4,2026_04_GB_TB,401872968,TB,GB,Luke Goedeke,00-0037835,GoedLu00,,T,OL,T,T,1,1,1,,,,,,,none,,,0,1,0,,,,,1,,1,63,1,0,,,nflverse snap_counts (not on desk injury list) | game day: nflverse snap_counts + weekly_rosters
2026,4,2026_04_GB_TB,401872968,TB,GB,Tristan Wirfs,00-0036406,WirfTr00,,T,OL,T,T,1,1,1,,,,,,,none,,,0,1,0,,,,,1,,1,63,1,0,,,nflverse snap_counts (not on desk injury list) | game day: nflverse snap_counts + weekly_rosters
2026,4,2026_04_TEN_BAL,401872973,TEN,BAL,Anthony Hill,00-0041479,HillAn01,4870805,LB,F7,LB,MLB,0.75,1,1,,,,,,,none,,,0,0.7,0,,,,,1,,1,64,1,0,,,nflverse snap_counts (not on desk injury list) | game day: nflverse snap_counts + weekly_rosters
2026,4,2026_04_TEN_BAL,401872973,TEN,BAL,Cedric Gray,00-0039858,GrayCe00,4429834,LB,F7,LB,OLB,0.457,0,0.25,,,,,,,none,,,0,0.7,0,,,,,1,,1,30,0.47,0,,,nflverse snap_counts (not on desk injury list) | game day: nflverse snap_counts + weekly_rosters
2026,4,2026_04_TEN_BAL,401872973,TEN,BAL,Cody Barton,00-0035672,BartCo00,3926229,LB,F7,LB,MLB,0.86,1,1,,,,,,,none,,,0,0.7,0,,,,,1,,1,53,0.83,0,,,nflverse snap_counts (not on desk injury list) | game day: nflverse snap_counts + weekly_rosters
2026,4,2026_04_TEN_BAL,401872973,TEN,BAL,Jacob Martin,00-0034163,MartJa02,3138764,DE,F7,EDGE,DE,0.425,0,0,,,,,,,none,,,0,0.7,0,,,,,1,,1,37,0.58,0,,,nflverse snap_counts (not on desk injury list) | game day: nflverse snap_counts + weekly_rosters
2026,4,2026_04_TEN_BAL,401872973,TEN,BAL,Jeffery Simmons,00-0035643,SimmJe01,4035369,DT,F7,DL,DT,0.797,1,1,,,,,,,none,,,0,0.9,0,,,,,1,,1,53,0.83,0,,,nflverse snap_counts (not on desk injury list) | game day: nflverse snap_counts + weekly_rosters
2026,4,2026_04_TEN_BAL,401872973,TEN,BAL,Jermaine Johnson II,00-0037663,JohnJe07,4567962,LB,F7,LB,OLB,0.488,0,0.25,,,,,,,none,,,0,0.7,0,,,,,1,,1,31,0.48,0,,,nflverse snap_counts (not on desk injury list) | game day: nflverse snap_counts + weekly_rosters
2026,4,2026_04_TEN_BAL,401872973,TEN,BAL,John Franklin-Myers,00-0034805,FranJo02,3120464,DL,F7,DL,DE,0.39,0,0,,,,,,,none,,FP,0,0.9,0,,,,,1,,1,38,0.59,0,,,nflverse snap_counts (not on desk injury list) | game day: nflverse snap_counts + weekly_rosters
2026,4,2026_04_TEN_BAL,401872973,TEN,BAL,Milo Eifler,00-0036511,EiflMi00,4371940,LB,F7,LB,ILB,0,0,0,,,,,,,IR,,unknown,1,0.7,0,IR,1,1,0.25,0,,0,0,0,0,,,data/postmortem/locks/2026-w04-ten-bal.json | game day: nflverse snap_counts + weekly_rosters
2026,4,2026_04_TEN_BAL,401872973,TEN,BAL,Andre James,00-0035127,JameAn01,,C,OL,G/C,C,0,0,0,,,,,,,IR,,unknown,1,0.8,0,IR,1,1,0.25,,,0,0,0,0,,,data/postmortem/locks/2026-w04-ten-bal.json | game day: nflverse snap_counts + weekly_rosters
2026,4,2026_04_TEN_BAL,401872973,TEN,BAL,Austin Schlottmann,00-0034112,SchlAu00,,OL,OL,G/C,C,0.75,1,1,,,,,,,none,,,0,0.8,0,,,,,1,,1,64,1,0,,,nflverse snap_counts (not on desk injury list) | game day: nflverse snap_counts + weekly_rosters
2026,4,2026_04_TEN_BAL,401872973,TEN,BAL,Dan Moore,00-0036869,MoorDa05,,T,OL,T,T,1,1,1,,,,,,,none,,,0,1,0,,,,,1,,1,64,1,0,,,nflverse snap_counts (not on desk injury list) | game day: nflverse snap_counts + weekly_rosters
2026,4,2026_04_TEN_BAL,401872973,TEN,BAL,Fernando Carmona,00-0040881,CarmFe00,,OG,OL,G/C,G,0.505,0,0.25,,,,,,,IR,,unknown,1,0.8,0.2,IR,1,1,0.25,0,,0,0,0,0,,,data/postmortem/locks/2026-w04-ten-bal.json | game day: nflverse snap_counts + weekly_rosters
2026,4,2026_04_TEN_BAL,401872973,TEN,BAL,JC Latham,00-0039731,LathJC00,,T,OL,T,T,1,1,1,,,,,,,none,,,0,1,0,,,,,1,,1,64,1,0,,,nflverse snap_counts (not on desk injury list) | game day: nflverse snap_counts + weekly_rosters
2026,4,2026_04_TEN_BAL,401872973,TEN,BAL,Jackson Slater,00-0040190,SlatJa01,,OG,OL,G/C,G,0.403,0,0,,,,,,,IR,,unknown,1,0.8,0,IR,1,1,0.25,0,,0,0,0,0,,,data/postmortem/locks/2026-w04-ten-bal.json | game day: nflverse snap_counts + weekly_rosters
2026,4,2026_04_TEN_BAL,401872973,TEN,BAL,Peter Skoronski,00-0039034,SkorPe00,,OL,OL,G/C,G,1,1,1,,,,,,,none,,,0,0.8,0,,,,,1,,1,64,1,0,,,nflverse snap_counts (not on desk injury list) | game day: nflverse snap_counts + weekly_rosters
2026,4,2026_04_IND_WAS,401872965,WSH,IND,Charles Omenihu,00-0035279,OmenCh00,3929865,DE,F7,EDGE,DE,0.44,0,0,,,,,,,none,,LP,0,0.7,0,,,,,1,,1,5,0.08,0,,,nflverse snap_counts (not on desk injury list) | game day: nflverse snap_counts + weekly_rosters
2026,4,2026_04_IND_WAS,401872965,WSH,IND,Daron Payne,00-0034333,PaynDa00,3925354,DT,F7,DL,DT,0.667,1,0.75,,,,,,,none,,,0,0.9,0,,,,,1,,1,57,0.86,0,,,nflverse snap_counts (not on desk injury list) | game day: nflverse snap_counts + weekly_rosters
2026,4,2026_04_IND_WAS,401872965,WSH,IND,Deatrich Wise Jr.,00-0033947,WiseDe00,2980080,EDGE1,F7,EDGE,DE,0,0,0,,,,,,,Pup,,unknown,1,0.7,0,PUP,1,1,0.25,0,,0,0,0,0,,,data/postmortem/locks/2026-w04-ind-wsh.json | game day: nflverse snap_counts + weekly_rosters
2026,4,2026_04_IND_WAS,401872965,WSH,IND,Frankie Luvu,00-0034302,LuvuFr00,3127273,LB,F7,LB,ILB,0.383,0,0,,,,,,,none,,LP,0,0.7,0,,,,,1,,1,63,0.95,0,,,nflverse snap_counts (not on desk injury list) | game day: nflverse snap_counts + weekly_rosters
2026,4,2026_04_IND_WAS,401872965,WSH,IND,Javon Kinlaw,00-0036260,KinlJa00,4259491,DT,F7,DL,DT,0.61,1,0.75,,,,,,,none,,FP,0,0.9,0,,,,,1,,1,53,0.8,0,,,nflverse snap_counts (not on desk injury list) | game day: nflverse snap_counts + weekly_rosters
2026,4,2026_04_IND_WAS,401872965,WSH,IND,Jordan Magee,00-0039368,MageJo00,4568617,LB,F7,LB,ILB,0.15,0,0,,,,,,,IR,,unknown,1,0.7,0,IR,1,1,0.25,0,,0,0,0,0,,,data/postmortem/locks/2026-w04-ind-wsh.json | game day: nflverse snap_counts + weekly_rosters
2026,4,2026_04_IND_WAS,401872965,WSH,IND,K'Lavon Chaisson,00-0036286,ChaiKL00,4242205,LB,F7,LB,OLB,0.52,0,0.25,,,,,,,none,,,0,0.7,0,,,,,1,,1,45,0.68,0,,,nflverse snap_counts (not on desk injury list) | game day: nflverse snap_counts + weekly_rosters
2026,4,2026_04_IND_WAS,401872965,WSH,IND,Leo Chenal,00-0037819,ChenLe00,4426901,LB,F7,LB,ILB,0.37,0,0,,,,,,,IR,,unknown,1,0.7,0,IR,1,1,0.25,0,,0,0,0,0,,,data/postmortem/locks/2026-w04-ind-wsh.json | game day: nflverse snap_counts + weekly_rosters
2026,4,2026_04_IND_WAS,401872965,WSH,IND,Odafe Oweh,00-0036940,OwehJa00,4361422,LB,F7,LB,OLB,0.53,0,0.25,,,,,,,none,,,0,0.7,0,,,,,1,,1,42,0.64,0,,,nflverse snap_counts (not on desk injury list) | game day: nflverse snap_counts + weekly_rosters
2026,4,2026_04_IND_WAS,401872965,WSH,IND,Sonny Styles,00-0041028,StylSo01,5081807,LB,F7,LB,ILB,0.718,1,0.75,,,,,,,none,,,0,0.7,0,,,,,1,,1,49,0.74,0,,,nflverse snap_counts (not on desk injury list) | game day: nflverse snap_counts + weekly_rosters
2026,4,2026_04_IND_WAS,401872965,WSH,IND,Brandon Coleman,00-0039913,ColeBr02,,T,OL,T,T,0.965,1,1,,,,,,,none,,,0,1,0,,,,,1,,1,63,0.98,0,,,nflverse snap_counts (not on desk injury list) | game day: nflverse snap_counts + weekly_rosters
2026,4,2026_04_IND_WAS,401872965,WSH,IND,Chris Paul,00-0037092,PaulCh00,,G,OL,G/C,G,1,1,1,,,,,,,none,,,0,0.8,0,,,,,1,,1,64,1,0,,,nflverse snap_counts (not on desk injury list) | game day: nflverse snap_counts + weekly_rosters
2026,4,2026_04_IND_WAS,401872965,WSH,IND,Josh Conerly,00-0040686,ConeJo00,,T,OL,T,T,1,1,1,,,,,,,none,,,0,1,0,,,,,1,,1,64,1,0,,,nflverse snap_counts (not on desk injury list) | game day: nflverse snap_counts + weekly_rosters
2026,4,2026_04_IND_WAS,401872965,WSH,IND,Laremy Tunsil,00-0032380,TunsLa00,,LT,OL,T,T,0,0,0,,,,,,,IR,,unknown,1,1,0,IR,1,1,0.25,0,,0,0,0,0,,,data/postmortem/locks/2026-w04-ind-wsh.json | game day: nflverse snap_counts + weekly_rosters
2026,4,2026_04_IND_WAS,401872965,WSH,IND,Nick Allegretti,00-0035149,AlleNi00,,G,OL,G/C,G,1,1,1,,,,,,,none,,FP,0,0.8,0,,,,,1,,0,0,0,0,,,nflverse snap_counts (not on desk injury list) | game day: nflverse snap_counts + weekly_rosters
2026,4,2026_04_IND_WAS,401872965,WSH,IND,Sam Cosmi,00-0036618,CosmSa00,,OG,OL,T,G,0.49,0,0.25,,,,,,Concussion,Out,,DNP,1,1,0.25,OUT,1,1,0.25,0,,0,0,0,0,,,data/postmortem/locks/2026-w04-ind-wsh.json | game day: nflverse snap_counts + weekly_rosters
2026,5,2026_05_DET_ARI,401872991,ARI,DET,Baron Browning,00-0036995,BrowBa01,4241987,LB,F7,LB,OLB,0.485,0,0.25,,,,,,,none,,,0,0.7,0,,,,,,,,,,,,,nflverse snap_counts (not on desk injury list)
2026,5,2026_05_DET_ARI,401872991,ARI,DET,Dante Stills,00-0038623,StilDa01,4362225,DL,F7,DL,DE,0.593,0,0.25,,,,,,,none,,,0,0.9,0,,,,,,,,,,,,,nflverse snap_counts (not on desk injury list)
2026,5,2026_05_DET_ARI,401872991,ARI,DET,Darius Robinson,00-0039854,RobiDa01,4569480,DL,F7,DL,DT,0.35,0,0,,,,,,,none,,,0,0.9,0,,,,,,,,,,,,,nflverse snap_counts (not on desk injury list)
2026,5,2026_05_DET_ARI,401872991,ARI,DET,Jack Gibbens,00-0037596,GibbJa00,4249739,LB,F7,LB,ILB,0.953,1,1,,,,,,,none,,,0,0.7,0,,,,,,,,,,,,,nflverse snap_counts (not on desk injury list)
2026,5,2026_05_DET_ARI,401872991,ARI,DET,Jordan Burch,00-0040137,BurcJo00,4428996,LB,F7,LB,OLB,0.435,0,0,,,,,,,none,,DNP,0,0.7,0,,,,,,,,,,,,,nflverse snap_counts (not on desk injury list)
2026,5,2026_05_DET_ARI,401872991,ARI,DET,Josh Sweat,00-0034381,SweaJo00,3693166,LB,F7,LB,OLB,0.5,0,0.25,,,,,,,none,,FP,0,0.7,0,,,,,,,,,,,,,nflverse snap_counts (not on desk injury list)
2026,5,2026_05_DET_ARI,401872991,ARI,DET,Kaleb Proctor,00-0041555,ProcKa01,5084514,IDL,F7,DL,DT,0,0,0,,,,,,,IR,,unknown,1,0.9,0,IR,1,1,0.25,,,,,,,,,data/injury-2026.json
2026,5,2026_05_DET_ARI,401872991,ARI,DET,L.J. Collier,00-0035636,CollLJ00,3116449,DL,F7,DL,DE,0.387,0,0,,,,,,,none,,,0,0.9,0,,,,,,,,,,,,,nflverse snap_counts (not on desk injury list)
2026,5,2026_05_DET_ARI,401872991,ARI,DET,Mack Wilson,00-0035144,WilsMa03,4040983,LB,F7,LB,ILB,0.973,1,1,,,,,,,none,,,0,0.7,0,,,,,,,,,,,,,nflverse snap_counts (not on desk injury list)
2026,5,2026_05_DET_ARI,401872991,ARI,DET,Roy Lopez,00-0036568,LopeRo00,4040805,DL,F7,DL,NT,0.557,0,0.25,,,,,,,none,,,0,0.9,0,,,,,,,,,,,,,nflverse snap_counts (not on desk injury list)
2026,5,2026_05_DET_ARI,401872991,ARI,DET,Walter Nolen,00-0040706,NoleWa00,4685503,DL,F7,DL,DT,0.613,1,0.75,,,,,,,none,,LP,0,0.9,0,,,,,,,,,,,,,nflverse snap_counts (not on desk injury list)
2026,5,2026_05_DET_ARI,401872991,ARI,DET,Zaven Collins,00-0036933,CollZa00,4244606,LB,F7,LB,OLB,0.458,0,0.25,,,,,,,none,,,0,0.7,0,,,,,,,,,,,,,nflverse snap_counts (not on desk injury list)
2026,5,2026_05_DET_ARI,401872991,ARI,DET,Chase Bisontis,00-0041468,BisoCh00,,OG,OL,G/C,G,0,0,0,,,,,,,IR,,unknown,1,0.8,0,IR,1,1,0.2,,,,,,,,,data/injury-2026.json
2026,5,2026_05_DET_ARI,401872991,ARI,DET,Elijah Wilkinson,00-0033676,WilkEl00,,OL,OL,G/C,T,1,1,1,,,,,,,none,,,0,0.8,0,,,,,,,,,,,,,nflverse snap_counts (not on desk injury list)
2026,5,2026_05_DET_ARI,401872991,ARI,DET,Hjalte Froholdt,00-0035258,FrohHj00,,OL,OL,G/C,C,1,1,1,,,,,,,none,,,0,0.8,0,,,,,,,,,,,,,nflverse snap_counts (not on desk injury list)
2026,5,2026_05_DET_ARI,401872991,ARI,DET,Isaac Seumalo,00-0032954,SeumIs00,,G,OL,G/C,G,0.99,1,1,,,,,,,none,,FP,0,0.8,0,,,,,,,,,,,,,nflverse snap_counts (not on desk injury list)
2026,5,2026_05_DET_ARI,401872991,ARI,DET,Isaiah Adams,00-0039808,AdamIs01,,OG,OL,G/C,G,0.605,1,0.75,,,,,,,Out,,DNP,1,0.8,0.6,OUT,1,1,0.25,,,,,,,,,data/injury-2026.json
2026,5,2026_05_DET_ARI,401872991,ARI,DET,Jon Gaines,00-0038571,GainJo00,,OL,OL,G/C,C,0.395,0,0,,,,,,,none,,,0,0.8,0,,,,,,,,,,,,,nflverse snap_counts (not on desk injury list)
2026,5,2026_05_DET_ARI,401872991,ARI,DET,Paris Johnson Jr.,00-0038540,JohnPa03,,RT,OL,G/C,T,0.995,1,1,,,,,,,IR,,unknown,1,0.8,0.8,IR,1,1,0.25,,,,,,,,,data/injury-2026.json
2026,5,2026_05_BAL_ATL,401872993,ATL,BAL,Brandon Dorlus,00-0039859,DorlBr00,4427090,DL,F7,DL,DT,0.552,0,0.25,,,,,,,none,,,0,0.9,0,,,,,,,,,,,,,nflverse snap_counts (not on desk injury list)
2026,5,2026_05_BAL_ATL,401872993,ATL,BAL,Cameron Thomas,00-0037815,ThomCa03,4361510,DE,F7,EDGE,DE,0.6,1,0.75,,,,,,,none,,FP,0,0.7,0,,,,,,,,,,,,,nflverse snap_counts (not on desk injury list)
2026,5,2026_05_BAL_ATL,401872993,ATL,BAL,Da'Shawn Hand,00-0034371,HandDa00,3126352,IDL,F7,DL,DT,0.025,0,0,,,,,,,IR,,unknown,1,0.9,0,IR,1,1,0.2,,,,,,,,,data/injury-2026.json
2026,5,2026_05_BAL_ATL,401872993,ATL,BAL,Divine Deablo,00-0036990,DeabDi00,4037626,LB,F7,LB,ILB,0.907,1,1,,,,,,,none,,LP,0,0.7,0,,,,,,,,,,,,,nflverse snap_counts (not on desk injury list)
2026,5,2026_05_BAL_ATL,401872993,ATL,BAL,Gervon Dexter,00-0039070,DextGe00,4429014,DL,F7,DL,DT,0.545,0,0.25,,,,,,,none,,,0,0.9,0,,,,,,,,,,,,,nflverse snap_counts (not on desk injury list)
2026,5,2026_05_BAL_ATL,401872993,ATL,BAL,Harold Perkins,00-0041112,PerkHa01,4685502,LB,F7,LB,ILB,0.52,0,0.25,,,,,,,none,,,0,0.7,0,,,,,,,,,,,,,nflverse snap_counts (not on desk injury list)
2026,5,2026_05_BAL_ATL,401872993,ATL,BAL,Jalon Walker,00-0040577,WalkJa02,4685597,EDGE1,F7,EDGE,OLB,0,0,0,,,,,,,IR,,unknown,1,0.7,0,IR,1,1,0.2,,,,,,,,,data/injury-2026.json
2026,5,2026_05_BAL_ATL,401872993,ATL,BAL,Kendal Daniels,00-0041066,DaniKe00,4595343,LB,F7,LB,ILB,0.515,0,0.25,,,,,,,none,,,0,0.7,0,,,,,,,,,,,,,nflverse snap_counts (not on desk injury list)
2026,5,2026_05_BAL_ATL,401872993,ATL,BAL,LaCale London,00-0036204,LondLa00,4376288,DL,F7,DL,DT,0.367,0,0,,,,,,,none,,,0,0.9,0,,,,,,,,,,,,,nflverse snap_counts (not on desk injury list)
2026,5,2026_05_BAL_ATL,401872993,ATL,BAL,Maason Smith,00-0039889,SmitMa07,4431567,DT,F7,DL,DT,0.52,0,0.25,,,,,,,none,,,0,0.9,0,,,,,,,,,,,,,nflverse snap_counts (not on desk injury list)
2026,5,2026_05_BAL_ATL,401872993,ATL,BAL,Samson Ebukam,00-0033945,EbukSa00,3045527,EDGE1,F7,EDGE,DE,0.36,0,0,,,,,,,Questionable,,LP,0.24,0.7,0,QUESTIONABLE,1,0.35,0.07,,,,,,,,,data/injury-2026.json
2026,5,2026_05_BAL_ATL,401872993,ATL,BAL,Yasir Abdullah,00-0038580,AbduYa00,4360807,LB,F7,LB,OLB,0.302,0,0,,,,,,,none,,DNP,0,0.7,0,,,,,,,,,,,,,nflverse snap_counts (not on desk injury list)
2026,5,2026_05_BAL_ATL,401872993,ATL,BAL,Cameron Williams,00-0040687,WillCa04,,OG,OL,T,T,0,0,0,,,,,,,IR,,unknown,1,1,0,IR,1,1,0.25,,,,,,,,,data/injury-2026.json
2026,5,2026_05_BAL_ATL,401872993,ATL,BAL,Chris Lindstrom,00-0035630,LindCh00,,G,OL,G/C,G,0.927,1,1,,,,,,,none,,,0,0.8,0,,,,,,,,,,,,,nflverse snap_counts (not on desk injury list)
2026,5,2026_05_BAL_ATL,401872993,ATL,BAL,Jake Matthews,00-0031279,MattJa00,,RT,OL,T,T,0.797,1,1,,,,,,,Questionable,,LP,0.24,1,0.24,QUESTIONABLE,1,0.35,0.09,,,,,,,,,data/injury-2026.json
2026,5,2026_05_BAL_ATL,401872993,ATL,BAL,Jawaan Taylor,00-0035237,TaylJa02,,T,OL,T,T,0.905,1,1,,,,,,,none,,,0,1,0,,,,,,,,,,,,,nflverse snap_counts (not on desk injury list)
2026,5,2026_05_BAL_ATL,401872993,ATL,BAL,Matthew Bergeron,00-0039048,BergMa00,,OL,OL,G/C,G,1,1,1,,,,,,,none,,,0,0.8,0,,,,,,,,,,,,,nflverse snap_counts (not on desk injury list)
2026,5,2026_05_BAL_ATL,401872993,ATL,BAL,Michael Jerrell,00-0039842,JerrMi00,,OL,OL,G/C,T,0.307,0,0,,,,,,,none,,FP,0,0.8,0,,,,,,,,,,,,,nflverse snap_counts (not on desk injury list)
2026,5,2026_05_BAL_ATL,401872993,ATL,BAL,Ryan Neuzil,00-0036833,NeuzRy00,,OL,OL,G/C,C,1,1,1,,,,,,,none,,,0,0.8,0,,,,,,,,,,,,,nflverse snap_counts (not on desk injury list)
2026,5,2026_05_BAL_ATL,401872993,BAL,ATL,Broderick Washington Jr.,00-0036081,WashBr01,3915837,DL,F7,DL,DE,0.36,0,0,,,,,,,none,,,0,0.9,0,,,,,,,,,,,,,nflverse snap_counts (not on desk injury list)
2026,5,2026_05_BAL_ATL,401872993,BAL,ATL,Calais Campbell,00-0026190,CampCa99,11284,DL,F7,DL,DT,0.51,0,0.25,,,,,,,none,,FP,0,0.9,0,,,,,,,,,,,,,nflverse snap_counts (not on desk injury list)
2026,5,2026_05_BAL_ATL,401872993,BAL,ATL,Mike Green,00-0040722,GreeMi02,4683188,LB,F7,LB,OLB,0.43,0,0,,,,,,,none,,,0,0.7,0,,,,,,,,,,,,,nflverse snap_counts (not on desk injury list)
2026,5,2026_05_BAL_ATL,401872993,BAL,ATL,Nnamdi Madubuike,00-0036130,MaduJu00,4035245,DL,F7,DL,DT,0.34,0,0,,,,,,,none,,,0,0.9,0,,,,,,,,,,,,,nflverse snap_counts (not on desk injury list)
2026,5,2026_05_BAL_ATL,401872993,BAL,ATL,Roquan Smith,00-0034874,SmitRo07,3915189,LB,F7,LB,ILB,1,1,1,,,,,,,none,,,0,0.7,0,,,,,,,,,,,,,nflverse snap_counts (not on desk injury list)
2026,5,2026_05_BAL_ATL,401872993,BAL,ATL,Tavius Robinson,00-0038505,RobiTa00,4690179,LB,F7,LB,OLB,0.772,1,1,,,,,,,none,,,0,0.7,0,,,,,,,,,,,,,nflverse snap_counts (not on desk injury list)
2026,5,2026_05_BAL_ATL,401872993,BAL,ATL,Travis Jones,00-0037756,JoneTr00,4362139,DL,F7,DL,NT,0.555,0,0.25,,,,,,,none,,,0,0.9,0,,,,,,,,,,,,,nflverse snap_counts (not on desk injury list)
2026,5,2026_05_BAL_ATL,401872993,BAL,ATL,Trenton Simpson,00-0038504,SimpTr00,4430831,LB,F7,LB,ILB,0.598,0,0.25,,,,,,,none,,,0,0.7,0,,,,,,,,,,,,,nflverse snap_counts (not on desk injury list)
2026,5,2026_05_BAL_ATL,401872993,BAL,ATL,Trey Hendrickson,00-0033935,HendTr00,3052743,LB,F7,EDGE,OLB,0.47,0,0.25,,,,,,,Questionable,,DNP,0.45,0.7,0.079,QUESTIONABLE,1,0.35,0.17,,,,,,,,,data/injury-2026.json
2026,5,2026_05_BAL_ATL,401872993,BAL,ATL,Zion Young,00-0041494,YounZi00,4839501,LB,F7,LB,OLB,0.325,0,0,,,,,,,none,,,0,0.7,0,,,,,,,,,,,,,nflverse snap_counts (not on desk injury list)
2026,5,2026_05_BAL_ATL,401872993,BAL,ATL,Cam Jurgens,00-0038112,JurgCa01,,C,OL,G/C,C,0,0,0,,,,,,,Questionable,,DNP,0.45,0.8,0,QUESTIONABLE,1,0.35,0.07,,,,,,,,,data/injury-2026.json
2026,5,2026_05_BAL_ATL,401872993,BAL,ATL,Carson Vinson,00-0040070,VinsCa00,,T,OL,T,T,0.338,0,0,,,,,,,none,,,0,1,0,,,,,,,,,,,,,nflverse snap_counts (not on desk injury list)
2026,5,2026_05_BAL_ATL,401872993,BAL,ATL,Ethan Pocic,00-0033901,PociEt00,,C,OL,G/C,C,0.04,0,0,,,,,,,IR,,unknown,1,0.8,0,IR,1,1,0.2,,,,,,,,,data/injury-2026.json
2026,5,2026_05_BAL_ATL,401872993,BAL,ATL,John Simpson,00-0036369,SimpJo00,,OL,OL,G/C,G,1,1,1,,,,,,,none,,LP,0,0.8,0,,,,,,,,,,,,,nflverse snap_counts (not on desk injury list)
2026,5,2026_05_BAL_ATL,401872993,BAL,ATL,Jovaughn Gwyn,00-0038629,GwynJo00,,OG,OL,G/C,C,0.68,1,0.75,,,,,,,IR,,unknown,1,0.8,0.6,IR,1,1,0.25,,,,,,,,,data/injury-2026.json
2026,5,2026_05_BAL_ATL,401872993,BAL,ATL,Olaivavega Ioane,00-0040866,IoanOl00,,G,OL,G/C,G,1,1,1,,,,,,,none,,,0,0.8,0,,,,,,,,,,,,,nflverse snap_counts (not on desk injury list)
2026,5,2026_05_BAL_ATL,401872993,BAL,ATL,Roger Rosengarten,00-0039233,RoseRo01,,T,OL,T,T,1,1,1,,,,,,,none,,,0,1,0,,,,,,,,,,,,,nflverse snap_counts (not on desk injury list)
2026,5,2026_05_BAL_ATL,401872993,BAL,ATL,Ronnie Stanley,00-0032965,StanRo00,,T,OL,T,T,0.69,1,0.75,,,,,,,none,,FP,0,1,0,,,,,,,,,,,,,nflverse snap_counts (not on desk injury list)
2026,5,2026_05_BUF_LA,401872994,BUF,LAR,Bradley Chubb,00-0034832,ChubBr00,3116733,LB,F7,LB,OLB,0.773,1,1,,,,,,,none,,FP,0,0.7,0,,,,,,,,,,,,,nflverse snap_counts (not on desk injury list)
2026,5,2026_05_BUF_LA,401872994,BUF,LAR,DeWayne Carter,00-0039873,CartDe03,4426883,DL,F7,DL,DT,0.445,0,0,,,,,,,none,,,0,0.9,0,,,,,,,,,,,,,nflverse snap_counts (not on desk injury list)
2026,5,2026_05_BUF_LA,401872994,BUF,LAR,Deone Walker,00-0040710,WalkDe04,4831989,DT,F7,DL,DT,0.703,1,0.75,,,,,,,none,,,0,0.9,0,,,,,,,,,,,,,nflverse snap_counts (not on desk injury list)
2026,5,2026_05_BUF_LA,401872994,BUF,LAR,Dorian Williams,00-0038557,WillDo04,4568624,LB,F7,LB,ILB,0.667,1,0.75,,,,,,,none,,FP,0,0.7,0,,,,,,,,,,,,,nflverse snap_counts (not on desk injury list)
2026,5,2026_05_BUF_LA,401872994,BUF,LAR,Ed Oliver,00-0035230,OlivEd00,4039303,IDL,F7,DL,DE,0.388,0,0,,,,,,,Questionable,,DNP,0.45,0.9,0,QUESTIONABLE,1,0.35,0.09,,,,,,,,,data/injury-2026.json
2026,5,2026_05_BUF_LA,401872994,BUF,LAR,Greg Gaines,00-0035667,GainGr00,3127294,DL,F7,DL,NT,0.3,0,0,,,,,,,none,,,0,0.9,0,,,,,,,,,,,,,nflverse snap_counts (not on desk injury list)
2026,5,2026_05_BUF_LA,401872994,BUF,LAR,Landon Jackson,00-0040132,JackLa03,4432715,DL,F7,DL,DE,0.39,0,0,,,,,,,none,,LP,0,0.9,0,,,,,,,,,,,,,nflverse snap_counts (not on desk injury list)
2026,5,2026_05_BUF_LA,401872994,BUF,LAR,Michael Hoecht,00-0035933,HoecMi00,4033234,LB,F7,LB,OLB,0.317,0,0,,,,,,,none,,,0,0.7,0,,,,,,,,,,,,,nflverse snap_counts (not on desk injury list)
2026,5,2026_05_BUF_LA,401872994,BUF,LAR,Terrel Bernard,00-0037254,BernTe00,4259166,LB,F7,LB,ILB,0.963,1,1,,,,,,,none,,FP,0,0.7,0,,,,,,,,,,,,,nflverse snap_counts (not on desk injury list)
2026,5,2026_05_BUF_LA,401872994,BUF,LAR,Alec Anderson,00-0037428,AndeAl01,,T,OL,T,G,1,1,1,,,,,,,none,,,0,1,0,,,,,,,,,,,,,nflverse snap_counts (not on desk injury list)
2026,5,2026_05_BUF_LA,401872994,BUF,LAR,Connor McGovern,00-0035679,McGoCo01,,G,OL,G/C,C,1,1,1,,,,,,,none,,,0,0.8,0,,,,,,,,,,,,,nflverse snap_counts (not on desk injury list)
2026,5,2026_05_BUF_LA,401872994,BUF,LAR,Dion Dawkins,00-0033904,DawkDi00,,T,OL,T,T,1,1,1,,,,,,,none,,,0,1,0,,,,,,,,,,,,,nflverse snap_counts (not on desk injury list)
2026,5,2026_05_BUF_LA,401872994,BUF,LAR,O'Cyrus Torrence,00-0038548,TorrOC00,,G,OL,G/C,G,1,1,1,,,,,,,none,,,0,0.8,0,,,,,,,,,,,,,nflverse snap_counts (not on desk injury list)
2026,5,2026_05_BUF_LA,401872994,BUF,LAR,Spencer Brown,00-0036976,BrowSp00,,T,OL,T,T,1,1,1,,,,,,,none,,,0,1,0,,,,,,,,,,,,,nflverse snap_counts (not on desk injury list)
2026,5,2026_05_CHI_GB,401872990,CHI,GB,Austin Booker,00-0039840,BookAu00,4683553,DL,F7,DL,DE,0.545,0,0.25,,,,,,,none,,,0,0.9,0,,,,,,,,,,,,,nflverse snap_counts (not on desk injury list)
2026,5,2026_05_CHI_GB,401872990,CHI,GB,D'Marco Jackson,00-0037271,JackDM00,4241007,LB,F7,LB,OLB,0.323,0,0,,,,,,,none,,,0,0.7,0,,,,,,,,,,,,,nflverse snap_counts (not on desk injury list)
2026,5,2026_05_CHI_GB,401872990,CHI,GB,Dayo Odeyingbo,00-0036480,OdeyDa00,4242659,DL,F7,DL,DE,0.615,1,0.75,,,,,,,none,,,0,0.9,0,,,,,,,,,,,,,nflverse snap_counts (not on desk injury list)
2026,5,2026_05_CHI_GB,401872990,CHI,GB,Devin Bush Jr.,00-0035525,BushDe01,4036261,LB,F7,LB,MLB,0.952,1,1,,,,,,,none,,,0,0.7,0,,,,,,,,,,,,,nflverse snap_counts (not on desk injury list)
2026,5,2026_05_CHI_GB,401872990,CHI,GB,Grady Jarrett,00-0031583,JarrGr00,2576492,DL,F7,DL,DT,0.713,1,0.75,,,,,,,none,,FP,0,0.9,0,,,,,,,,,,,,,nflverse snap_counts (not on desk injury list)
2026,5,2026_05_CHI_GB,401872990,CHI,GB,James Lynch,00-0036337,LyncJa00,4259181,DL,F7,DL,DE,0.305,0,0,,,,,,,none,,,0,0.9,0,,,,,,,,,,,,,nflverse snap_counts (not on desk injury list)
2026,5,2026_05_CHI_GB,401872990,CHI,GB,Kentavius Street,00-0034320,StreKe00,3116726,DL,F7,DL,DT,0.45,0,0.25,,,,,,,none,,,0,0.9,0,,,,,,,,,,,,,nflverse snap_counts (not on desk injury list)
2026,5,2026_05_CHI_GB,401872990,CHI,GB,Montez Sweat,00-0035647,SweaMo00,3134690,DL,F7,DL,DE,0.693,1,0.75,,,,,,,none,,,0,0.9,0,,,,,,,,,,,,,nflverse snap_counts (not on desk injury list)
2026,5,2026_05_CHI_GB,401872990,CHI,GB,Neville Gallimore,00-0036366,GallNe00,3892883,DT,F7,DL,DT,0.345,0,0,,,,,,,none,,,0,0.9,0,,,,,,,,,,,,,nflverse snap_counts (not on desk injury list)
2026,5,2026_05_CHI_GB,401872990,CHI,GB,T.J. Edwards,00-0035386,EdwaTJ02,3121544,LB,F7,LB,OLB,1,1,1,,,,,,,none,,,0,0.7,0,,,,,,,,,,,,,nflverse snap_counts (not on desk injury list)
2026,5,2026_05_CHI_GB,401872990,CHI,GB,Braxton Jones,00-0037081,JoneBr08,,RT,OL,G/C,T,0.487,0,0.25,,,,,,,IR,,unknown,1,0.8,0.2,IR,1,1,0.25,,,,,,,,,data/injury-2026.json
2026,5,2026_05_CHI_GB,401872990,CHI,GB,Darnell Wright,00-0038932,WrigDa00,,OL,OL,G/C,T,1,1,1,,,,,,,none,,LP,0,0.8,0,,,,,,,,,,,,,nflverse snap_counts (not on desk injury list)
2026,5,2026_05_CHI_GB,401872990,CHI,GB,Garrett Bradbury,00-0035588,BradGa00,,C,OL,G/C,C,1,1,1,,,,,,,none,,,0,0.8,0,,,,,,,,,,,,,nflverse snap_counts (not on desk injury list)
2026,5,2026_05_CHI_GB,401872990,CHI,GB,Joe Thuney,00-0032391,ThunJo00,,OL,OL,G/C,G,1,1,1,,,,,,,none,,LP,0,0.8,0,,,,,,,,,,,,,nflverse snap_counts (not on desk injury list)
2026,5,2026_05_CHI_GB,401872990,CHI,GB,Jonah Jackson,00-0036258,JackJo03,,OL,OL,G/C,G,1,1,1,,,,,,,none,,LP,0,0.8,0,,,,,,,,,,,,,nflverse snap_counts (not on desk injury list)
2026,5,2026_05_CHI_GB,401872990,CHI,GB,Theo Benedet,00-0039459,BeneTh00,,OL,OL,G/C,T,0.512,0,0.25,,,,,,,none,,,0,0.8,0,,,,,,,,,,,,,nflverse snap_counts (not on desk injury list)
2026,5,2026_05_CIN_MIA,401872982,CIN,MIA,B.J. Hill,00-0034800,HillB.00,3116748,IDL,F7,DL,DT,0.105,0,0,,,,,,,Questionable,,LP,0.24,0.9,0,QUESTIONABLE,1,0.35,0.07,,,,,,,,,data/injury-2026.json
2026,5,2026_05_CIN_MIA,401872982,CIN,MIA,Barrett Carter,00-0040157,CartBa00,4431519,LB,F7,LB,ILB,1,1,1,,,,,,,none,,FP,0,0.7,0,,,,,,,,,,,,,nflverse snap_counts (not on desk injury list)
2026,5,2026_05_CIN_MIA,401872982,CIN,MIA,Boye Mafe,00-0038133,MafeBo00,4240754,LB,F7,LB,DE,0.735,1,0.75,,,,,,,none,,,0,0.7,0,,,,,,,,,,,,,nflverse snap_counts (not on desk injury list)
2026,5,2026_05_CIN_MIA,401872982,CIN,MIA,Cashius Howell,00-0041546,HoweCa00,4710752,DE,F7,EDGE,DE,0.408,0,0,,,,,,,none,,,0,0.7,0,,,,,,,,,,,,,nflverse snap_counts (not on desk injury list)
2026,5,2026_05_CIN_MIA,401872982,CIN,MIA,Demetrius Knight,00-0040738,KnigDe00,4427729,LB,F7,LB,ILB,0.857,1,1,,,,,,,none,,,0,0.7,0,,,,,,,,,,,,,nflverse snap_counts (not on desk injury list)
2026,5,2026_05_CIN_MIA,401872982,CIN,MIA,Dexter Lawrence,00-0035683,LawrDe03,4035483,DL,F7,DL,NT,0.703,1,0.75,,,,,,,none,,LP,0,0.9,0,,,,,,,,,,,,,nflverse snap_counts (not on desk injury list)
2026,5,2026_05_CIN_MIA,401872982,CIN,MIA,Jonathan Allen,00-0033523,AlleJo01,3054840,DL,F7,DL,DT,0.667,1,0.75,,,,,,,none,,DNP,0,0.9,0,,,,,,,,,,,,,nflverse snap_counts (not on desk injury list)
2026,5,2026_05_CIN_MIA,401872982,CIN,MIA,Myles Murphy,00-0038546,MurpMy00,4428985,DE,F7,EDGE,DE,0.64,1,0.75,,,,,,,none,,,0,0.7,0,,,,,,,,,,,,,nflverse snap_counts (not on desk injury list)
2026,5,2026_05_CIN_MIA,401872982,CIN,MIA,Swayze Bozeman,00-0039313,BozeSw00,4570546,LB,F7,LB,ILB,0,0,0,,,,,,,Questionable,,LP,0.24,0.7,0,QUESTIONABLE,1,0.35,0.09,,,,,,,,,data/injury-2026.json
2026,5,2026_05_CIN_MIA,401872982,CIN,MIA,Tedarrell Slaton,00-0036642,SlatTe00,4240612,DT,F7,DL,DT,0.343,0,0,,,,,,,none,,,0,0.9,0,,,,,,,,,,,,,nflverse snap_counts (not on desk injury list)
2026,5,2026_05_CIN_MIA,401872982,CIN,MIA,Amarius Mims,00-0039925,MimsAm00,,T,OL,T,T,0.988,1,1,,,,,,,none,,,0,1,0,,,,,,,,,,,,,nflverse snap_counts (not on desk injury list)
2026,5,2026_05_CIN_MIA,401872982,CIN,MIA,Brian Parker II,00-0041098,ParkBr02,,RT,OL,G/C,G,0,0,0,,,,,,,IR,,unknown,1,0.8,0,IR,1,1,0.25,,,,,,,,,data/injury-2026.json
2026,5,2026_05_CIN_MIA,401872982,CIN,MIA,Dalton Risner,00-0035702,RisnDa00,,G,OL,G/C,G,1,1,1,,,,,,,none,,LP,0,0.8,0,,,,,,,,,,,,,nflverse snap_counts (not on desk injury list)
2026,5,2026_05_CIN_MIA,401872982,CIN,MIA,Dylan Fairchild,00-0040140,FairDy00,,G,OL,G/C,G,1,1,1,,,,,,,none,,,0,0.8,0,,,,,,,,,,,,,nflverse snap_counts (not on desk injury list)
2026,5,2026_05_CIN_MIA,401872982,CIN,MIA,Orlando Brown Jr.,00-0034752,BrowOr00,,T,OL,T,T,1,1,1,,,,,,,none,,,0,1,0,,,,,,,,,,,,,nflverse snap_counts (not on desk injury list)
2026,5,2026_05_CIN_MIA,401872982,CIN,MIA,Ted Karras,00-0032445,KarrTe00,,C,OL,G/C,C,1,1,1,,,,,,,none,,,0,0.8,0,,,,,,,,,,,,,nflverse snap_counts (not on desk injury list)
2026,5,2026_05_CLE_NYJ,401872983,CLE,NYJ,Adin Huntington,00-0040255,HuntAd00,4605792,DT,F7,DL,DT,0.438,0,0,,,,,,,none,,,0,0.9,0,,,,,,,,,,,,,nflverse snap_counts (not on desk injury list)
2026,5,2026_05_CLE_NYJ,401872983,CLE,NYJ,Carson Schwesinger,00-0040579,SchwCa00,4876017,LB,F7,LB,MLB,1,1,1,,,,,,,none,,,0,0.7,0,,,,,,,,,,,,,nflverse snap_counts (not on desk injury list)
2026,5,2026_05_CLE_NYJ,401872983,CLE,NYJ,Derek Barnett,00-0033876,BarnDe01,3115336,DE,F7,EDGE,DE,0.362,0,0,,,,,,,none,,LP,0,0.7,0,,,,,,,,,,,,,nflverse snap_counts (not on desk injury list)
2026,5,2026_05_CLE_NYJ,401872983,CLE,NYJ,Isaiah McGuire,00-0038574,McGuIs00,4427963,DE,F7,EDGE,DE,0.608,1,0.75,,,,,,,none,,,0,0.7,0,,,,,,,,,,,,,nflverse snap_counts (not on desk injury list)
2026,5,2026_05_CLE_NYJ,401872983,CLE,NYJ,Jared Verse,00-0039852,VersJa00,4578085,LB,F7,LB,DE,0.637,1,0.75,,,,,,,none,,,0,0.7,0,,,,,,,,,,,,,nflverse snap_counts (not on desk injury list)
2026,5,2026_05_CLE_NYJ,401872983,CLE,NYJ,Kalia Davis,00-0037832,DaviKa01,4243541,IDL,F7,DL,DT,0,0,0,,,,,,,IR,,DNP,1,0.9,0,IR,1,1,0.25,,,,,,,,,data/injury-2026.json
2026,5,2026_05_CLE_NYJ,401872983,CLE,NYJ,Maliek Collins,00-0033131,CollMa00,3040471,DT,F7,DL,DT,0.625,1,0.75,,,,,,,none,,,0,0.9,0,,,,,,,,,,,,,nflverse snap_counts (not on desk injury list)
2026,5,2026_05_CLE_NYJ,401872983,CLE,NYJ,Mason Graham,00-0040685,GrahMa00,4873232,IDL,F7,DL,DT,0.515,0,0.25,,,,,,,Out,,DNP,1,0.9,0.225,OUT,1,1,0.2,,,,,,,,,data/injury-2026.json
2026,5,2026_05_CLE_NYJ,401872983,CLE,NYJ,Mike Hall Jr.,00-0039895,HallMi00,4600415,IDL,F7,DL,DT,0.455,0,0.25,,,,,,,Out,,DNP,1,0.9,0.225,OUT,1,1,0.25,,,,,,,,,data/injury-2026.json
2026,5,2026_05_CLE_NYJ,401872983,CLE,NYJ,Quincy Williams,00-0035680,WillQu01,3110565,LB,F7,LB,OLB,0.955,1,1,,,,,,,none,,,0,0.7,0,,,,,,,,,,,,,nflverse snap_counts (not on desk injury list)
2026,5,2026_05_CLE_NYJ,401872983,CLE,NYJ,Sam Williams,00-0037665,WillSa00,4567242,DE,F7,EDGE,DE,0.37,0,0,,,,,,,none,,,0,0.7,0,,,,,,,,,,,,,nflverse snap_counts (not on desk injury list)
2026,5,2026_05_CLE_NYJ,401872983,CLE,NYJ,Austin Barber,00-0041049,BarbAu00,,T,OL,T,T,1,1,1,,,,,,,none,,,0,1,0,,,,,,,,,,,,,nflverse snap_counts (not on desk injury list)
2026,5,2026_05_CLE_NYJ,401872983,CLE,NYJ,Elgton Jenkins,00-0035526,JenkEl00,,C,OL,G/C,C,0.75,1,1,,,,,,,none,,FP,0,0.8,0,,,,,,,,,,,,,nflverse snap_counts (not on desk injury list)
2026,5,2026_05_CLE_NYJ,401872983,CLE,NYJ,Kendrick Green,00-0036983,GreeKe02,,OG,OL,G/C,C,0,0,0,,,,,,,IR,,unknown,1,0.8,0,IR,1,1,0,,,,,,,,,data/injury-2026.json
2026,5,2026_05_CLE_NYJ,401872983,CLE,NYJ,Spencer Fano,00-0041030,FanoSp00,,T,OL,T,T,1,1,1,,,,,,,none,,,0,1,0,,,,,,,,,,,,,nflverse snap_counts (not on desk injury list)
2026,5,2026_05_CLE_NYJ,401872983,CLE,NYJ,Teven Jenkins,00-0036953,JenkTe00,,OG,OL,G/C,G,0,0,0,,,,,,,Out,,DNP,1,0.8,0,OUT,1,1,0.35,,,,,,,,,data/injury-2026.json
2026,5,2026_05_CLE_NYJ,401872983,CLE,NYJ,Tytus Howard,00-0035234,HowaTy00,,T,OL,T,T,0.992,1,1,,,,,,,none,,,0,1,0,,,,,,,,,,,,,nflverse snap_counts (not on desk injury list)
2026,5,2026_05_CLE_NYJ,401872983,CLE,NYJ,Zion Johnson,00-0037818,JohnZi00,,G,OL,G/C,G,0.995,1,1,,,,,,,none,,,0,0.8,0,,,,,,,,,,,,,nflverse snap_counts (not on desk injury list)
2026,5,2026_05_TB_DAL,401872980,DAL,TB,DeMarvion Overshown,00-0038556,OverDe00,4362088,LB,F7,LB,ILB,0.185,0,0,,,,,,Hamstring,Out,,DNP,1,0.7,0,OUT,1,1,0.2,,,,,,,,,data/injury-2026.json
2026,5,2026_05_TB_DAL,401872980,DAL,TB,Dee Winters,00-0038625,WintDe00,4428914,LB,F7,LB,ILB,0.705,1,0.75,,,,,,,none,,,0,0.7,0,,,,,,,,,,,,,nflverse snap_counts (not on desk injury list)
2026,5,2026_05_TB_DAL,401872980,DAL,TB,Donovan Ezeiruaku,00-0040725,EzeiDo00,4683848,DE,F7,EDGE,OLB,0.708,1,0.75,,,,,,,none,,,0,0.7,0,,,,,,,,,,,,,nflverse snap_counts (not on desk injury list)
2026,5,2026_05_TB_DAL,401872980,DAL,TB,Jaishawn Barham,00-0040872,BarhJa01,4685266,LB,F7,LB,ILB,0.653,1,0.75,,,,,,,none,,,0,0.7,0,,,,,,,,,,,,,nflverse snap_counts (not on desk injury list)
2026,5,2026_05_TB_DAL,401872980,DAL,TB,Jonathan Bullard,00-0033093,BullJo00,2980097,IDL,F7,EDGE,DE,0.237,0,0,,,,,,,IR,,unknown,1,0.7,0,IR,1,1,0.25,,,,,,,,,data/injury-2026.json
2026,5,2026_05_TB_DAL,401872980,DAL,TB,Kenny Clark,00-0033120,ClarKe01,3122752,DT,F7,DL,DT,0.688,1,0.75,,,,,,,none,,,0,0.9,0,,,,,,,,,,,,,nflverse snap_counts (not on desk injury list)
2026,5,2026_05_TB_DAL,401872980,DAL,TB,Malachi Lawrence,00-0041537,LawrMa01,4710067,LB,F7,LB,OLB,0.345,0,0,,,,,,,none,,,0,0.7,0,,,,,,,,,,,,,nflverse snap_counts (not on desk injury list)
2026,5,2026_05_TB_DAL,401872980,DAL,TB,Otito Ogbonnia,00-0037270,OgboOt00,4367210,DL,F7,DL,DE,0.48,0,0.25,,,,,,,none,,,0,0.9,0,,,,,,,,,,,,,nflverse snap_counts (not on desk injury list)
2026,5,2026_05_TB_DAL,401872980,DAL,TB,Quinnen Williams,00-0035718,WillQu00,4040982,DT,F7,DL,DT,0.727,1,0.75,,,,,,,none,,,0,0.9,0,,,,,,,,,,,,,nflverse snap_counts (not on desk injury list)
2026,5,2026_05_TB_DAL,401872980,DAL,TB,Rashan Gary,00-0034967,GaryRa00,4046523,DL,F7,DL,OLB,0.67,1,0.75,,,,,,,none,,,0,0.9,0,,,,,,,,,,,,,nflverse snap_counts (not on desk injury list)
2026,5,2026_05_TB_DAL,401872980,DAL,TB,Shemar James,00-0040011,JameSh00,4685400,LB,F7,LB,ILB,0.338,0,0,,,,,,,none,,,0,0.7,0,,,,,,,,,,,,,nflverse snap_counts (not on desk injury list)
2026,5,2026_05_TB_DAL,401872980,DAL,TB,Cooper Beebe,00-0039348,BeebCo00,,C,OL,G/C,C,1,1,1,,,,,,,none,,,0,0.8,0,,,,,,,,,,,,,nflverse snap_counts (not on desk injury list)
2026,5,2026_05_TB_DAL,401872980,DAL,TB,T.J. Bass,00-0038731,BassTJ00,,G,OL,G/C,G,1,1,1,,,,,,,none,,,0,0.8,0,,,,,,,,,,,,,nflverse snap_counts (not on desk injury list)
2026,5,2026_05_TB_DAL,401872980,DAL,TB,Terence Steele,00-0036036,SteeTe01,,T,OL,T,T,0.998,1,1,,,,,,,none,,,0,1,0,,,,,,,,,,,,,nflverse snap_counts (not on desk injury list)
2026,5,2026_05_TB_DAL,401872980,DAL,TB,Tyler Booker,00-0040007,BookTy00,,G,OL,G/C,G,1,1,1,,,,,,,none,,,0,0.8,0,,,,,,,,,,,,,nflverse snap_counts (not on desk injury list)
2026,5,2026_05_TB_DAL,401872980,DAL,TB,Tyler Guyton,00-0039341,GuytTy00,,RT,OL,T,T,1,1,1,,,,,,,Questionable,,unknown,0.27,1,0.27,QUESTIONABLE,1,0.35,0.07,,,,,,,,,data/injury-2026.json
2026,5,2026_05_DEN_LAC,401872989,DEN,LAC,Alex Singleton,00-0031898,SingAl00,2612151,LB,F7,LB,ILB,0.998,1,1,,,,,,,none,,,0,0.7,0,,,,,,,,,,,,,nflverse snap_counts (not on desk injury list)
2026,5,2026_05_DEN_LAC,401872989,DEN,LAC,D.J. Jones,00-0033297,JoneD.01,3894915,DT,F7,DL,DT,0.49,0,0.25,,,,,,,none,,LP,0,0.9,0,,,,,,,,,,,,,nflverse snap_counts (not on desk injury list)
2026,5,2026_05_DEN_LAC,401872989,DEN,LAC,Eyioma Uwazurike,00-0038106,UwazEy00,4066109,DL,F7,DL,DE,0.527,0,0.25,,,,,,,none,,,0,0.9,0,,,,,,,,,,,,,nflverse snap_counts (not on desk injury list)
2026,5,2026_05_DEN_LAC,401872989,DEN,LAC,Jonah Elliss,00-0039809,ElliJo03,4687592,LB,F7,LB,OLB,0.625,1,0.75,,,,,,,none,,,0,0.7,0,,,,,,,,,,,,,nflverse snap_counts (not on desk injury list)
2026,5,2026_05_DEN_LAC,401872989,DEN,LAC,Justin Strnad,00-0036428,StrnJu00,3919548,LB,F7,LB,ILB,0.81,1,1,,,,,,,none,,,0,0.7,0,,,,,,,,,,,,,nflverse snap_counts (not on desk injury list)
2026,5,2026_05_DEN_LAC,401872989,DEN,LAC,Levelle Bailey,00-0039565,BailLe00,4428241,LB,F7,LB,ILB,0,0,0,,,,,,,IR,,unknown,1,0.7,0,IR,1,1,0.25,,,,,,,,,data/injury-2026.json
2026,5,2026_05_DEN_LAC,401872989,DEN,LAC,Malcolm Roach,00-0035763,RoacMa01,4039064,DT,F7,DL,DT,0.578,0,0.25,,,,,,,none,,,0,0.9,0,,,,,,,,,,,,,nflverse snap_counts (not on desk injury list)
2026,5,2026_05_DEN_LAC,401872989,DEN,LAC,Nik Bonitto,00-0037249,BoniNi00,4360259,LB,F7,LB,OLB,0.615,1,0.75,,,,,,,none,,,0,0.7,0,,,,,,,,,,,,,nflverse snap_counts (not on desk injury list)
2026,5,2026_05_DEN_LAC,401872989,DEN,LAC,Zach Allen,00-0035248,AlleZa01,3915282,DL,F7,DL,DE,0.693,1,0.75,,,,,,,none,,FP,0,0.9,0,,,,,,,,,,,,,nflverse snap_counts (not on desk injury list)
2026,5,2026_05_DEN_LAC,401872989,DEN,LAC,Ben Powers,00-0034978,PoweBe00,,G,OL,G/C,G,0.995,1,1,,,,,,,none,,,0,0.8,0,,,,,,,,,,,,,nflverse snap_counts (not on desk injury list)
2026,5,2026_05_DEN_LAC,401872989,DEN,LAC,Frank Crum,00-0039568,CrumFr00,,RT,OL,T,T,0,0,0,,,,,,,IR,,unknown,1,1,0,IR,1,1,0.25,,,,,,,,,data/injury-2026.json
2026,5,2026_05_DEN_LAC,401872989,DEN,LAC,Garett Bolles,00-0033538,BollGa00,,T,OL,T,T,0.995,1,1,,,,,,,none,,,0,1,0,,,,,,,,,,,,,nflverse snap_counts (not on desk injury list)
2026,5,2026_05_DEN_LAC,401872989,DEN,LAC,Luke Wattenberg,00-0037278,WattLu00,,C,OL,G/C,C,0.995,1,1,,,,,,,none,,,0,0.8,0,,,,,,,,,,,,,nflverse snap_counts (not on desk injury list)
2026,5,2026_05_DEN_LAC,401872989,DEN,LAC,Mike McGlinchey,00-0034847,McGlMi00,,T,OL,T,T,0.995,1,1,,,,,,,none,,,0,1,0,,,,,,,,,,,,,nflverse snap_counts (not on desk injury list)
2026,5,2026_05_DEN_LAC,401872989,DEN,LAC,Nick Gargiulo,00-0039438,GargNi00,,OG,OL,G/C,G,0,0,0,,,,,,,Pup,,unknown,1,0.8,0,PUP,1,1,0.25,,,,,,,,,data/injury-2026.json
2026,5,2026_05_DEN_LAC,401872989,DEN,LAC,Quinn Meinerz,00-0037001,MeinQu02,,G,OL,G/C,G,0.987,1,1,,,,,,,none,,,0,0.8,0,,,,,,,,,,,,,nflverse snap_counts (not on desk injury list)
2026,5,2026_05_DET_ARI,401872991,DET,ARI,Aidan Hutchinson,00-0037236,HutcAi00,4372099,DE,F7,EDGE,DE,0.895,1,1,,,,,,,none,,,0,0.7,0,,,,,,,,,,,,,nflverse snap_counts (not on desk injury list)
2026,5,2026_05_DET_ARI,401872991,DET,ARI,Alim McNeill,00-0036624,McNeAl00,4361662,DL,F7,DL,DT,0.843,1,1,,,,,,,none,,,0,0.9,0,,,,,,,,,,,,,nflverse snap_counts (not on desk injury list)
2026,5,2026_05_DET_ARI,401872991,DET,ARI,D.J. Wonnum,00-0036335,WonnDJ00,4038849,LB,F7,LB,OLB,0.57,0,0.25,,,,,,,none,,LP,0,0.7,0,,,,,,,,,,,,,nflverse snap_counts (not on desk injury list)
2026,5,2026_05_DET_ARI,401872991,DET,ARI,Derrick Barnes,00-0036964,BarnDe02,4260409,LB,F7,LB,OLB,0.83,1,1,,,,,,,none,,,0,0.7,0,,,,,,,,,,,,,nflverse snap_counts (not on desk injury list)
2026,5,2026_05_DET_ARI,401872991,DET,ARI,Jack Campbell,00-0039018,CampJa04,4569465,LB,F7,LB,MLB,1,1,1,,,,,,,none,,,0,0.7,0,,,,,,,,,,,,,nflverse snap_counts (not on desk injury list)
2026,5,2026_05_DET_ARI,401872991,DET,ARI,Skyler Gill-Howard,00-0041447,GillSk00,5103940,DL,F7,DL,DT,0.443,0,0,,,,,,,none,,,0,0.9,0,,,,,,,,,,,,,nflverse snap_counts (not on desk injury list)
2026,5,2026_05_DET_ARI,401872991,DET,ARI,Tyleik Williams,00-0040672,WillTy02,4431615,DL,F7,DL,DT,0.537,0,0.25,,,,,,,none,,LP,0,0.9,0,,,,,,,,,,,,,nflverse snap_counts (not on desk injury list)
2026,5,2026_05_DET_ARI,401872991,DET,ARI,Tyler Lacy,00-0038940,LacyTy00,4361861,DL,F7,DL,DE,0.347,0,0,,,,,,,none,,,0,0.9,0,,,,,,,,,,,,,nflverse snap_counts (not on desk injury list)
2026,5,2026_05_DET_ARI,401872991,DET,ARI,Ben Bartch,00-0036272,BartBe00,,OG,OL,G/C,G,0.465,0,0.25,,,,,,,Questionable,,DNP,0.45,0.8,0.09,QUESTIONABLE,1,0.35,0.09,,,,,,,,,data/injury-2026.json
2026,5,2026_05_DET_ARI,401872991,DET,ARI,Blake Miller,00-0041439,MillBl01,,T,OL,T,T,0.75,1,1,,,,,,,none,,,0,1,0,,,,,,,,,,,,,nflverse snap_counts (not on desk injury list)
2026,5,2026_05_DET_ARI,401872991,DET,ARI,Cade Mays,00-0037297,MaysCa00,,C,OL,G/C,C,0,0,0,,,,,,,IR,,LP,1,0.8,0,IR,1,1,0.2,,,,,,,,,data/injury-2026.json
2026,5,2026_05_DET_ARI,401872991,DET,ARI,Christian Mahogany,00-0039408,MahoCh00,,OL,OL,G/C,G,0.535,0,0.25,,,,,,,none,,,0,0.8,0,,,,,,,,,,,,,nflverse snap_counts (not on desk injury list)
2026,5,2026_05_DET_ARI,401872991,DET,ARI,Juice Scruggs,00-0038936,ScruJu00,,C,OL,G/C,G,1,1,1,,,,,,,none,,,0,0.8,0,,,,,,,,,,,,,nflverse snap_counts (not on desk injury list)
2026,5,2026_05_DET_ARI,401872991,DET,ARI,Larry Borom,00-0036905,BoroLa00,,OL,OL,G/C,T,0.345,0,0,,,,,,,none,,,0,0.8,0,,,,,,,,,,,,,nflverse snap_counts (not on desk injury list)
2026,5,2026_05_DET_ARI,401872991,DET,ARI,Penei Sewell,00-0036880,SewePe00,,T,OL,T,T,1,1,1,,,,,,,none,,,0,1,0,,,,,,,,,,,,,nflverse snap_counts (not on desk injury list)
2026,5,2026_05_DET_ARI,401872991,DET,ARI,Tate Ratledge,00-0040728,RatlTa00,,OL,OL,G/C,G,1,1,1,,,,,,,none,,,0,0.8,0,,,,,,,,,,,,,nflverse snap_counts (not on desk injury list)
2026,5,2026_05_CHI_GB,401872990,GB,CHI,Anthony Campbell,00-0040689,CampAn00,,IDL,F7,DL,DT,0.03,0,0,,,,,,,Questionable,,LP,0.24,0.9,0,QUESTIONABLE,1,0.35,0.09,,,,,,,,,data/injury-2026.json
2026,5,2026_05_CHI_GB,401872990,GB,CHI,Barryn Sorrell,00-0040010,SorrBa00,4683643,DL,F7,DL,OLB,0.492,0,0.25,,,,,,,none,,,0,0.9,0,,,,,,,,,,,,,nflverse snap_counts (not on desk injury list)
2026,5,2026_05_CHI_GB,401872990,GB,CHI,Brenton Cox,00-0038463,CoxxBr02,4361776,DL,F7,DL,OLB,0.39,0,0,,,,,,,none,,,0,0.9,0,,,,,,,,,,,,,nflverse snap_counts (not on desk injury list)
2026,5,2026_05_CHI_GB,401872990,GB,CHI,Chris McClellan,00-0040869,McClCh01,4820574,DT,F7,DL,DT,0.42,0,0,,,,,,,none,,,0,0.9,0,,,,,,,,,,,,,nflverse snap_counts (not on desk injury list)
2026,5,2026_05_CHI_GB,401872990,GB,CHI,Dani Dennis-Sutton,00-0040877,DennDa01,4685315,DE,F7,EDGE,OLB,0.415,0,0,,,,,,,none,,,0,0.7,0,,,,,,,,,,,,,nflverse snap_counts (not on desk injury list)
2026,5,2026_05_CHI_GB,401872990,GB,CHI,Devonte Wyatt,00-0037075,WyatDe00,4361791,DL,F7,DL,DT,0.495,0,0.25,,,,,,,none,,LP,0,0.9,0,,,,,,,,,,,,,nflverse snap_counts (not on desk injury list)
2026,5,2026_05_CHI_GB,401872990,GB,CHI,Edgerrin Cooper,00-0039850,CoopEd00,4430438,LB,F7,LB,ILB,0.825,1,1,,,,,,,IR,,unknown,1,0.7,0.7,IR,1,1,0.2,,,,,,,,,data/injury-2026.json
2026,5,2026_05_CHI_GB,401872990,GB,CHI,Javon Hargrave,00-0033109,HargJa00,2983055,IDL,F7,DL,DT,0.345,0,0,,,,,,,Questionable,,unknown,0.27,0.9,0,QUESTIONABLE,1,0.35,0.07,,,,,,,,,data/injury-2026.json
2026,5,2026_05_CHI_GB,401872990,GB,CHI,Jonathan Ford,00-0037094,FordJo00,4259762,DL,F7,DL,DT,0.362,0,0,,,,,,,none,,,0,0.9,0,,,,,,,,,,,,,nflverse snap_counts (not on desk injury list)
2026,5,2026_05_CHI_GB,401872990,GB,CHI,Karl Brooks,00-0038398,BrooKa00,4373423,DL,F7,DL,DT,0.605,1,0.75,,,,,,,none,,,0,0.9,0,,,,,,,,,,,,,nflverse snap_counts (not on desk injury list)
2026,5,2026_05_CHI_GB,401872990,GB,CHI,Lukas Van Ness,00-0039112,VanNLu00,4686906,DL,F7,DL,OLB,0.703,1,0.75,,,,,,,none,,LP,0,0.9,0,,,,,,,,,,,,,nflverse snap_counts (not on desk injury list)
2026,5,2026_05_CHI_GB,401872990,GB,CHI,Micah Parsons,00-0036932,ParsMi00,4361423,EDGE1,F7,DL,OLB,0,0,0,,,,,,,Out,,unknown,1,0.9,0,OUT,1,1,0.5,,,,,,,,,data/injury-2026.json
2026,5,2026_05_CHI_GB,401872990,GB,CHI,Warren Brinson,00-0040016,BrinWa00,4429136,IDL,F7,DL,DT,0,0,0,,,,,,,IR,,unknown,1,0.9,0,IR,1,1,0.25,,,,,,,,,data/injury-2026.json
2026,5,2026_05_CHI_GB,401872990,GB,CHI,Zaire Franklin,00-0034431,FranZa00,3124005,LB,F7,LB,ILB,1,1,1,,,,,,,none,,,0,0.7,0,,,,,,,,,,,,,nflverse snap_counts (not on desk injury list)
2026,5,2026_05_CHI_GB,401872990,GB,CHI,Aaron Banks,00-0036551,BankAa00,,OG,OL,G/C,G,0.092,0,0,,,,,,,Doubtful,,DNP,1,0.8,0,DOUBTFUL,1,1,0.4,,,,,,,,,data/injury-2026.json
2026,5,2026_05_CHI_GB,401872990,GB,CHI,Anthony Belton,00-0040726,BeltAn00,,T,OL,T,T,0.752,1,1,,,,,,,none,,LP,0,1,0,,,,,,,,,,,,,nflverse snap_counts (not on desk injury list)
2026,5,2026_05_CHI_GB,401872990,GB,CHI,Donovan Jennings,00-0039272,JennDo00,,G,OL,G/C,G,0.338,0,0,,,,,,,none,,,0,0.8,0,,,,,,,,,,,,,nflverse snap_counts (not on desk injury list)
2026,5,2026_05_CHI_GB,401872990,GB,CHI,Jacob Monk,00-0039817,MonkJa00,,C,OL,G/C,C,0.723,1,0.75,,,,,,,Doubtful,,DNP,1,0.8,0.6,DOUBTFUL,1,1,0.25,,,,,,,,,data/injury-2026.json
2026,5,2026_05_CHI_GB,401872990,GB,CHI,Jager Burton,00-0040884,BurtJa02,,C,OL,G/C,C,0.347,0,0,,,,,,,Questionable,,LP,0.24,0.8,0,QUESTIONABLE,1,0.35,0.09,,,,,,,,,data/injury-2026.json
2026,5,2026_05_CHI_GB,401872990,GB,CHI,Jordan Morgan,00-0039904,MorgJo03,,T,OL,T,G,1,1,1,,,,,,,none,,,0,1,0,,,,,,,,,,,,,nflverse snap_counts (not on desk injury list)
2026,5,2026_05_CHI_GB,401872990,GB,CHI,Sean Rhyan,00-0037076,RhyaSe00,,G,OL,G/C,G,1,1,1,,,,,,,none,,,0,0.8,0,,,,,,,,,,,,,nflverse snap_counts (not on desk injury list)
2026,5,2026_05_CHI_GB,401872990,GB,CHI,Zach Bako-Bewele,00-0037817,TomxZa00,,RT,OL,G/C,T,0.263,0,0,,,,,,,IR,,unknown,1,0.8,0,IR,1,1,0.25,,,,,,,,,data/injury-2026.json
2026,5,2026_05_HOU_TEN,401872984,HOU,TEN,Azeez Al-Shaair,00-0035166,AlShAz00,3919117,LB,F7,LB,MLB,0.69,1,0.75,,,,,,,none,,LP,0,0.7,0,,,,,,,,,,,,,nflverse snap_counts (not on desk injury list)
2026,5,2026_05_HOU_TEN,401872984,HOU,TEN,Danielle Hunter,00-0031565,HuntDa01,2976560,DE,F7,EDGE,DE,0.792,1,1,,,,,,,none,,,0,0.7,0,,,,,,,,,,,,,nflverse snap_counts (not on desk injury list)
2026,5,2026_05_HOU_TEN,401872984,HOU,TEN,Henry To'oTo'o,00-0038599,TooTHe00,4426350,LB,F7,LB,OLB,0.22,0,0,,,,,,,IR,,unknown,1,0.7,0,IR,1,1,0.25,,,,,,,,,data/injury-2026.json
2026,5,2026_05_HOU_TEN,401872984,HOU,TEN,Jake Hansen,00-0037457,HansJa01,4033812,LB,F7,LB,MLB,0.738,1,0.75,,,,,,,none,,,0,0.7,0,,,,,,,,,,,,,nflverse snap_counts (not on desk injury list)
2026,5,2026_05_HOU_TEN,401872984,HOU,TEN,Jake Hummel,,HummJa00,,LB,F7,LB,,0,0,0,,,,,,,IR,,unknown,1,0.7,0,IR,1,1,0.25,,,,,,,,,data/injury-2026.json
2026,5,2026_05_HOU_TEN,401872984,HOU,TEN,Kayden McDonald,00-0041440,McDoKa00,4870893,IDL,F7,DL,DT,0,0,0,,,,,,,IR,,FP,1,0.9,0,IR,1,1,0.25,,,,,,,,,data/injury-2026.json
2026,5,2026_05_HOU_TEN,401872984,HOU,TEN,Logan Hall,00-0038127,HallLo00,4360189,DL,F7,DL,DE,0.377,0,0,,,,,,,none,,FP,0,0.9,0,,,,,,,,,,,,,nflverse snap_counts (not on desk injury list)
2026,5,2026_05_HOU_TEN,401872984,HOU,TEN,Mario Edwards Jr.,00-0032265,EdwaMa01,2969921,IDL,F7,DL,DT,0.223,0,0,,,,,,,IR,,unknown,1,0.9,0,IR,1,1,0.25,,,,,,,,,data/injury-2026.json
2026,5,2026_05_HOU_TEN,401872984,HOU,TEN,Sheldon Rankins,00-0032759,RankSh00,2970204,DT,F7,DL,DT,0.698,1,0.75,,,,,,,none,,,0,0.9,0,,,,,,,,,,,,,nflverse snap_counts (not on desk injury list)
2026,5,2026_05_HOU_TEN,401872984,HOU,TEN,Tommy Togiai,00-0036883,TogiTo00,4361366,DT,F7,DL,DT,0.643,1,0.75,,,,,,,none,,,0,0.9,0,,,,,,,,,,,,,nflverse snap_counts (not on desk injury list)
2026,5,2026_05_HOU_TEN,401872984,HOU,TEN,Will Anderson,00-0039108,AndeWi01,4685724,DE,F7,EDGE,DE,0.812,1,1,,,,,,,none,,LP,0,0.7,0,,,,,,,,,,,,,nflverse snap_counts (not on desk injury list)
2026,5,2026_05_HOU_TEN,401872984,HOU,TEN,Aireontae Ersery,00-0040745,ErseAi00,,T,OL,T,T,1,1,1,,,,,,,none,,DNP,0,1,0,,,,,,,,,,,,,nflverse snap_counts (not on desk injury list)
2026,5,2026_05_HOU_TEN,401872984,HOU,TEN,Braden Smith,00-0034836,SmitBr06,,RT,OL,T,T,0,0,0,,,,,,,IR,,FP,1,1,0,IR,1,1,0.25,,,,,,,,,data/injury-2026.json
2026,5,2026_05_HOU_TEN,401872984,HOU,TEN,Ed Ingram,00-0038131,IngrEd00,,G,OL,G/C,G,0.5,0,0.25,,,,,,,none,,DNP,0,0.8,0,,,,,,,,,,,,,nflverse snap_counts (not on desk injury list)
2026,5,2026_05_HOU_TEN,401872984,HOU,TEN,Evan Brown,00-0034495,BrowEv00,,OL,OL,G/C,C,1,1,1,,,,,,,none,,,0,0.8,0,,,,,,,,,,,,,nflverse snap_counts (not on desk injury list)
2026,5,2026_05_HOU_TEN,401872984,HOU,TEN,Keylan Rutledge,00-0041532,RutlKe01,,C,OL,G/C,G,1,1,1,,,,,,,none,,,0,0.8,0,,,,,,,,,,,,,nflverse snap_counts (not on desk injury list)
2026,5,2026_05_HOU_TEN,401872984,HOU,TEN,Trent Brown,00-0032071,BrowTr02,,T,OL,T,T,1,1,1,,,,,,,none,,DNP,0,1,0,,,,,,,,,,,,,nflverse snap_counts (not on desk injury list)
2026,5,2026_05_HOU_TEN,401872984,HOU,TEN,Wyatt Teller,00-0034399,TellWy00,,G,OL,G/C,G,0.5,0,0.25,,,,,,,none,,,0,0.8,0,,,,,,,,,,,,,nflverse snap_counts (not on desk injury list)
2026,5,2026_05_IND_PIT,401872985,IND,PIT,Adetomiwa Adebawore,00-0039031,AdebAd00,4427635,DT,F7,DL,DT,0.323,0,0,,,,,,,none,,,0,0.9,0,,,,,,,,,,,,,nflverse snap_counts (not on desk injury list)
2026,5,2026_05_IND_PIT,401872985,IND,PIT,Akeem Davis-Gaither,00-0036298,DaviAk01,3917142,LB,F7,LB,ILB,0.962,1,1,,,,,,,none,,FP,0,0.7,0,,,,,,,,,,,,,nflverse snap_counts (not on desk injury list)
2026,5,2026_05_IND_PIT,401872985,IND,PIT,Arden Key,00-0034825,KeyxAr00,3843843,EDGE1,F7,LB,DE,0.647,1,0.75,,,,,,,Out,,DNP,1,0.7,0.525,OUT,1,1,0.2,,,,,,,,,data/injury-2026.json
2026,5,2026_05_IND_PIT,401872985,IND,PIT,Bryce Boettcher,00-0041518,BoetBr00,5088571,LB,F7,LB,ILB,0.3,0,0,,,,,,,none,,,0,0.7,0,,,,,,,,,,,,,nflverse snap_counts (not on desk injury list)
2026,5,2026_05_IND_PIT,401872985,IND,PIT,DeForest Buckner,00-0032378,BuckDe00,2971282,DT,F7,DL,DT,0.81,1,1,,,,,,,none,,,0,0.9,0,,,,,,,,,,,,,nflverse snap_counts (not on desk injury list)
2026,5,2026_05_IND_PIT,401872985,IND,PIT,Grover Stewart,00-0033952,StewGr00,4058825,DT,F7,DL,DT,0.603,1,0.75,,,,,,,none,,DNP,0,0.9,0,,,,,,,,,,,,,nflverse snap_counts (not on desk injury list)
2026,5,2026_05_IND_PIT,401872985,IND,PIT,Jaylon Carlies,00-0039377,CarlJa01,4601021,LB,F7,LB,ILB,0.6,1,0.75,,,,,,,Out,,DNP,1,0.7,0.525,OUT,1,1,0.25,,,,,,,,,data/injury-2026.json
2026,5,2026_05_IND_PIT,401872985,IND,PIT,Jerry Tillery,00-0035674,TillJe00,3863182,DL,F7,DL,DT,0.438,0,0,,,,,,,none,,,0,0.9,0,,,,,,,,,,,,,nflverse snap_counts (not on desk injury list)
2026,5,2026_05_IND_PIT,401872985,IND,PIT,Laiatu Latu,00-0039340,LatuLa00,4426473,DE,F7,EDGE,DE,0.715,1,0.75,,,,,,,none,,,0,0.7,0,,,,,,,,,,,,,nflverse snap_counts (not on desk injury list)
2026,5,2026_05_IND_PIT,401872985,IND,PIT,Micheal Clemons,00-0038107,ClemMi03,4240896,EDGE1,F7,DL,DE,0.128,0,0,,,,,,,IR,,unknown,1,0.9,0,IR,1,1,0.2,,,,,,,,,data/injury-2026.json
2026,5,2026_05_IND_PIT,401872985,IND,PIT,Bernhard Raimann,00-0037757,RaimBe00,,T,OL,T,T,0.973,1,1,,,,,,,none,,,0,1,0,,,,,,,,,,,,,nflverse snap_counts (not on desk injury list)
2026,5,2026_05_IND_PIT,401872985,IND,PIT,Jalen Travis,00-0040163,TravJa00,,T,OL,T,T,1,1,1,,,,,,,none,,,0,1,0,,,,,,,,,,,,,nflverse snap_counts (not on desk injury list)
2026,5,2026_05_IND_PIT,401872985,IND,PIT,Matt Goncalves,00-0039736,GoncMa00,,G,OL,G/C,G,1,1,1,,,,,,,none,,,0,0.8,0,,,,,,,,,,,,,nflverse snap_counts (not on desk injury list)
2026,5,2026_05_IND_PIT,401872985,IND,PIT,Quenton Nelson,00-0034342,NelsQu00,,G,OL,G/C,G,0.988,1,1,,,,,,,none,,,0,0.8,0,,,,,,,,,,,,,nflverse snap_counts (not on desk injury list)
2026,5,2026_05_IND_PIT,401872985,IND,PIT,Tanor Bortolini,00-0039744,BortTa00,,C,OL,G/C,C,1,1,1,,,,,,,none,,LP,0,0.8,0,,,,,,,,,,,,,nflverse snap_counts (not on desk injury list)
2026,5,2026_05_PHI_JAX,401872981,JAX,PHI,Arik Armstead,00-0032164,ArmsAr01,2971275,DT,F7,DL,DT,0.642,1,0.75,,,,,,,none,,,0,0.9,0,,,,,,,,,,,,,nflverse snap_counts (not on desk injury list)
2026,5,2026_05_PHI_JAX,401872981,JAX,PHI,B.J. Green II,00-0040329,GreeBJ00,4875266,EDGE1,F7,DL,DE,0,0,0,,,,,,,IR,,unknown,1,0.9,0,IR,1,1,0.25,,,,,,,,,data/injury-2026.json
2026,5,2026_05_PHI_JAX,401872981,JAX,PHI,DaVon Hamilton,00-0036262,HamiDa02,3915520,DT,F7,DL,DT,0.452,0,0.25,,,,,,,none,,LP,0,0.9,0,,,,,,,,,,,,,nflverse snap_counts (not on desk injury list)
2026,5,2026_05_PHI_JAX,401872981,JAX,PHI,Dennis Gardeck,00-0034473,GardDe01,4334300,LB,F7,LB,OLB,0.38,0,0,,,,,,,none,,,0,0.7,0,,,,,,,,,,,,,nflverse snap_counts (not on desk injury list)
2026,5,2026_05_PHI_JAX,401872981,JAX,PHI,Foyesade Oluokun,00-0034413,OluoFo00,3050073,LB,F7,LB,MLB,0.865,1,1,,,,,,,none,,,0,0.7,0,,,,,,,,,,,,,nflverse snap_counts (not on desk injury list)
2026,5,2026_05_PHI_JAX,401872981,JAX,PHI,Josh Hines-Allen,00-0035642,AlleJo03,3915239,DE,F7,EDGE,DE,0.76,1,1,,,,,,,none,,LP,0,0.7,0,,,,,,,,,,,,,nflverse snap_counts (not on desk injury list)
2026,5,2026_05_PHI_JAX,401872981,JAX,PHI,Matt Dickerson,00-0034657,DickMa00,3134316,DL,F7,DL,DT,0.312,0,0,,,,,,,none,,,0,0.9,0,,,,,,,,,,,,,nflverse snap_counts (not on desk injury list)
2026,5,2026_05_PHI_JAX,401872981,JAX,PHI,Ruke Orhorhoro,00-0039733,OrhoRu00,4430271,DL,F7,DL,DT,0.397,0,0,,,,,,,none,,,0,0.9,0,,,,,,,,,,,,,nflverse snap_counts (not on desk injury list)
2026,5,2026_05_PHI_JAX,401872981,JAX,PHI,Travon Walker,00-0037235,WalkTr03,4426349,DE,F7,EDGE,DE,0.755,1,1,,,,,,,none,,,0,0.7,0,,,,,,,,,,,,,nflverse snap_counts (not on desk injury list)
2026,5,2026_05_PHI_JAX,401872981,JAX,PHI,Ventrell Miller,00-0038570,MillVe00,4240610,LB,F7,LB,ILB,0.703,1,0.75,,,,,,,none,,,0,0.7,0,,,,,,,,,,,,,nflverse snap_counts (not on desk injury list)
2026,5,2026_05_PHI_JAX,401872981,JAX,PHI,Anton Harrison,00-0038934,HarrAn00,,OL,OL,G/C,T,1,1,1,,,,,,,none,,LP,0,0.8,0,,,,,,,,,,,,,nflverse snap_counts (not on desk injury list)
2026,5,2026_05_PHI_JAX,401872981,JAX,PHI,Cole Van Lanen,00-0036655,VanxCo00,,OL,OL,G/C,T,0.895,1,1,,,,,,,none,,LP,0,0.8,0,,,,,,,,,,,,,nflverse snap_counts (not on desk injury list)
2026,5,2026_05_PHI_JAX,401872981,JAX,PHI,Emmanuel Pregnon,00-0041050,PregEm00,,OL,OL,G/C,G,1,1,1,,,,,,,none,,,0,0.8,0,,,,,,,,,,,,,nflverse snap_counts (not on desk injury list)
2026,5,2026_05_PHI_JAX,401872981,JAX,PHI,Ezra Cleveland,00-0036327,ClevEz00,,OL,OL,G/C,G,0.95,1,1,,,,,,,none,,,0,0.8,0,,,,,,,,,,,,,nflverse snap_counts (not on desk injury list)
2026,5,2026_05_PHI_JAX,401872981,JAX,PHI,Robert Hainsey,00-0036985,HainRo00,,OL,OL,G/C,C,0.958,1,1,,,,,,,none,,,0,0.8,0,,,,,,,,,,,,,nflverse snap_counts (not on desk injury list)
2026,5,2026_05_DEN_LAC,401872989,LAC,DEN,Akheem Mesidor,00-0041544,MesiAk01,4429190,LB,F7,LB,OLB,0.48,0,0.25,,,,,,,none,,,0,0.7,0,,,,,,,,,,,,,nflverse snap_counts (not on desk injury list)
2026,5,2026_05_DEN_LAC,401872989,LAC,DEN,Daiyan Henley,00-0038553,HenlDa00,4241597,LB,F7,LB,ILB,0.877,1,1,,,,,,,none,,,0,0.7,0,,,,,,,,,,,,,nflverse snap_counts (not on desk injury list)
2026,5,2026_05_DEN_LAC,401872989,LAC,DEN,Dalvin Tomlinson,00-0033546,TomlDa00,2979860,IDL,F7,DL,NT,0.233,0,0,,,,,,,Questionable,,LP,0.24,0.9,0,QUESTIONABLE,1,0.35,0.09,,,,,,,,,data/injury-2026.json
2026,5,2026_05_DEN_LAC,401872989,LAC,DEN,Del'Shawn Phillips,00-0035202,PhilDe00,4240528,LB,F7,LB,ILB,0.63,1,0.75,,,,,,,none,,,0,0.7,0,,,,,,,,,,,,,nflverse snap_counts (not on desk injury list)
2026,5,2026_05_DEN_LAC,401872989,LAC,DEN,Jamaree Caldwell,00-0040144,CaldJa00,5089178,DT,F7,DL,DT,0.593,0,0.25,,,,,,,none,,,0,0.9,0,,,,,,,,,,,,,nflverse snap_counts (not on desk injury list)
2026,5,2026_05_DEN_LAC,401872989,LAC,DEN,Justin Eboigbe,00-0039835,EboiJu00,4567138,DL,F7,DL,DE,0.623,1,0.75,,,,,,,none,,,0,0.9,0,,,,,,,,,,,,,nflverse snap_counts (not on desk injury list)
2026,5,2026_05_DEN_LAC,401872989,LAC,DEN,Khalil Mack,00-0031040,MackKh00,16710,LB,F7,LB,OLB,0.69,1,0.75,,,,,,,none,,FP,0,0.7,0,,,,,,,,,,,,,nflverse snap_counts (not on desk injury list)
2026,5,2026_05_DEN_LAC,401872989,LAC,DEN,Teair Tart,00-0036181,TartTe00,4374269,DL,F7,DL,DT,0.537,0,0.25,,,,,,,none,,,0,0.9,0,,,,,,,,,,,,,nflverse snap_counts (not on desk injury list)
2026,5,2026_05_DEN_LAC,401872989,LAC,DEN,Tuli Tuipulotu,00-0039111,TuipTu00,4431442,LB,F7,LB,OLB,0.78,1,1,,,,,,,none,,,0,0.7,0,,,,,,,,,,,,,nflverse snap_counts (not on desk injury list)
2026,5,2026_05_DEN_LAC,401872989,LAC,DEN,Branson Taylor,00-0040212,TaylBr04,,OG,OL,G/C,G,0,0,0,,,,,,,IR,,LP,1,0.8,0,IR,1,1,0.25,,,,,,,,,data/injury-2026.json
2026,5,2026_05_DEN_LAC,401872989,LAC,DEN,Cole Strange,00-0038103,StraCo01,,OL,OL,G/C,G,0.96,1,1,,,,,,,none,,,0,0.8,0,,,,,,,,,,,,,nflverse snap_counts (not on desk injury list)
2026,5,2026_05_DEN_LAC,401872989,LAC,DEN,Jake Slaughter,00-0041392,SlauJa02,,OL,OL,G/C,G,1,1,1,,,,,,,none,,,0,0.8,0,,,,,,,,,,,,,nflverse snap_counts (not on desk injury list)
2026,5,2026_05_DEN_LAC,401872989,LAC,DEN,Joe Alt,00-0039897,AltxJo01,,RT,OL,T,T,0.843,1,1,,,,,,,Questionable,,DNP,0.45,1,0.45,QUESTIONABLE,1,0.35,0.09,,,,,,,,,data/injury-2026.json
2026,5,2026_05_DEN_LAC,401872989,LAC,DEN,Kayode Awosika,00-0036736,AwosKa00,,OG,OL,G/C,G,0.345,0,0,,,,,,,Questionable,,DNP,0.45,0.8,0,QUESTIONABLE,1,0.35,0.09,,,,,,,,,data/injury-2026.json
2026,5,2026_05_DEN_LAC,401872989,LAC,DEN,Rashawn Slater,00-0037009,SlatRa00,,RT,OL,T,T,0.963,1,1,,,,,,,Out,,DNP,1,1,1,OUT,1,1,0.25,,,,,,,,,data/injury-2026.json
2026,5,2026_05_DEN_LAC,401872989,LAC,DEN,Trevor Penning,00-0037241,PennTr00,,OG,OL,T,G,0.51,0,0.25,,,,,,,Questionable,,DNP,0.45,1,0.113,QUESTIONABLE,1,0.35,0.09,,,,,,,,,data/injury-2026.json
2026,5,2026_05_DEN_LAC,401872989,LAC,DEN,Trey Pipkins III,00-0035688,PipkTr00,,RT,OL,G/C,T,0.09,0,0,,,,,,,IR,,unknown,1,0.8,0,IR,1,1,0.25,,,,,,,,,data/injury-2026.json
2026,5,2026_05_DEN_LAC,401872989,LAC,DEN,Tyler Biadasz,00-0036376,BiadTy00,,C,OL,G/C,C,0,0,0,,,,,,,IR,,unknown,1,0.8,0,IR,1,1,0.2,,,,,,,,,data/injury-2026.json
2026,5,2026_05_BUF_LA,401872994,LAR,BUF,Braden Fiske,00-0039734,FiskBr00,4362245,DE,F7,EDGE,DT,0.552,0,0.25,,,,,,,none,,,0,0.7,0,,,,,,,,,,,,,nflverse snap_counts (not on desk injury list)
2026,5,2026_05_BUF_LA,401872994,LAR,BUF,Byron Young,00-0039137,YounBy01,4875196,LB,F7,LB,OLB,0.8,1,1,,,,,,,none,,,0,0.7,0,,,,,,,,,,,,,nflverse snap_counts (not on desk injury list)
2026,5,2026_05_BUF_LA,401872994,LAR,BUF,Josaiah Stewart,00-0040580,StewJo03,4682983,LB,F7,LB,OLB,0.63,1,0.75,,,,,,,none,,DNP,0,0.7,0,,,,,,,,,,,,,nflverse snap_counts (not on desk injury list)
2026,5,2026_05_BUF_LA,401872994,LAR,BUF,Kobie Turner,00-0039138,TurnKo00,4250621,DE,F7,EDGE,DT,0.662,1,0.75,,,,,,,none,,,0,0.7,0,,,,,,,,,,,,,nflverse snap_counts (not on desk injury list)
2026,5,2026_05_BUF_LA,401872994,LAR,BUF,Myles Garrett,00-0033868,GarrMy00,3122132,EDGE1,F7,EDGE,OLB,0.155,0,0,,,,,,,IR,,unknown,1,0.7,0,IR,1,1,0.5,,,,,,,,,data/injury-2026.json
2026,5,2026_05_BUF_LA,401872994,LAR,BUF,Nate Landman,00-0037587,LandNa01,4243181,LB,F7,LB,ILB,0.907,1,1,,,,,,,Questionable,,DNP,0.45,0.7,0.315,QUESTIONABLE,1,0.35,0.09,,,,,,,,,data/injury-2026.json
2026,5,2026_05_BUF_LA,401872994,LAR,BUF,Omar Speights,00-0039774,SpeiOm00,4428550,LB,F7,LB,ILB,0.448,0,0,,,,,,,none,,,0,0.7,0,,,,,,,,,,,,,nflverse snap_counts (not on desk injury list)
2026,5,2026_05_BUF_LA,401872994,LAR,BUF,Poona Ford,00-0034234,FordPo00,3125114,NT,F7,DL,NT,0.39,0,0,,,,,,,none,,,0,0.9,0,,,,,,,,,,,,,nflverse snap_counts (not on desk injury list)
2026,5,2026_05_BUF_LA,401872994,LAR,BUF,Tyler Davis,00-0039749,DaviTy05,4568217,DE,F7,EDGE,DT,0.387,0,0,,,,,,,none,,,0,0.7,0,,,,,,,,,,,,,nflverse snap_counts (not on desk injury list)
2026,5,2026_05_BUF_LA,401872994,LAR,BUF,Alaric Jackson,00-0036603,JackAl01,,OL,OL,G/C,T,1,1,1,,,,,,,none,,,0,0.8,0,,,,,,,,,,,,,nflverse snap_counts (not on desk injury list)
2026,5,2026_05_BUF_LA,401872994,LAR,BUF,Coleman Shelton,00-0034114,ShelCo00,,OL,OL,G/C,C,1,1,1,,,,,,,none,,,0,0.8,0,,,,,,,,,,,,,nflverse snap_counts (not on desk injury list)
2026,5,2026_05_BUF_LA,401872994,LAR,BUF,Kevin Dotson,00-0036339,DotsKe00,,OL,OL,G/C,G,0.99,1,1,,,,,,,none,,,0,0.8,0,,,,,,,,,,,,,nflverse snap_counts (not on desk injury list)
2026,5,2026_05_BUF_LA,401872994,LAR,BUF,Steve Avila,00-0039058,AvilSt00,,OL,OL,G/C,G,1,1,1,,,,,,,none,,,0,0.8,0,,,,,,,,,,,,,nflverse snap_counts (not on desk injury list)
2026,5,2026_05_BUF_LA,401872994,LAR,BUF,Warren McClendon,00-0039077,McClWa00,,OL,OL,G/C,T,1,1,1,,,,,,,none,,,0,0.8,0,,,,,,,,,,,,,nflverse snap_counts (not on desk injury list)
2026,5,2026_05_LV_NE,401872986,LV,NE,Adam Butler,00-0033381,ButlAd00,2972342,DT,F7,DL,DT,0.412,0,0,,,,,,,none,,,0,0.9,0,,,,,,,,,,,,,nflverse snap_counts (not on desk injury list)
2026,5,2026_05_LV_NE,401872986,LV,NE,Kwity Paye,00-0036479,PayeKw00,4258194,DE,F7,EDGE,DE,0.573,0,0.25,,,,,,,none,,,0,0.7,0,,,,,,,,,,,,,nflverse snap_counts (not on desk injury list)
2026,5,2026_05_LV_NE,401872986,LV,NE,Malcolm Koonce,00-0036989,KoonMa00,4239719,DE,F7,EDGE,DE,0.455,0,0.25,,,,,,,none,,,0,0.7,0,,,,,,,,,,,,,nflverse snap_counts (not on desk injury list)
2026,5,2026_05_LV_NE,401872986,LV,NE,Maxx Crosby,00-0034973,CrosMa00,3916655,DE,F7,EDGE,DE,0.867,1,1,,,,,,,none,,,0,0.7,0,,,,,,,,,,,,,nflverse snap_counts (not on desk injury list)
2026,5,2026_05_LV_NE,401872986,LV,NE,Nakobe Dean,00-0037615,DeanNa00,4426340,LB,F7,LB,ILB,0.985,1,1,,,,,,,none,,,0,0.7,0,,,,,,,,,,,,,nflverse snap_counts (not on desk injury list)
2026,5,2026_05_LV_NE,401872986,LV,NE,Quay Walker,00-0037074,WalkQu00,4379416,LB,F7,LB,ILB,1,1,1,,,,,,,none,,,0,0.7,0,,,,,,,,,,,,,nflverse snap_counts (not on desk injury list)
2026,5,2026_05_LV_NE,401872986,LV,NE,Thomas Booker,00-0037262,BookTh00,4360749,DT,F7,DL,DT,0.328,0,0,,,,,,,none,,,0,0.9,0,,,,,,,,,,,,,nflverse snap_counts (not on desk injury list)
2026,5,2026_05_LV_NE,401872986,LV,NE,Tonka Hemingway,00-0040169,HemiTo00,4429109,DT,F7,DL,DT,0.623,1,0.75,,,,,,,none,,,0,0.9,0,,,,,,,,,,,,,nflverse snap_counts (not on desk injury list)
2026,5,2026_05_LV_NE,401872986,LV,NE,Jackson Powers-Johnson,00-0039735,PoweJa00,,G,OL,G/C,G,0.733,1,0.75,,,,,,,none,,FP,0,0.8,0,,,,,,,,,,,,,nflverse snap_counts (not on desk injury list)
2026,5,2026_05_LV_NE,401872986,LV,NE,Kolton Miller,00-0034759,MillKo00,,T,OL,T,T,1,1,1,,,,,,,none,,,0,1,0,,,,,,,,,,,,,nflverse snap_counts (not on desk injury list)
2026,5,2026_05_LV_NE,401872986,LV,NE,Spencer Burford,00-0037829,BurfSp00,,OL,OL,G/C,G,1,1,1,,,,,,,none,,LP,0,0.8,0,,,,,,,,,,,,,nflverse snap_counts (not on desk injury list)
2026,5,2026_05_LV_NE,401872986,LV,NE,Tyler Linderbaum,00-0037825,LindTy00,,C,OL,G/C,C,1,1,1,,,,,,,none,,,0,0.8,0,,,,,,,,,,,,,nflverse snap_counts (not on desk injury list)
2026,5,2026_05_CIN_MIA,401872982,MIA,CIN,Chop Robinson,00-0039911,RobiCh00,4431586,LB,F7,LB,OLB,0.493,0,0.25,,,,,,,none,,,0,0.7,0,,,,,,,,,,,,,nflverse snap_counts (not on desk injury list)
2026,5,2026_05_CIN_MIA,401872982,MIA,CIN,Jackson Woodard,00-0040066,WoodJa02,4685637,LB,F7,LB,MLB,0.04,0,0,,,,,,,Questionable,,DNP,0.45,0.7,0,QUESTIONABLE,1,0.35,0.09,,,,,,,,,data/injury-2026.json
2026,5,2026_05_CIN_MIA,401872982,MIA,CIN,Jacob Rodriguez,00-0041522,RodrJa00,4566094,LB,F7,LB,MLB,0.98,1,1,,,,,,,none,,,0,0.7,0,,,,,,,,,,,,,nflverse snap_counts (not on desk injury list)
2026,5,2026_05_CIN_MIA,401872982,MIA,CIN,Jordan Phillips,00-0040175,PhilJo02,4837188,DT,F7,DL,DT,0.615,1,0.75,,,,,,,none,,,0,0.9,0,,,,,,,,,,,,,nflverse snap_counts (not on desk injury list)
2026,5,2026_05_CIN_MIA,401872982,MIA,CIN,Jordyn Brooks,00-0036409,BrooJo01,4043130,LB,F7,LB,OLB,0.96,1,1,,,,,,,none,,,0,0.7,0,,,,,,,,,,,,,nflverse snap_counts (not on desk injury list)
2026,5,2026_05_CIN_MIA,401872982,MIA,CIN,Joshua Uche,00-0036159,UcheJo00,4046528,LB,F7,LB,OLB,0.613,1,0.75,,,,,,,none,,,0,0.7,0,,,,,,,,,,,,,nflverse snap_counts (not on desk injury list)
2026,5,2026_05_CIN_MIA,401872982,MIA,CIN,Kenneth Grant,00-0040127,GranKe01,4894654,IDL,F7,DL,DT,0,0,0,,,,,,,IR,,LP,1,0.9,0,IR,1,1,0.2,,,,,,,,,data/injury-2026.json
2026,5,2026_05_CIN_MIA,401872982,MIA,CIN,Kyle Louis,00-0041527,LouiKy00,4880273,LB,F7,EDGE,OLB,0.01,0,0,,,,,,,IR,,unknown,1,0.7,0,IR,1,1,0.25,,,,,,,,,data/injury-2026.json
2026,5,2026_05_CIN_MIA,401872982,MIA,CIN,Malik Herring,00-0036682,HerrMa02,4259547,DE,F7,EDGE,DE,0.41,0,0,,,,,,,none,,,0,0.7,0,,,,,,,,,,,,,nflverse snap_counts (not on desk injury list)
2026,5,2026_05_CIN_MIA,401872982,MIA,CIN,Robert Beal Jr.,,BealRo00,,EDGE1,F7,DL,,0.147,0,0,,,,,,,Questionable,,unknown,0.27,0.9,0,QUESTIONABLE,1,0.35,0.09,,,,,,,,,data/injury-2026.json
2026,5,2026_05_CIN_MIA,401872982,MIA,CIN,Ronnie Harrison Jr.,00-0034779,HarrRo02,3859006,LB,F7,LB,OLB,0,0,0,,,,,,,IR,,unknown,1,0.7,0,IR,1,1,0.25,,,,,,,,,data/injury-2026.json
2026,5,2026_05_CIN_MIA,401872982,MIA,CIN,Willie Gay Jr.,00-0036362,GayJWi00,4259804,LB,F7,LB,OLB,0.502,0,0.25,,,,,,,none,,,0,0.7,0,,,,,,,,,,,,,nflverse snap_counts (not on desk injury list)
2026,5,2026_05_CIN_MIA,401872982,MIA,CIN,Zach Sieler,00-0034285,SielZa00,3057956,DT,F7,DL,DT,0.748,1,0.75,,,,,,,none,,,0,0.9,0,,,,,,,,,,,,,nflverse snap_counts (not on desk injury list)
2026,5,2026_05_CIN_MIA,401872982,MIA,CIN,Zeek Biggers,00-0040248,BiggZe01,4683276,DT,F7,DL,DT,0.598,0,0.25,,,,,,,none,,,0,0.9,0,,,,,,,,,,,,,nflverse snap_counts (not on desk injury list)
2026,5,2026_05_CIN_MIA,401872982,MIA,CIN,Aaron Brewer,00-0036171,BrewAa01,,OL,OL,G/C,C,1,1,1,,,,,,,none,,,0,0.8,0,,,,,,,,,,,,,nflverse snap_counts (not on desk injury list)
2026,5,2026_05_CIN_MIA,401872982,MIA,CIN,Austin Jackson,00-0036248,JackAu00,,OL,OL,G/C,T,1,1,1,,,,,,,none,,LP,0,0.8,0,,,,,,,,,,,,,nflverse snap_counts (not on desk injury list)
2026,5,2026_05_CIN_MIA,401872982,MIA,CIN,Jonah Savaiinaea,00-0040742,SavaJo00,,OL,OL,G/C,G,1,1,1,,,,,,,none,,,0,0.8,0,,,,,,,,,,,,,nflverse snap_counts (not on desk injury list)
2026,5,2026_05_CIN_MIA,401872982,MIA,CIN,Kadyn Proctor,00-0041521,ProcKa00,,G,OL,G/C,T,1,1,1,,,,,,,none,,,0,0.8,0,,,,,,,,,,,,,nflverse snap_counts (not on desk injury list)
2026,5,2026_05_CIN_MIA,401872982,MIA,CIN,Patrick Paul,00-0039899,PaulPa01,,T,OL,T,T,1,1,1,,,,,,,none,,,0,1,0,,,,,,,,,,,,,nflverse snap_counts (not on desk injury list)
2026,5,2026_05_MIN_NO,401872987,MIN,NO,Andrew Van Ginkel,00-0035272,VanGAn00,3133487,LB,F7,LB,OLB,0.825,1,1,,,,,,,none,,,0,0.7,0,,,,,,,,,,,,,nflverse snap_counts (not on desk injury list)
2026,5,2026_05_MIN_NO,401872987,MIN,NO,Blake Cashman,00-0035276,CashBl00,3728281,LB,F7,LB,ILB,0.948,1,1,,,,,,,none,,,0,0.7,0,,,,,,,,,,,,,nflverse snap_counts (not on desk injury list)
2026,5,2026_05_MIN_NO,401872987,MIN,NO,Dallas Turner,00-0039924,TurnDa01,4565190,LB,F7,LB,OLB,0.845,1,1,,,,,,,none,,,0,0.7,0,,,,,,,,,,,,,nflverse snap_counts (not on desk injury list)
2026,5,2026_05_MIN_NO,401872987,MIN,NO,Eric Wilson,00-0033336,WilsEr00,3056916,LB,F7,LB,ILB,0.94,1,1,,,,,,,none,,,0,0.7,0,,,,,,,,,,,,,nflverse snap_counts (not on desk injury list)
2026,5,2026_05_MIN_NO,401872987,MIN,NO,Jalen Redmond,00-0038778,RedmJa01,4360277,DL,F7,DL,DE,0.797,1,1,,,,,,,none,,,0,0.9,0,,,,,,,,,,,,,nflverse snap_counts (not on desk injury list)
2026,5,2026_05_MIN_NO,401872987,MIN,NO,Kyle Van Noy,00-0031360,VanNKy00,16772,LB,F7,LB,OLB,0.35,0,0,,,,,,,none,,,0,0.7,0,,,,,,,,,,,,,nflverse snap_counts (not on desk injury list)
2026,5,2026_05_MIN_NO,401872987,MIN,NO,Levi Drake Rodriguez,00-0039421,RodrLe00,5093973,DL,F7,DL,NT,0.557,0,0.25,,,,,,,none,,,0,0.9,0,,,,,,,,,,,,,nflverse snap_counts (not on desk injury list)
2026,5,2026_05_MIN_NO,401872987,MIN,NO,Tyrion Ingram-Dawkins,00-0040173,IngrTy00,4629149,DL,F7,DL,DE,0.495,0,0.25,,,,,,,none,,,0,0.9,0,,,,,,,,,,,,,nflverse snap_counts (not on desk injury list)
2026,5,2026_05_MIN_NO,401872987,MIN,NO,Blake Brandel,00-0036347,BranBl00,,G,OL,G/C,C,1,1,1,,,,,,,none,,,0,0.8,0,,,,,,,,,,,,,nflverse snap_counts (not on desk injury list)
2026,5,2026_05_MIN_NO,401872987,MIN,NO,Brian O'Neill,00-0034158,ONeiBr00,,RT,OL,T,T,1,1,1,,,,,,,Questionable,,LP,0.24,1,0.24,QUESTIONABLE,1,0.35,0.09,,,,,,,,,data/injury-2026.json
2026,5,2026_05_MIN_NO,401872987,MIN,NO,Christian Darrisaw,00-0036616,DarrCh00,,RT,OL,T,T,0.885,1,1,,,,,,,Out,,DNP,1,1,1,OUT,1,1,0.25,,,,,,,,,data/injury-2026.json
2026,5,2026_05_MIN_NO,401872987,MIN,NO,Donovan Jackson,00-0040661,JackDo03,,OG,OL,G/C,G,0.772,1,1,,,,,,,IR,,unknown,1,0.8,0.8,IR,1,1,0.2,,,,,,,,,data/injury-2026.json
2026,5,2026_05_MIN_NO,401872987,MIN,NO,Michael Jurgens,00-0039419,JurgMi02,,C,OL,G/C,C,0,0,0,,,,,,,IR,,FP,1,0.8,0,IR,1,1,0.25,,,,,,,,,data/injury-2026.json
2026,5,2026_05_MIN_NO,401872987,MIN,NO,Nick Samac,00-0039237,SamaNi00,,C,OL,G/C,C,0,0,0,,,,,,,IR,,unknown,1,0.8,0,IR,1,1,0.25,,,,,,,,,data/injury-2026.json
2026,5,2026_05_MIN_NO,401872987,MIN,NO,Will Fries,00-0036483,FrieWi00,,G,OL,G/C,G,1,1,1,,,,,,,none,,,0,0.8,0,,,,,,,,,,,,,nflverse snap_counts (not on desk injury list)
2026,5,2026_05_LV_NE,401872986,NE,LV,Christian Barmore,00-0036981,BarmCh00,4372030,IDL,F7,DL,DT,0.39,0,0,,,,,,,Questionable,,LP,0.24,0.9,0,QUESTIONABLE,1,0.35,0.07,,,,,,,,,data/injury-2026.json
2026,5,2026_05_LV_NE,401872986,NE,LV,Christian Elliss,00-0036813,ElliCh00,4245273,LB,F7,LB,ILB,0.975,1,1,,,,,,,none,,LP,0,0.7,0,,,,,,,,,,,,,nflverse snap_counts (not on desk injury list)
2026,5,2026_05_LV_NE,401872986,NE,LV,Cory Durden,00-0038653,DurdCo00,4240042,DL,F7,DL,DT,0.537,0,0.25,,,,,,,none,,,0,0.9,0,,,,,,,,,,,,,nflverse snap_counts (not on desk injury list)
2026,5,2026_05_LV_NE,401872986,NE,LV,Dre'Mont Jones,00-0035678,JoneDr00,3915525,LB,F7,LB,OLB,0.463,0,0.25,,,,,,,none,,LP,0,0.7,0,,,,,,,,,,,,,nflverse snap_counts (not on desk injury list)
2026,5,2026_05_LV_NE,401872986,NE,LV,Elijah Ponder,00-0040574,PondEl02,4688432,LB,F7,LB,OLB,0.765,1,1,,,,,,,none,,,0,0.7,0,,,,,,,,,,,,,nflverse snap_counts (not on desk injury list)
2026,5,2026_05_LV_NE,401872986,NE,LV,Gabe Jacas,00-0041569,JacaGa00,4837244,LB,F7,LB,OLB,0.573,0,0.25,,,,,,,none,,,0,0.7,0,,,,,,,,,,,,,nflverse snap_counts (not on desk injury list)
2026,5,2026_05_LV_NE,401872986,NE,LV,Harold Landry,00-0034828,LandHa00,3122793,EDGE1,F7,LB,OLB,0,0,0,,,,,,,Pup,,unknown,1,0.7,0,PUP,1,1,0.25,,,,,,,,,data/injury-2026.json
2026,5,2026_05_LV_NE,401872986,NE,LV,Milton Williams,00-0036916,WillMi08,4239699,DT,F7,DL,DT,0.683,1,0.75,,,,,,,none,,,0,0.9,0,,,,,,,,,,,,,nflverse snap_counts (not on desk injury list)
2026,5,2026_05_LV_NE,401872986,NE,LV,Quintayvious Hutchins,00-0041402,HutcQu00,4698181,LB,F7,LB,OLB,0.058,0,0,,,,,,,IR,,unknown,1,0.7,0,IR,1,1,0.25,,,,,,,,,data/injury-2026.json
2026,5,2026_05_LV_NE,401872986,NE,LV,Robert Spillane,00-0034720,SpilRo00,3129446,LB,F7,LB,ILB,0.988,1,1,,,,,,,none,,,0,0.7,0,,,,,,,,,,,,,nflverse snap_counts (not on desk injury list)
2026,5,2026_05_LV_NE,401872986,NE,LV,Alijah Vera-Tucker,00-0036979,VeraAl00,,G,OL,G/C,G,1,1,1,,,,,,,none,,,0,0.8,0,,,,,,,,,,,,,nflverse snap_counts (not on desk injury list)
2026,5,2026_05_LV_NE,401872986,NE,LV,Greg Van Roten,00-0029685,VanRGr00,,OG,OL,G/C,G,0.278,0,0,,,,,,,IR,,unknown,1,0.8,0,IR,1,1,0.25,,,,,,,,,data/injury-2026.json
2026,5,2026_05_LV_NE,401872986,NE,LV,Jared Wilson,00-0040147,WilsJa02,,OL,OL,G/C,C,0.953,1,1,,,,,,,none,,,0,0.8,0,,,,,,,,,,,,,nflverse snap_counts (not on desk injury list)
2026,5,2026_05_LV_NE,401872986,NE,LV,Mike Onwenu,00-0036198,OnweMi00,,RT,OL,G/C,G,0.318,0,0,,,,,,,IR,,unknown,1,0.8,0,IR,1,1,0.25,,,,,,,,,data/injury-2026.json
2026,5,2026_05_LV_NE,401872986,NE,LV,Morgan Moses,00-0031330,MoseMo00,,T,OL,T,T,0.903,1,1,,,,,,,none,,LP,0,1,0,,,,,,,,,,,,,nflverse snap_counts (not on desk injury list)
2026,5,2026_05_LV_NE,401872986,NE,LV,Will Campbell,00-0040699,CampWi01,,T,OL,T,T,1,1,1,,,,,,,none,,,0,1,0,,,,,,,,,,,,,nflverse snap_counts (not on desk injury list)
2026,5,2026_05_MIN_NO,401872987,NO,MIN,Anfernee Jennings,00-0036193,JennAn00,3925350,LB,F7,LB,OLB,0.195,0,0,,,,,,,Out,,DNP,1,0.7,0,OUT,1,1,0.2,,,,,,,,,data/injury-2026.json
2026,5,2026_05_MIN_NO,401872987,NO,MIN,Bryan Bresee,00-0038995,BresBr00,4428988,IDL,F7,DL,DT,0,0,0,,,,,,,IR,,unknown,1,0.9,0,IR,1,1,0.2,,,,,,,,,data/injury-2026.json
2026,5,2026_05_MIN_NO,401872987,NO,MIN,Cameron Jordan,00-0027962,JordCa00,13971,DE,F7,EDGE,OLB,0.388,0,0,,,,,,,none,,,0,0.7,0,,,,,,,,,,,,,nflverse snap_counts (not on desk injury list)
2026,5,2026_05_MIN_NO,401872987,NO,MIN,Carl Granderson,00-0035402,GranCa01,3918310,DE,F7,EDGE,OLB,0.487,0,0.25,,,,,,,none,,LP,0,0.7,0,,,,,,,,,,,,,nflverse snap_counts (not on desk injury list)
2026,5,2026_05_MIN_NO,401872987,NO,MIN,Chase Young,00-0036321,YounCh04,4241986,DE,F7,EDGE,OLB,0.72,1,0.75,,,,,,,none,,,0,0.7,0,,,,,,,,,,,,,nflverse snap_counts (not on desk injury list)
2026,5,2026_05_MIN_NO,401872987,NO,MIN,Colby Wooden,00-0038387,WoodCo01,4567224,DL,F7,DL,DT,0.3,0,0,,,,,,,none,,,0,0.9,0,,,,,,,,,,,,,nflverse snap_counts (not on desk injury list)
2026,5,2026_05_MIN_NO,401872987,NO,MIN,Danny Stutsman,00-0040155,StutDa00,4683215,LB,F7,LB,ILB,0.502,0,0.25,,,,,,,none,,,0,0.7,0,,,,,,,,,,,,,nflverse snap_counts (not on desk injury list)
2026,5,2026_05_MIN_NO,401872987,NO,MIN,Davon Godchaux,00-0033860,GodcDa00,3115383,DT,F7,DL,NT,0.407,0,0,,,,,,,none,,DNP,0,0.9,0,,,,,,,,,,,,,nflverse snap_counts (not on desk injury list)
2026,5,2026_05_MIN_NO,401872987,NO,MIN,Jaylan Ford,00-0039388,FordJa02,4566088,LB,F7,LB,ILB,0,0,0,,,,,,,IR,,FP,1,0.7,0,IR,1,1,0.25,,,,,,,,,data/injury-2026.json
2026,5,2026_05_MIN_NO,401872987,NO,MIN,Kaden Elliss,00-0035316,ElliKa00,3124890,LB,F7,LB,ILB,0.75,1,1,,,,,,,Out,,DNP,1,0.7,0.7,OUT,1,1,0.25,,,,,,,,,data/injury-2026.json
2026,5,2026_05_MIN_NO,401872987,NO,MIN,Nathan Shepherd,00-0034760,ShepNa00,4076951,DT,F7,DL,DT,0.662,1,0.75,,,,,,,none,,,0,0.9,0,,,,,,,,,,,,,nflverse snap_counts (not on desk injury list)
2026,5,2026_05_MIN_NO,401872987,NO,MIN,Pete Werner,00-0036927,WernPe00,4241993,LB,F7,LB,ILB,0.623,1,0.75,,,,,,,none,,,0,0.7,0,,,,,,,,,,,,,nflverse snap_counts (not on desk injury list)
2026,5,2026_05_MIN_NO,401872987,NO,MIN,Vernon Broughton,00-0040642,BrouVe00,4429040,DL,F7,DL,DT,0.587,0,0.25,,,,,,,none,,,0,0.9,0,,,,,,,,,,,,,nflverse snap_counts (not on desk injury list)
2026,5,2026_05_MIN_NO,401872987,NO,MIN,Asim Richards,00-0038601,RichAs00,,OL,OL,G/C,T,0.603,1,0.75,,,,,,,none,,,0,0.8,0,,,,,,,,,,,,,nflverse snap_counts (not on desk injury list)
2026,5,2026_05_MIN_NO,401872987,NO,MIN,Cesar Ruiz,00-0036408,RuizCe00,,C,OL,G/C,G,1,1,1,,,,,,,none,,,0,0.8,0,,,,,,,,,,,,,nflverse snap_counts (not on desk injury list)
2026,5,2026_05_MIN_NO,401872987,NO,MIN,David Edwards,00-0035668,EdwaDa01,,G,OL,G/C,G,1,1,1,,,,,,,none,,,0,0.8,0,,,,,,,,,,,,,nflverse snap_counts (not on desk injury list)
2026,5,2026_05_MIN_NO,401872987,NO,MIN,Erik McCoy,00-0035242,McCoEr01,,C,OL,G/C,C,1,1,1,,,,,,,none,,,0,0.8,0,,,,,,,,,,,,,nflverse snap_counts (not on desk injury list)
2026,5,2026_05_MIN_NO,401872987,NO,MIN,Kelvin Banks Jr.,00-0040125,BankKe01,,RT,OL,T,T,0.398,0,0,,,,,,,IR,,unknown,1,1,0,IR,1,1,0.2,,,,,,,,,data/injury-2026.json
2026,5,2026_05_MIN_NO,401872987,NO,MIN,Taliese Fuaga,00-0039339,FuagTa00,,T,OL,T,T,1,1,1,,,,,,,none,,,0,1,0,,,,,,,,,,,,,nflverse snap_counts (not on desk injury list)
2026,5,2026_05_NYG_WAS,401872988,NYG,WSH,Abdul Carter,00-0040677,CartAb00,4725996,LB,F7,LB,OLB,0.935,1,1,,,,,,,none,,,0,0.7,0,,,,,,,,,,,,,nflverse snap_counts (not on desk injury list)
2026,5,2026_05_NYG_WAS,401872988,NYG,WSH,Arvell Reese,00-0041509,ReesAr00,4950400,LB,F7,LB,ILB,0.988,1,1,,,,,,,none,,,0,0.7,0,,,,,,,,,,,,,nflverse snap_counts (not on desk injury list)
2026,5,2026_05_NYG_WAS,401872988,NYG,WSH,Brian Burns,00-0035713,BurnBr00,4035631,LB,F7,LB,OLB,0.485,0,0.25,,,,,,,IR,,unknown,1,0.7,0.175,IR,1,1,0.5,,,,,,,,,data/injury-2026.json
2026,5,2026_05_NYG_WAS,401872988,NYG,WSH,Chauncey Golston,00-0036982,GolsCh00,4036132,EDGE1,F7,DL,DE,0.517,0,0.25,,,,,,,Out,,DNP,1,0.9,0.225,OUT,1,1,0.25,,,,,,,,,data/injury-2026.json
2026,5,2026_05_NYG_WAS,401872988,NYG,WSH,D.J. Reader,00-0032424,ReadD.00,2977670,DL,F7,DL,NT,0.535,0,0.25,,,,,,,none,,,0,0.9,0,,,,,,,,,,,,,nflverse snap_counts (not on desk injury list)
2026,5,2026_05_NYG_WAS,401872988,NYG,WSH,Darius Alexander,00-0040694,AlexDa01,4426542,DL,F7,DL,DT,0.31,0,0,,,,,,,none,,,0,0.9,0,,,,,,,,,,,,,nflverse snap_counts (not on desk injury list)
2026,5,2026_05_NYG_WAS,401872988,NYG,WSH,Kayvon Thibodeaux,00-0037611,ThibKa00,4426326,LB,F7,LB,OLB,0.653,1,0.75,,,,,,,none,,,0,0.7,0,,,,,,,,,,,,,nflverse snap_counts (not on desk injury list)
2026,5,2026_05_NYG_WAS,401872988,NYG,WSH,Shelby Harris,00-0031270,HarrSh00,16837,DT,F7,DL,DT,0.477,0,0.25,,,,,,,none,,,0,0.9,0,,,,,,,,,,,,,nflverse snap_counts (not on desk injury list)
2026,5,2026_05_NYG_WAS,401872988,NYG,WSH,Tremaine Edmunds,00-0034673,EdmuTr01,3929950,LB,F7,LB,ILB,1,1,1,,,,,,,none,,,0,0.7,0,,,,,,,,,,,,,nflverse snap_counts (not on desk injury list)
2026,5,2026_05_NYG_WAS,401872988,NYG,WSH,Andrew Thomas,00-0036386,ThomAn02,,RT,OL,T,T,1,1,1,,,,,,,Questionable,,LP,0.24,1,0.24,QUESTIONABLE,1,0.35,0.09,,,,,,,,,data/injury-2026.json
2026,5,2026_05_NYG_WAS,401872988,NYG,WSH,Francis Mauigoa,00-0041505,MauiFr01,,OL,OL,G/C,T,1,1,1,,,,,,,none,,,0,0.8,0,,,,,,,,,,,,,nflverse snap_counts (not on desk injury list)
2026,5,2026_05_NYG_WAS,401872988,NYG,WSH,Jermaine Eluemunor,00-0033290,ElueJe00,,OL,OL,G/C,T,1,1,1,,,,,,,none,,,0,0.8,0,,,,,,,,,,,,,nflverse snap_counts (not on desk injury list)
2026,5,2026_05_NYG_WAS,401872988,NYG,WSH,John Michael Schmitz,00-0039019,MichJo00,,C,OL,G/C,C,0.75,1,1,,,,,,,none,,,0,0.8,0,,,,,,,,,,,,,nflverse snap_counts (not on desk injury list)
2026,5,2026_05_NYG_WAS,401872988,NYG,WSH,Jon Runyan Jr.,00-0036246,RunyJo00,,G,OL,G/C,G,1,1,1,,,,,,,none,,,0,0.8,0,,,,,,,,,,,,,nflverse snap_counts (not on desk injury list)
2026,5,2026_05_CLE_NYJ,401872983,NYJ,CLE,Braiden McGregor,00-0039284,McGrBr00,4429005,EDGE1,F7,EDGE,OLB,0.207,0,0,,,,,,,IR,,unknown,1,0.7,0,IR,1,1,0.25,,,,,,,,,data/injury-2026.json
2026,5,2026_05_CLE_NYJ,401872983,NYJ,CLE,David Bailey,00-0041026,BailDa02,4685248,DE,F7,EDGE,OLB,0.722,1,0.75,,,,,,,none,,,0,0.7,0,,,,,,,,,,,,,nflverse snap_counts (not on desk injury list)
2026,5,2026_05_CLE_NYJ,401872983,NYJ,CLE,David Onyemata,00-0033051,OnyeDa00,4002046,IDL,F7,DL,DT,0.23,0,0,,,,,,,IR,,unknown,1,0.9,0,IR,1,1,0.2,,,,,,,,,data/injury-2026.json
2026,5,2026_05_CLE_NYJ,401872983,NYJ,CLE,Demario Davis,00-0029607,DaviDe00,14958,LB,F7,LB,ILB,1,1,1,,,,,,,none,,,0,0.7,0,,,,,,,,,,,,,nflverse snap_counts (not on desk injury list)
2026,5,2026_05_CLE_NYJ,401872983,NYJ,CLE,Harrison Phillips,00-0034782,PhilHa00,3117255,DL,F7,DL,DT,0.58,0,0.25,,,,,,,none,,,0,0.9,0,,,,,,,,,,,,,nflverse snap_counts (not on desk injury list)
2026,5,2026_05_CLE_NYJ,401872983,NYJ,CLE,Jamien Sherwood,00-0036500,SherJa00,4361331,LB,F7,LB,ILB,0.945,1,1,,,,,,,none,,,0,0.7,0,,,,,,,,,,,,,nflverse snap_counts (not on desk injury list)
2026,5,2026_05_CLE_NYJ,401872983,NYJ,CLE,Jowon Briggs,00-0039431,BrigJo00,4426676,DL,F7,DL,DT,0.52,0,0.25,,,,,,,none,,,0,0.9,0,,,,,,,,,,,,,nflverse snap_counts (not on desk injury list)
2026,5,2026_05_CLE_NYJ,401872983,NYJ,CLE,Kiko Mauigoa,,,,LB,F7,LB,,,0,0,,,,,,,Out,,unknown,1,0.7,0,OUT,1,1,0.25,,,,,,,,,data/injury-2026.json
2026,5,2026_05_CLE_NYJ,401872983,NYJ,CLE,Kingsley Enagbare,00-0037083,EnagKi00,4362840,LB,F7,DL,OLB,0.48,0,0.25,,,,,,,Questionable,,LP,0.24,0.9,0.054,QUESTIONABLE,1,0.35,0.09,,,,,,,,,data/injury-2026.json
2026,5,2026_05_CLE_NYJ,401872983,NYJ,CLE,Marcelino McCrary-Ball,00-0037526,McCrMa01,4045299,LB,F7,LB,ILB,0.025,0,0,,,,,,,IR,,unknown,1,0.7,0,IR,1,1,0.25,,,,,,,,,data/injury-2026.json
2026,5,2026_05_CLE_NYJ,401872983,NYJ,CLE,T'Vondre Sweat,00-0039886,SweaTV01,4428617,NT,F7,DL,DT,0.48,0,0.25,,,,,,,none,,,0,0.9,0,,,,,,,,,,,,,nflverse snap_counts (not on desk injury list)
2026,5,2026_05_CLE_NYJ,401872983,NYJ,CLE,Will McDonald,00-0039142,McDoWi00,4361767,DE,F7,EDGE,OLB,0.492,0,0.25,,,,,,,none,,,0,0.7,0,,,,,,,,,,,,,nflverse snap_counts (not on desk injury list)
2026,5,2026_05_CLE_NYJ,401872983,NYJ,CLE,Armand Membou,00-0040123,MembAr00,,T,OL,T,T,0.992,1,1,,,,,,,none,,,0,1,0,,,,,,,,,,,,,nflverse snap_counts (not on desk injury list)
2026,5,2026_05_CLE_NYJ,401872983,NYJ,CLE,Dylan Parham,00-0037255,ParhDy00,,OG,OL,G/C,G,0.645,1,0.75,,,,,,,Out,,DNP,1,0.8,0.6,OUT,1,1,0.2,,,,,,,,,data/injury-2026.json
2026,5,2026_05_CLE_NYJ,401872983,NYJ,CLE,Joe Tippmann,00-0039145,TippJo00,,C,OL,G/C,G,1,1,1,,,,,,,none,,,0,0.8,0,,,,,,,,,,,,,nflverse snap_counts (not on desk injury list)
2026,5,2026_05_CLE_NYJ,401872983,NYJ,CLE,Jordan Meredith,00-0036604,MereJo00,,C,OL,G/C,C,0.355,0,0,,,,,,,none,,,0,0.8,0,,,,,,,,,,,,,nflverse snap_counts (not on desk injury list)
2026,5,2026_05_CLE_NYJ,401872983,NYJ,CLE,Josh Myers,00-0036622,MyerJo00,,C,OL,G/C,C,1,1,1,,,,,,,none,,,0,0.8,0,,,,,,,,,,,,,nflverse snap_counts (not on desk injury list)
2026,5,2026_05_PHI_JAX,401872981,PHI,JAX,Arnold Ebiketie,00-0038116,EbikAr00,4257591,DE,F7,EDGE,OLB,0.333,0,0,,,,,,,none,,,0,0.7,0,,,,,,,,,,,,,nflverse snap_counts (not on desk injury list)
2026,5,2026_05_PHI_JAX,401872981,PHI,JAX,Jalen Carter,00-0038386,CartJa05,4685759,DT,F7,DL,DT,0.812,1,1,,,,,,,none,,,0,0.9,0,,,,,,,,,,,,,nflverse snap_counts (not on desk injury list)
2026,5,2026_05_PHI_JAX,401872981,PHI,JAX,Jalyx Hunt,00-0039740,HuntJa02,4571162,LB,F7,LB,OLB,0.76,1,1,,,,,,,none,,,0,0.7,0,,,,,,,,,,,,,nflverse snap_counts (not on desk injury list)
2026,5,2026_05_PHI_JAX,401872981,PHI,JAX,Jihaad Campbell,00-0040708,CampJi00,4685287,LB,F7,LB,ILB,0.94,1,1,,,,,,,Questionable,,LP,0.24,0.7,0.168,QUESTIONABLE,1,0.35,0.07,,,,,,,,,data/injury-2026.json
2026,5,2026_05_PHI_JAX,401872981,PHI,JAX,Jonathan Greenard,00-0036224,GreeJo04,3916409,EDGE1,F7,LB,OLB,0.12,0,0,,,,,,,Questionable,,DNP,0.45,0.7,0,QUESTIONABLE,1,0.35,0.09,,,,,,,,,data/injury-2026.json
2026,5,2026_05_PHI_JAX,401872981,PHI,JAX,Jordan Davis,00-0037073,DaviJo03,4381558,DT,F7,DL,DT,0.463,0,0.25,,,,,,,none,,,0,0.9,0,,,,,,,,,,,,,nflverse snap_counts (not on desk injury list)
2026,5,2026_05_PHI_JAX,401872981,PHI,JAX,Moro Ojomo,00-0038412,OjomMo00,4362116,DT,F7,DL,DT,0.688,1,0.75,,,,,,,none,,,0,0.9,0,,,,,,,,,,,,,nflverse snap_counts (not on desk injury list)
2026,5,2026_05_PHI_JAX,401872981,PHI,JAX,Nolan Smith,00-0039013,SmitNo02,4426331,LB,F7,LB,OLB,0.702,1,0.75,,,,,,,none,,,0,0.7,0,,,,,,,,,,,,,nflverse snap_counts (not on desk injury list)
2026,5,2026_05_PHI_JAX,401872981,PHI,JAX,Zack Baun,00-0036418,BaunZa00,3917657,LB,F7,LB,ILB,0.73,1,0.75,,,,,,,Questionable,,LP,0.24,0.7,0.126,QUESTIONABLE,1,0.35,0.17,,,,,,,,,data/injury-2026.json
2026,5,2026_05_PHI_JAX,401872981,PHI,JAX,Drew Kendall,00-0040587,KendDr00,,C,OL,G/C,C,0.75,1,1,,,,,,,none,,DNP,0,0.8,0,,,,,,,,,,,,,nflverse snap_counts (not on desk injury list)
2026,5,2026_05_PHI_JAX,401872981,PHI,JAX,Fred Johnson,00-0034951,JohnFr01,,RT,OL,T,T,0,0,0,,,,,,,Questionable,,LP,0.24,1,0,QUESTIONABLE,1,0.35,0.09,,,,,,,,,data/injury-2026.json
2026,5,2026_05_PHI_JAX,401872981,PHI,JAX,Jordan Mailata,00-0034429,MailJo00,,T,OL,T,T,1,1,1,,,,,,,none,,,0,1,0,,,,,,,,,,,,,nflverse snap_counts (not on desk injury list)
2026,5,2026_05_PHI_JAX,401872981,PHI,JAX,Landon Dickerson,00-0037002,DickLa00,,OG,OL,G/C,G,0.25,0,0,,,,,,,IR,,unknown,1,0.8,0,IR,1,1,0.25,,,,,,,,,data/injury-2026.json
2026,5,2026_05_PHI_JAX,401872981,PHI,JAX,Lane Johnson,00-0030561,JohnLa01,,T,OL,T,T,0.75,1,1,,,,,,,none,,,0,1,0,,,,,,,,,,,,,nflverse snap_counts (not on desk injury list)
2026,5,2026_05_PHI_JAX,401872981,PHI,JAX,Tyler Steen,00-0039001,SteeTy00,,OL,OL,G/C,G,1,1,1,,,,,,,none,,,0,0.8,0,,,,,,,,,,,,,nflverse snap_counts (not on desk injury list)
2026,5,2026_05_IND_PIT,401872985,PIT,IND,Alex Highsmith,00-0036333,HighAl02,4037333,LB,F7,LB,OLB,0.675,1,0.75,,,,,,,none,,,0,0.7,0,,,,,,,,,,,,,nflverse snap_counts (not on desk injury list)
2026,5,2026_05_IND_PIT,401872985,PIT,IND,Cameron Heyward,00-0027969,HeywCa01,13977,DT,F7,DL,DT,0.663,1,0.75,,,,,,,none,,FP,0,0.9,0,,,,,,,,,,,,,nflverse snap_counts (not on desk injury list)
2026,5,2026_05_IND_PIT,401872985,PIT,IND,Derrick Harmon,00-0040678,HarmDe01,4682980,IDL,F7,DL,DT,0.37,0,0,,,,,,,IR,,unknown,1,0.9,0,IR,1,1,0.2,,,,,,,,,data/injury-2026.json
2026,5,2026_05_IND_PIT,401872985,PIT,IND,Keeanu Benton,00-0039110,BentKe00,4426694,DT,F7,DL,DT,0.6,1,0.75,,,,,,,none,,,0,0.9,0,,,,,,,,,,,,,nflverse snap_counts (not on desk injury list)
2026,5,2026_05_IND_PIT,401872985,PIT,IND,Nick Herbig,00-0038577,HerbNi00,4429164,LB,F7,LB,OLB,0.523,0,0.25,,,,,,,none,,,0,0.7,0,,,,,,,,,,,,,nflverse snap_counts (not on desk injury list)
2026,5,2026_05_IND_PIT,401872985,PIT,IND,Patrick Queen,00-0036323,QueePa00,4242207,LB,F7,LB,ILB,1,1,1,,,,,,,none,,,0,0.7,0,,,,,,,,,,,,,nflverse snap_counts (not on desk injury list)
2026,5,2026_05_IND_PIT,401872985,PIT,IND,Payton Wilson,00-0039741,WilsPa00,4361652,LB,F7,LB,ILB,0.81,1,1,,,,,,,none,,,0,0.7,0,,,,,,,,,,,,,nflverse snap_counts (not on desk injury list)
2026,5,2026_05_IND_PIT,401872985,PIT,IND,T.J. Watt,00-0033886,WattT.00,3045282,LB,F7,LB,OLB,0.672,1,0.75,,,,,,,none,,,0,0.7,0,,,,,,,,,,,,,nflverse snap_counts (not on desk injury list)
2026,5,2026_05_IND_PIT,401872985,PIT,IND,Yahya Black,00-0040188,BlacYa00,4430947,DE,F7,EDGE,DT,0.347,0,0,,,,,,,none,,,0,0.7,0,,,,,,,,,,,,,nflverse snap_counts (not on desk injury list)
2026,5,2026_05_IND_PIT,401872985,PIT,IND,Brock Hoffman,00-0037336,HoffBr00,,C,OL,G/C,C,0.51,0,0.25,,,,,,,none,,,0,0.8,0,,,,,,,,,,,,,nflverse snap_counts (not on desk injury list)
2026,5,2026_05_IND_PIT,401872985,PIT,IND,Dylan Cook,00-0037480,CookDy00,,T,OL,T,T,0.49,0,0.25,,,,,,,none,,,0,1,0,,,,,,,,,,,,,nflverse snap_counts (not on desk injury list)
2026,5,2026_05_IND_PIT,401872985,PIT,IND,Gennings Dunker,00-0041396,DunkGe00,,OG,OL,G/C,G,0,0,0,,,,,,,IR,,unknown,1,0.8,0,IR,1,1,0,,,,,,,,,data/injury-2026.json
2026,5,2026_05_IND_PIT,401872985,PIT,IND,Mason McCormick,00-0039358,McCoMa00,,G,OL,G/C,G,1,1,1,,,,,,,none,,,0,0.8,0,,,,,,,,,,,,,nflverse snap_counts (not on desk injury list)
2026,5,2026_05_IND_PIT,401872985,PIT,IND,Max Iheanachor,00-0041482,IheaMa00,,T,OL,T,T,0.512,0,0.25,,,,,,,none,,,0,1,0,,,,,,,,,,,,,nflverse snap_counts (not on desk injury list)
2026,5,2026_05_IND_PIT,401872985,PIT,IND,Spencer Anderson,00-0038645,AndeSp00,,OL,OL,G/C,G,0.49,0,0.25,,,,,,,none,,,0,0.8,0,,,,,,,,,,,,,nflverse snap_counts (not on desk injury list)
2026,5,2026_05_IND_PIT,401872985,PIT,IND,Troy Fautanu,00-0039871,FautTr00,,T,OL,T,T,0.998,1,1,,,,,,,none,,,0,1,0,,,,,,,,,,,,,nflverse snap_counts (not on desk injury list)
2026,5,2026_05_IND_PIT,401872985,PIT,IND,Zach Frazier,00-0039896,FrazZa00,,C,OL,G/C,C,1,1,1,,,,,,,none,,,0,0.8,0,,,,,,,,,,,,,nflverse snap_counts (not on desk injury list)
2026,5,2026_05_SF_SEA,401872992,SEA,SF,Byron Murphy,00-0039309,MurpBy01,4570040,DT,F7,DL,DT,0.662,1,0.75,,,,,,,none,,,0,0.9,0,,,,,,,,,,,,,nflverse snap_counts (not on desk injury list)
2026,5,2026_05_SF_SEA,401872992,SEA,SF,Chazz Surratt,00-0037003,SurrCh00,4037521,LB,F7,LB,ILB,0.01,0,0,,,,,,,Questionable,,DNP,0.45,0.7,0,QUESTIONABLE,1,0.35,0.09,,,,,,,,,data/injury-2026.json
2026,5,2026_05_SF_SEA,401872992,SEA,SF,DeMarcus Lawrence,00-0031411,LawrDe00,16802,LB,F7,LB,OLB,0.607,1,0.75,,,,,,,none,,,0,0.7,0,,,,,,,,,,,,,nflverse snap_counts (not on desk injury list)
2026,5,2026_05_SF_SEA,401872992,SEA,SF,Derick Hall,00-0039047,HallDe04,4567226,LB,F7,LB,OLB,0.575,0,0.25,,,,,,,none,,,0,0.7,0,,,,,,,,,,,,,nflverse snap_counts (not on desk injury list)
2026,5,2026_05_SF_SEA,401872992,SEA,SF,Drake Thomas,00-0038922,ThomDr00,4428659,LB,F7,LB,ILB,0.89,1,1,,,,,,,none,,,0,0.7,0,,,,,,,,,,,,,nflverse snap_counts (not on desk injury list)
2026,5,2026_05_SF_SEA,401872992,SEA,SF,Ernest Jones,00-0036994,JoneEr01,4362851,LB,F7,LB,ILB,0.99,1,1,,,,,,,none,,LP,0,0.7,0,,,,,,,,,,,,,nflverse snap_counts (not on desk injury list)
2026,5,2026_05_SF_SEA,401872992,SEA,SF,Jarran Reed,00-0032387,ReedJa02,3115312,NT,F7,DL,NT,0.48,0,0.25,,,,,,,none,,,0,0.9,0,,,,,,,,,,,,,nflverse snap_counts (not on desk injury list)
2026,5,2026_05_SF_SEA,401872992,SEA,SF,Leonard Williams,00-0031933,WillLe02,2971622,IDL,F7,EDGE,DT,0.695,1,0.75,,,,,,,Questionable,,DNP,0.45,0.7,0.236,QUESTIONABLE,1,0.35,0.17,,,,,,,,,data/injury-2026.json
2026,5,2026_05_SF_SEA,401872992,SEA,SF,Uchenna Nwosu,00-0034350,NwosUc00,3120358,LB,F7,LB,OLB,0.492,0,0.25,,,,,,,none,,,0,0.7,0,,,,,,,,,,,,,nflverse snap_counts (not on desk injury list)
2026,5,2026_05_SF_SEA,401872992,SEA,SF,Abraham Lucas,00-0037812,LucaAb00,,T,OL,T,T,1,1,1,,,,,,,none,,,0,1,0,,,,,,,,,,,,,nflverse snap_counts (not on desk injury list)
2026,5,2026_05_SF_SEA,401872992,SEA,SF,Anthony Bradford,00-0039020,BradAn00,,OG,OL,G/C,G,0.25,0,0,,,,,,,IR,,unknown,1,0.8,0,IR,1,1,0.25,,,,,,,,,data/injury-2026.json
2026,5,2026_05_SF_SEA,401872992,SEA,SF,Beau Stephens,00-0040882,StepBe00,,G,OL,G/C,G,0.302,0,0,,,,,,,none,,FP,0,0.8,0,,,,,,,,,,,,,nflverse snap_counts (not on desk injury list)
2026,5,2026_05_SF_SEA,401872992,SEA,SF,Charles Cross,00-0037821,CrosCh00,,T,OL,T,T,1,1,1,,,,,,,none,,,0,1,0,,,,,,,,,,,,,nflverse snap_counts (not on desk injury list)
2026,5,2026_05_SF_SEA,401872992,SEA,SF,Christian Haynes,00-0039839,HaynCh00,,G,OL,G/C,G,0.448,0,0,,,,,,,none,,,0,0.8,0,,,,,,,,,,,,,nflverse snap_counts (not on desk injury list)
2026,5,2026_05_SF_SEA,401872992,SEA,SF,Grey Zabel,00-0040639,ZabeGr00,,G,OL,G/C,G,1,1,1,,,,,,,none,,,0,0.8,0,,,,,,,,,,,,,nflverse snap_counts (not on desk injury list)
2026,5,2026_05_SF_SEA,401872992,SEA,SF,Jalen Sundell,00-0039926,SundJa00,,C,OL,G/C,C,1,1,1,,,,,,,none,,,0,0.8,0,,,,,,,,,,,,,nflverse snap_counts (not on desk injury list)
2026,5,2026_05_SF_SEA,401872992,SF,SEA,C.J. West,00-0040711,WestCJ00,4686308,IDL,F7,DL,DT,0.205,0,0,,,,,,,IR,,unknown,1,0.9,0,IR,1,1,0.25,,,,,,,,,data/injury-2026.json
2026,5,2026_05_SF_SEA,401872992,SF,SEA,Dre Greenlaw,00-0034982,GreeDr00,3916903,LB,F7,LB,OLB,0.728,1,0.75,,,,,,,none,,FP,0,0.7,0,,,,,,,,,,,,,nflverse snap_counts (not on desk injury list)
2026,5,2026_05_SF_SEA,401872992,SF,SEA,Fred Warner,00-0034815,WarnFr00,3138826,LB,F7,LB,MLB,0.92,1,1,,,,,,,none,,,0,0.7,0,,,,,,,,,,,,,nflverse snap_counts (not on desk injury list)
2026,5,2026_05_SF_SEA,401872992,SF,SEA,Gracen Halton,00-0041557,HaltGr00,4685369,DL,F7,DL,DT,0.443,0,0,,,,,,,none,,,0,0.9,0,,,,,,,,,,,,,nflverse snap_counts (not on desk injury list)
2026,5,2026_05_SF_SEA,401872992,SF,SEA,Jaden Dugger,00-0041078,DuggJa00,5086161,LB,F7,LB,OLB,0.37,0,0,,,,,,,none,,FP,0,0.7,0,,,,,,,,,,,,,nflverse snap_counts (not on desk injury list)
2026,5,2026_05_SF_SEA,401872992,SF,SEA,James Thompson Jr.,00-0041363,ThomJa06,,IDL,F7,DL,DT,0.175,0,0,,,,,,,Doubtful,,DNP,1,0.9,0,DOUBTFUL,1,1,0.25,,,,,,,,,data/injury-2026.json
2026,5,2026_05_SF_SEA,401872992,SF,SEA,Keion White,00-0039148,WhitKe03,4243493,DL,F7,DL,DE,0.615,1,0.75,,,,,,,none,,,0,0.9,0,,,,,,,,,,,,,nflverse snap_counts (not on desk injury list)
2026,5,2026_05_SF_SEA,401872992,SF,SEA,Khalid Kareem,00-0036341,KareKh00,4039029,DE,F7,EDGE,DE,0.353,0,0,,,,,,,none,,,0,0.7,0,,,,,,,,,,,,,nflverse snap_counts (not on desk injury list)
2026,5,2026_05_SF_SEA,401872992,SF,SEA,Mykel Williams,00-0040660,WillMy00,4685623,EDGE1,F7,DL,DE,0,0,0,,,,,,,Pup,,LP,1,0.9,0,PUP,1,1,0.2,,,,,,,,,data/injury-2026.json
2026,5,2026_05_SF_SEA,401872992,SF,SEA,Nick Bosa,00-0035717,BosaNi00,4040605,EDGE1,F7,DL,DE,0.318,0,0,,,,,,,Doubtful,,DNP,1,0.9,0,DOUBTFUL,1,1,0.25,,,,,,,,,data/injury-2026.json
2026,5,2026_05_SF_SEA,401872992,SF,SEA,Osa Odighizuwa,00-0036942,OdigOs00,4035840,DT,F7,DL,DT,0.717,1,0.75,,,,,,,none,,,0,0.9,0,,,,,,,,,,,,,nflverse snap_counts (not on desk injury list)
2026,5,2026_05_SF_SEA,401872992,SF,SEA,Romello Height,00-0041556,HeigRo00,4432244,DL,F7,DL,DE,0.398,0,0,,,,,,,none,,FP,0,0.9,0,,,,,,,,,,,,,nflverse snap_counts (not on desk injury list)
2026,5,2026_05_SF_SEA,401872992,SF,SEA,Colton McKivitz,00-0036256,McKiCo00,,OL,OL,G/C,T,1,1,1,,,,,,,none,,,0,0.8,0,,,,,,,,,,,,,nflverse snap_counts (not on desk injury list)
2026,5,2026_05_SF_SEA,401872992,SF,SEA,Connor Colby,00-0040245,ColbCo00,,OL,OL,G/C,G,1,1,1,,,,,,,none,,,0,0.8,0,,,,,,,,,,,,,nflverse snap_counts (not on desk injury list)
2026,5,2026_05_SF_SEA,401872992,SF,SEA,Dominick Puni,00-0039351,PuniDo00,,OL,OL,G/C,G,0.97,1,1,,,,,,,none,,,0,0.8,0,,,,,,,,,,,,,nflverse snap_counts (not on desk injury list)
2026,5,2026_05_SF_SEA,401872992,SF,SEA,Jake Brendel,00-0032701,BrenJa01,,OL,OL,G/C,C,0.963,1,1,,,,,,,none,,,0,0.8,0,,,,,,,,,,,,,nflverse snap_counts (not on desk injury list)
2026,5,2026_05_SF_SEA,401872992,SF,SEA,Trent Williams,00-0027857,WillTr21,,T,OL,T,T,0.86,1,1,,,,,,,none,,FP,0,1,0,,,,,,,,,,,,,nflverse snap_counts (not on desk injury list)
2026,5,2026_05_TB_DAL,401872980,TB,DAL,A'Shawn Robinson,00-0032889,RobiAS00,3054857,DE,F7,EDGE,DE,0.505,0,0.25,,,,,,,none,,,0,0.7,0,,,,,,,,,,,,,nflverse snap_counts (not on desk injury list)
2026,5,2026_05_TB_DAL,401872980,TB,DAL,Al-Quadin Muhammad,00-0033964,MuhaAl00,3051942,DE,F7,EDGE,OLB,0.502,0,0.25,,,,,,,none,,,0,0.7,0,,,,,,,,,,,,,nflverse snap_counts (not on desk injury list)
2026,5,2026_05_TB_DAL,401872980,TB,DAL,Alex Anzalone,00-0033914,AnzaAl00,3043107,LB,F7,LB,ILB,1,1,1,,,,,,,none,,,0,0.7,0,,,,,,,,,,,,,nflverse snap_counts (not on desk injury list)
2026,5,2026_05_TB_DAL,401872980,TB,DAL,Anthony Nelson,00-0035254,NelsAn01,3894856,LB,F7,LB,OLB,0.352,0,0,,,,,,,none,,LP,0,0.7,0,,,,,,,,,,,,,nflverse snap_counts (not on desk injury list)
2026,5,2026_05_TB_DAL,401872980,TB,DAL,Calijah Kancey,00-0039063,KancCa00,4427673,DL,F7,DL,DE,0.627,1,0.75,,,,,,,none,,,0,0.9,0,,,,,,,,,,,,,nflverse snap_counts (not on desk injury list)
2026,5,2026_05_TB_DAL,401872980,TB,DAL,Josiah Trotter,00-0041502,TrotJo00,4870998,LB,F7,LB,ILB,0.642,1,0.75,,,,,,,none,,FP,0,0.7,0,,,,,,,,,,,,,nflverse snap_counts (not on desk injury list)
2026,5,2026_05_TB_DAL,401872980,TB,DAL,Mohamed Kamara,00-0039877,KamaMo00,4427677,LB,F7,LB,OLB,0,0,0,,,,,,,IR,,unknown,1,0.7,0,IR,1,1,0.25,,,,,,,,,data/injury-2026.json
2026,5,2026_05_TB_DAL,401872980,TB,DAL,Rueben Bain,00-0041031,BainRu00,4870617,LB,F7,LB,OLB,0.31,0,0,,,,,,,none,,FP,0,0.7,0,,,,,,,,,,,,,nflverse snap_counts (not on desk injury list)
2026,5,2026_05_TB_DAL,401872980,TB,DAL,SirVocea Dennis,00-0039049,DennSi00,4429511,LB,F7,LB,ILB,0.2,0,0,,,,,,Ankle,Out,,DNP,1,0.7,0,OUT,1,1,0.25,,,,,,,,,data/injury-2026.json
2026,5,2026_05_TB_DAL,401872980,TB,DAL,Vita Vea,00-0034773,VeaxVi00,3134362,NT,F7,DL,NT,0.723,1,0.75,,,,,,,none,,,0,0.9,0,,,,,,,,,,,,,nflverse snap_counts (not on desk injury list)
2026,5,2026_05_TB_DAL,401872980,TB,DAL,YaYa Diaby,00-0039068,DiabYa00,4686334,LB,F7,LB,OLB,0.635,1,0.75,,,,,,,none,,,0,0.7,0,,,,,,,,,,,,,nflverse snap_counts (not on desk injury list)
2026,5,2026_05_TB_DAL,401872980,TB,DAL,Ben Bredeson,00-0036132,BredBe00,,G,OL,G/C,G,1,1,1,,,,,,,none,,,0,0.8,0,,,,,,,,,,,,,nflverse snap_counts (not on desk injury list)
2026,5,2026_05_TB_DAL,401872980,TB,DAL,Cody Mauch,00-0039157,MaucCo00,,G,OL,G/C,G,1,1,1,,,,,,,none,,,0,0.8,0,,,,,,,,,,,,,nflverse snap_counts (not on desk injury list)
2026,5,2026_05_TB_DAL,401872980,TB,DAL,Graham Barton,00-0039905,BartGr00,,C,OL,G/C,C,1,1,1,,,,,,,none,,,0,0.8,0,,,,,,,,,,,,,nflverse snap_counts (not on desk injury list)
2026,5,2026_05_TB_DAL,401872980,TB,DAL,Luke Goedeke,00-0037835,GoedLu00,,T,OL,T,T,1,1,1,,,,,,,none,,,0,1,0,,,,,,,,,,,,,nflverse snap_counts (not on desk injury list)
2026,5,2026_05_TB_DAL,401872980,TB,DAL,Tristan Wirfs,00-0036406,WirfTr00,,T,OL,T,T,1,1,1,,,,,,,none,,,0,1,0,,,,,,,,,,,,,nflverse snap_counts (not on desk injury list)
2026,5,2026_05_HOU_TEN,401872984,TEN,HOU,Anthony Hill,00-0041479,HillAn01,4870805,LB,F7,LB,MLB,1,1,1,,,,,,,none,,,0,0.7,0,,,,,,,,,,,,,nflverse snap_counts (not on desk injury list)
2026,5,2026_05_HOU_TEN,401872984,TEN,HOU,Cedric Gray,00-0039858,GrayCe00,4429834,LB,F7,LB,OLB,0.333,0,0,,,,,,,none,,,0,0.7,0,,,,,,,,,,,,,nflverse snap_counts (not on desk injury list)
2026,5,2026_05_HOU_TEN,401872984,TEN,HOU,Cody Barton,00-0035672,BartCo00,3926229,LB,F7,LB,MLB,0.818,1,1,,,,,,,none,,,0,0.7,0,,,,,,,,,,,,,nflverse snap_counts (not on desk injury list)
2026,5,2026_05_HOU_TEN,401872984,TEN,HOU,Jacob Martin,00-0034163,MartJa02,3138764,DE,F7,EDGE,DE,0.57,0,0.25,,,,,,,none,,,0,0.7,0,,,,,,,,,,,,,nflverse snap_counts (not on desk injury list)
2026,5,2026_05_HOU_TEN,401872984,TEN,HOU,Jeffery Simmons,00-0035643,SimmJe01,4035369,DT,F7,DL,DT,0.858,1,1,,,,,,,none,,LP,0,0.9,0,,,,,,,,,,,,,nflverse snap_counts (not on desk injury list)
2026,5,2026_05_HOU_TEN,401872984,TEN,HOU,Jermaine Johnson II,00-0037663,JohnJe07,4567962,LB,F7,LB,OLB,0.608,1,0.75,,,,,,,none,,,0,0.7,0,,,,,,,,,,,,,nflverse snap_counts (not on desk injury list)
2026,5,2026_05_HOU_TEN,401872984,TEN,HOU,John Franklin-Myers,00-0034805,FranJo02,3120464,DL,F7,DL,DE,0.537,0,0.25,,,,,,,none,,LP,0,0.9,0,,,,,,,,,,,,,nflverse snap_counts (not on desk injury list)
2026,5,2026_05_HOU_TEN,401872984,TEN,HOU,Jordan Elliott,00-0036266,ElliJo02,4039052,DL,F7,DL,NT,0.34,0,0,,,,,,,none,,,0,0.9,0,,,,,,,,,,,,,nflverse snap_counts (not on desk injury list)
2026,5,2026_05_HOU_TEN,401872984,TEN,HOU,Keldric Faulk,00-0041508,FaulKe01,4870707,DE,F7,EDGE,OLB,0.312,0,0,,,,,,,none,,,0,0.7,0,,,,,,,,,,,,,nflverse snap_counts (not on desk injury list)
2026,5,2026_05_HOU_TEN,401872984,TEN,HOU,Milo Eifler,00-0036511,EiflMi00,4371940,LB,F7,LB,ILB,0,0,0,,,,,,,IR,,unknown,1,0.7,0,IR,1,1,0.25,,,,,,,,,data/injury-2026.json
2026,5,2026_05_HOU_TEN,401872984,TEN,HOU,Andre James,00-0035127,JameAn01,,C,OL,G/C,C,0,0,0,,,,,,,IR,,unknown,1,0.8,0,IR,1,1,0.25,,,,,,,,,data/injury-2026.json
2026,5,2026_05_HOU_TEN,401872984,TEN,HOU,Austin Schlottmann,00-0034112,SchlAu00,,OL,OL,G/C,C,1,1,1,,,,,,,none,,,0,0.8,0,,,,,,,,,,,,,nflverse snap_counts (not on desk injury list)
2026,5,2026_05_HOU_TEN,401872984,TEN,HOU,Dan Moore,00-0036869,MoorDa05,,T,OL,T,T,1,1,1,,,,,,,none,,,0,1,0,,,,,,,,,,,,,nflverse snap_counts (not on desk injury list)
2026,5,2026_05_HOU_TEN,401872984,TEN,HOU,Fernando Carmona,00-0040881,CarmFe00,,OG,OL,G/C,G,0.505,0,0.25,,,,,,,IR,,unknown,1,0.8,0.2,IR,1,1,0.25,,,,,,,,,data/injury-2026.json
2026,5,2026_05_HOU_TEN,401872984,TEN,HOU,JC Latham,00-0039731,LathJC00,,T,OL,T,T,1,1,1,,,,,,,none,,,0,1,0,,,,,,,,,,,,,nflverse snap_counts (not on desk injury list)
2026,5,2026_05_HOU_TEN,401872984,TEN,HOU,Jackson Slater,00-0040190,SlatJa01,,OG,OL,G/C,G,0.245,0,0,,,,,,,IR,,unknown,1,0.8,0,IR,1,1,0.25,,,,,,,,,data/injury-2026.json
2026,5,2026_05_HOU_TEN,401872984,TEN,HOU,Peter Skoronski,00-0039034,SkorPe00,,OL,OL,G/C,G,1,1,1,,,,,,,none,,,0,0.8,0,,,,,,,,,,,,,nflverse snap_counts (not on desk injury list)
2026,5,2026_05_NYG_WAS,401872988,WSH,NYG,Charles Omenihu,00-0035279,OmenCh00,3929865,EDGE1,F7,EDGE,DE,0.46,0,0.25,,,,,,,Questionable,,DNP,0.45,0.7,0.079,QUESTIONABLE,1,0.35,0.07,,,,,,,,,data/injury-2026.json
2026,5,2026_05_NYG_WAS,401872988,WSH,NYG,Daron Payne,00-0034333,PaynDa00,3925354,DT,F7,DL,DT,0.717,1,0.75,,,,,,,none,,,0,0.9,0,,,,,,,,,,,,,nflverse snap_counts (not on desk injury list)
2026,5,2026_05_NYG_WAS,401872988,WSH,NYG,Deatrich Wise Jr.,00-0033947,WiseDe00,2980080,EDGE1,F7,EDGE,DE,0,0,0,,,,,,,Out,,LP,1,0.7,0,OUT,1,1,0.25,,,,,,,,,data/injury-2026.json
2026,5,2026_05_NYG_WAS,401872988,WSH,NYG,Dorance Armstrong Jr.,00-0034373,ArmsDo00,3928979,DE,F7,EDGE,OLB,0.337,0,0,,,,,,,none,,,0,0.7,0,,,,,,,,,,,,,nflverse snap_counts (not on desk injury list)
2026,5,2026_05_NYG_WAS,401872988,WSH,NYG,Frankie Luvu,00-0034302,LuvuFr00,3127273,LB,F7,LB,ILB,0.37,0,0,,,,,,,Questionable,,LP,0.24,0.7,0,QUESTIONABLE,1,0.35,0.07,,,,,,,,,data/injury-2026.json
2026,5,2026_05_NYG_WAS,401872988,WSH,NYG,Javon Kinlaw,00-0036260,KinlJa00,4259491,DT,F7,DL,DT,0.635,1,0.75,,,,,,,none,,FP,0,0.9,0,,,,,,,,,,,,,nflverse snap_counts (not on desk injury list)
2026,5,2026_05_NYG_WAS,401872988,WSH,NYG,Jordan Magee,00-0039368,MageJo00,4568617,LB,F7,LB,ILB,0.04,0,0,,,,,,,IR,,unknown,1,0.7,0,IR,1,1,0.25,,,,,,,,,data/injury-2026.json
2026,5,2026_05_NYG_WAS,401872988,WSH,NYG,K'Lavon Chaisson,00-0036286,ChaiKL00,4242205,LB,F7,LB,OLB,0.69,1,0.75,,,,,,,none,,,0,0.7,0,,,,,,,,,,,,,nflverse snap_counts (not on desk injury list)
2026,5,2026_05_NYG_WAS,401872988,WSH,NYG,Leo Chenal,00-0037819,ChenLe00,4426901,LB,F7,LB,ILB,0.37,0,0,,,,,,,IR,,unknown,1,0.7,0,IR,1,1,0.25,,,,,,,,,data/injury-2026.json
2026,5,2026_05_NYG_WAS,401872988,WSH,NYG,Odafe Oweh,00-0036940,OwehJa00,4361422,LB,F7,LB,OLB,0.69,1,0.75,,,,,,,none,,,0,0.7,0,,,,,,,,,,,,,nflverse snap_counts (not on desk injury list)
2026,5,2026_05_NYG_WAS,401872988,WSH,NYG,Shy Tuttle,00-0035409,TuttSh00,3886601,DT,F7,DL,DT,0.355,0,0,,,,,,,none,,,0,0.9,0,,,,,,,,,,,,,nflverse snap_counts (not on desk injury list)
2026,5,2026_05_NYG_WAS,401872988,WSH,NYG,Sonny Styles,00-0041028,StylSo01,5081807,LB,F7,LB,ILB,0.903,1,1,,,,,,,none,,FP,0,0.7,0,,,,,,,,,,,,,nflverse snap_counts (not on desk injury list)
2026,5,2026_05_NYG_WAS,401872988,WSH,NYG,Tim Settle,00-0034397,SettTi00,3929956,DT,F7,DL,DT,0.365,0,0,,,,,,,none,,,0,0.9,0,,,,,,,,,,,,,nflverse snap_counts (not on desk injury list)
2026,5,2026_05_NYG_WAS,401872988,WSH,NYG,Brandon Coleman,00-0039913,ColeBr02,,T,OL,T,T,0.96,1,1,,,,,,,none,,,0,1,0,,,,,,,,,,,,,nflverse snap_counts (not on desk injury list)
2026,5,2026_05_NYG_WAS,401872988,WSH,NYG,Chris Paul,00-0037092,PaulCh00,,G,OL,G/C,G,1,1,1,,,,,,,none,,,0,0.8,0,,,,,,,,,,,,,nflverse snap_counts (not on desk injury list)
2026,5,2026_05_NYG_WAS,401872988,WSH,NYG,Josh Conerly,00-0040686,ConeJo00,,T,OL,T,T,1,1,1,,,,,,,none,,,0,1,0,,,,,,,,,,,,,nflverse snap_counts (not on desk injury list)
2026,5,2026_05_NYG_WAS,401872988,WSH,NYG,Laremy Tunsil,00-0032380,TunsLa00,,LT,OL,T,T,0,0,0,,,,,,,IR,,unknown,1,1,0,IR,1,1,0.25,,,,,,,,,data/injury-2026.json
2026,5,2026_05_NYG_WAS,401872988,WSH,NYG,Lucas Patrick,00-0033082,PatrLu00,,G,OL,G/C,G,0.485,0,0.25,,,,,,,none,,,0,0.8,0,,,,,,,,,,,,,nflverse snap_counts (not on desk injury list)
2026,5,2026_05_NYG_WAS,401872988,WSH,NYG,Nick Allegretti,00-0035149,AlleNi00,,G,OL,G/C,G,0.75,1,1,,,,,,,none,,DNP,0,0.8,0,,,,,,,,,,,,,nflverse snap_counts (not on desk injury list)
2026,5,2026_05_NYG_WAS,401872988,WSH,NYG,Sam Cosmi,00-0036618,CosmSa00,,OG,OL,T,G,0.49,0,0.25,,,,,,,Questionable,,FP,0.12,1,0.03,QUESTIONABLE,1,0.35,0.09,,,,,,,,,data/injury-2026.json
