player,player_id,position,team_name,player_game_count,assists,batted_passes,catch_rate,declined_penalties,forced_fumbles,franchise_id,fumble_recoveries,fumble_recovery_touchdowns,grades_coverage_defense,grades_defense,grades_defense_penalty,grades_pass_rush_defense,grades_run_defense,grades_tackle,hits,hurries,interception_touchdowns,interceptions,longest,missed_tackle_rate,missed_tackles,pass_break_ups,penalties,qb_rating_against,receptions,sacks,safeties,snap_counts_box,snap_counts_corner,snap_counts_coverage,snap_counts_defense,snap_counts_dl,snap_counts_dl_a_gap,snap_counts_dl_b_gap,snap_counts_dl_outside_t,snap_counts_dl_over_t,snap_counts_fs,snap_counts_offball,snap_counts_pass_rush,snap_counts_run_defense,snap_counts_slot,stops,tackles,tackles_for_loss,targets,total_pressures,touchdowns,yards,yards_after_catch,yards_per_reception
Calais Campbell,4364,DI,ARZ,17,9,2,,1,0,1,0,0,69.2,72.3,73.1,65.1,69.2,35.5,9,18,0,0,,16.7,7,0,1,0.0,0,6,0,3,0,2,524,521,6,258,40,217,0,3,339,183,0,24,26,3,0,33,0,0,0,
Brandon Graham,5538,ED,PHI,9,2,0,,0,0,24,0,0,60.0,58.3,80.6,59.0,59.8,29.8,0,8,0,0,,37.5,3,0,0,0.0,0,3,0,0,0,0,113,112,0,17,62,33,0,1,67,46,1,6,3,0,0,11,0,0,0,
Jason Pierre-Paul,5540,ED,TB,3,0,1,,0,0,30,0,0,61.8,37.2,77.1,57.4,28.7,20.3,0,0,0,0,,100.0,2,0,0,0.0,0,0,0,0,0,3,38,38,0,0,37,1,0,0,22,13,0,0,0,0,0,0,0,0,0,
Von Miller,6154,ED,WAS,17,2,0,100.0,0,0,32,0,0,47.1,64.5,70.4,62.6,67.2,47.7,4,22,0,0,6,20.0,4,0,1,79.2,2,10,0,2,0,12,420,417,0,0,417,0,0,3,289,119,1,17,14,0,2,36,0,6,5,3.0
Cameron Jordan,6176,ED,NO,17,8,2,100.0,0,1,20,1,0,76.9,76.0,88.3,59.5,82.1,73.0,5,21,0,0,12,7.1,3,0,0,95.8,3,10,0,0,0,18,589,588,0,0,584,4,0,1,336,235,1,33,31,5,3,36,0,21,19,7.0
Cameron Heyward,6183,DI,PIT,17,20,5,,1,1,25,0,0,67.4,90.4,48.3,84.9,84.3,75.3,6,40,0,0,,2.7,2,0,4,0.0,0,4,0,2,0,4,822,820,26,415,45,334,0,2,507,311,0,41,52,7,0,50,0,0,0,
Nick Bellore,6515,LB,WAS,2,1,0,,0,0,32,0,0,,39.7,68.5,,46.8,75.0,0,0,0,0,,0.0,0,0,0,0.0,0,0,0,8,0,0,8,0,0,0,0,0,0,8,0,8,0,1,1,0,0,0,0,0,0,
Bobby Wagner,7050,LB,WAS,17,53,0,74.6,1,0,32,0,0,51.1,78.7,48.5,92.4,90.4,90.6,4,11,0,2,69,4.8,8,2,2,107.2,44,5,0,1087,1,588,1132,8,0,0,8,0,0,1124,77,467,36,52,107,3,59,20,3,569,421,12.9
Lavonte David,7060,LB,TB,17,32,0,85.5,1,2,30,2,0,45.1,52.5,86.6,48.6,66.1,48.3,2,10,0,1,24,15.6,19,2,3,132.4,59,4,0,820,9,576,1023,99,0,0,99,0,0,924,95,352,95,43,71,4,69,16,8,549,297,9.3
Demario Davis,7079,LB,NO,17,37,1,93.8,0,2,20,1,0,70.4,81.7,70.5,57.4,89.3,68.9,1,11,0,0,22,10.5,16,2,2,112.2,45,1,0,942,1,517,1079,104,0,0,104,0,0,975,70,492,32,55,99,6,48,13,2,364,277,8.1
Harrison Smith,7641,S,MIN,15,8,4,75.0,0,0,18,1,0,69.2,69.1,63.5,71.5,61.7,46.5,1,8,0,2,30,19.0,12,3,2,81.0,21,1,0,228,6,388,793,73,0,0,73,0,427,720,44,361,59,14,43,2,28,10,1,230,104,11.0
Darius Slay,7817,CB,PIT,10,5,0,70.0,0,0,25,1,0,58.6,58.3,84.9,60.0,54.2,50.6,0,0,0,0,81,16.3,7,3,0,126.7,28,0,0,52,422,329,498,0,0,0,0,0,0,498,1,168,24,8,31,1,40,0,3,396,166,14.1
John Jenkins,7863,DI,BLT,17,9,1,,0,1,3,1,0,59.9,64.7,74.2,66.3,60.4,53.2,0,9,0,0,,9.8,4,0,1,0.0,0,1,0,0,0,3,523,523,127,396,0,0,0,0,255,265,0,23,28,2,0,10,0,0,0,
Jordan Poyer,8000,S,BUF,10,18,0,69.2,0,0,4,0,0,62.1,67.7,81.1,71.7,70.5,62.1,0,0,0,1,20,11.6,8,2,1,82.5,9,1,0,266,0,208,428,21,0,0,21,0,115,407,4,216,26,10,43,1,13,1,1,91,65,10.1
Tony Jefferson,8361,S,LAC,13,14,0,64.3,0,0,27,0,0,71.9,70.3,31.6,75.4,59.7,58.6,2,1,0,4,20,12.9,8,3,1,34.5,9,1,0,104,0,322,492,5,0,0,5,0,351,487,9,161,32,13,40,0,14,4,0,62,43,6.9
Jadeveon Clowney,8636,ED,DAL,13,3,4,,1,1,9,2,0,62.9,79.2,25.7,80.6,70.6,54.1,2,29,0,0,,14.7,5,0,4,0.0,0,9,0,1,0,4,372,371,0,3,359,9,0,1,227,141,0,27,26,4,0,40,0,0,0,
Khalil Mack,8640,ED,LAC,12,5,0,100.0,0,3,27,0,0,79.3,83.1,87.7,69.0,80.7,59.9,5,28,0,0,6,11.1,3,0,0,83.3,3,6,1,2,0,11,424,422,0,4,407,11,0,2,264,149,0,23,19,2,3,39,0,12,3,4.0
DeMarcus Lawrence,8669,ED,SEA,16,15,1,100.0,1,3,29,3,2,85.0,82.9,79.9,62.7,85.0,29.9,12,32,0,0,15,25.8,16,0,2,118.8,1,8,0,11,0,11,625,614,0,20,515,79,0,11,403,211,0,30,31,5,1,52,0,15,4,15.0
Kyle Van Noy,8675,ED,BLT,15,3,1,50.0,0,0,3,0,0,83.2,63.0,57.4,51.8,76.7,53.9,8,17,0,1,13,15.0,3,1,2,27.1,2,2,0,17,1,50,493,474,0,0,473,1,0,19,338,105,1,15,14,2,4,27,0,22,11,11.0
DaQuan Jones,8747,DI,BUF,12,3,0,,0,1,4,0,0,62.6,75.5,86.3,74.7,63.1,65.1,6,12,0,1,,5.3,1,0,0,0.0,0,3,0,0,0,0,424,423,77,287,16,43,0,1,265,159,0,13,15,2,0,21,0,0,0,
Brent Urban,8769,DI,BLT,15,6,0,,0,0,3,0,0,60.3,58.6,62.8,51.1,63.7,37.8,3,3,0,0,,14.3,3,0,1,0.0,0,1,0,0,0,4,295,295,1,152,43,99,0,0,133,158,0,12,12,2,0,7,0,0,0,
Shelby Harris,8869,DI,CLV,17,7,4,,0,0,8,0,0,62.6,62.0,30.5,61.0,64.4,39.3,3,14,0,0,,10.8,4,0,4,0.0,0,2,0,6,0,1,511,505,52,379,1,73,0,6,261,249,0,20,26,7,0,19,0,0,0,
Denico Autry,8982,DI,HST,12,0,1,,0,1,13,0,0,60.0,57.0,26.0,61.3,54.1,53.7,2,13,0,0,,33.3,1,0,2,0.0,0,4,0,0,0,0,206,206,0,20,47,139,0,0,179,27,0,5,2,0,0,19,0,0,0,
Mike Pennel,9316,DI,KC,16,12,0,,0,0,16,0,0,66.5,55.3,85.3,51.0,55.7,66.6,0,4,0,0,,4.0,1,0,0,0.0,0,0,0,0,0,1,308,308,79,228,0,1,0,0,138,169,0,8,12,1,0,4,0,0,0,
Dante Fowler Jr.,9436,ED,DAL,17,4,1,50.0,0,0,9,0,0,64.1,77.6,87.8,72.8,67.8,53.2,7,20,0,0,18,18.8,3,1,0,81.3,1,3,0,2,0,9,358,356,0,6,347,3,0,2,248,101,0,8,9,1,2,30,0,18,10,18.0
Leonard Williams,9439,DI,SEA,17,16,1,100.0,0,0,29,0,0,68.6,75.3,50.7,69.7,70.9,43.1,14,36,0,0,-1,13.8,9,0,4,79.2,1,8,0,18,0,14,810,792,4,435,95,258,0,18,539,257,0,39,40,3,1,58,0,-1,7,-1.0
Arik Armstead,9450,DI,JAX,16,6,0,,0,1,15,0,0,57.7,60.3,87.5,61.6,54.2,44.2,3,39,0,0,,15.4,4,0,0,0.0,0,6,0,13,0,11,620,607,9,340,7,251,0,13,459,150,0,12,16,2,0,48,0,0,0,
Bud Dupree,9455,ED,LAC,16,5,1,83.3,0,0,27,0,0,59.3,54.8,66.7,50.8,61.7,53.7,1,16,0,0,19,15.0,3,0,1,93.8,5,2,0,5,0,35,392,384,0,1,382,1,0,8,203,154,3,12,12,0,6,19,0,39,34,7.8
Shaq Thompson,9458,LB,BUF,11,16,0,80.0,0,1,4,0,0,69.2,64.8,83.6,58.5,57.2,37.1,1,3,0,0,17,20.0,13,2,0,101.3,24,1,0,333,2,208,417,53,0,0,53,0,1,364,26,183,28,16,36,5,30,5,1,169,124,7.0
Mario Edwards Jr.,9468,DI,HST,14,4,0,,0,0,13,0,0,57.2,34.7,18.2,51.7,35.4,59.2,2,10,0,0,,8.3,1,0,3,0.0,0,2,0,0,0,0,282,282,0,187,1,94,0,0,196,86,0,5,7,1,0,14,0,0,0,
Preston Smith,9471,ED,WAS,13,8,0,,0,0,32,0,0,90.4,66.9,86.3,57.7,64.3,53.3,5,11,0,0,,11.1,3,0,0,0.0,0,1,0,0,0,1,283,283,0,3,268,12,0,0,136,146,0,11,16,2,0,17,0,0,0,
Eddie Goldman,9472,DI,WAS,13,9,0,,0,0,32,0,0,60.0,54.0,85.7,64.7,47.2,50.8,1,7,0,0,,7.4,2,0,0,0.0,0,0,0,2,0,0,320,318,144,172,0,2,0,2,154,166,0,13,16,4,0,8,0,0,0,
Eric Kendricks,9478,LB,SF,2,3,0,100.0,0,0,28,0,0,55.3,55.6,75.4,54.7,59.4,66.3,0,0,0,0,19,12.5,1,0,0,106.9,3,0,0,41,0,15,46,4,0,0,4,0,0,42,3,28,1,2,4,0,3,0,0,29,10,9.7
Denzel Perryman,9481,LB,LAC,10,11,0,85.0,0,0,27,0,0,46.8,56.0,23.2,53.0,69.9,58.1,0,0,0,0,27,12.5,7,3,1,106.7,17,0,0,279,1,146,298,1,0,0,1,0,0,297,6,146,17,16,38,4,20,0,0,192,125,11.3
Jordan Phillips,9485,DI,BUF,11,1,1,,0,0,4,0,0,60.1,35.0,52.6,62.9,29.4,72.6,0,4,0,0,,0.0,0,0,1,0.0,0,1,0,0,0,1,202,202,6,170,0,26,0,0,99,102,0,4,6,1,0,5,0,0,0,
Danielle Hunter,9521,ED,HST,17,14,2,100.0,0,3,13,1,0,54.0,89.1,84.9,90.1,63.3,49.8,8,59,0,0,10,20.0,9,0,1,108.3,1,16,0,0,0,3,728,728,0,2,718,8,0,0,500,225,0,31,22,1,1,83,0,10,0,10.0
Za'Darius Smith,9555,ED,PHI,5,1,0,,0,0,24,0,0,52.4,77.7,83.0,74.4,69.5,49.0,2,6,0,0,,20.0,2,0,0,0.0,0,2,0,0,0,1,131,131,0,4,119,8,0,0,92,38,0,6,7,2,0,10,0,0,0,
Grady Jarrett,9570,DI,CHI,14,8,3,,0,0,6,0,0,65.5,56.7,75.4,64.6,44.5,71.0,6,12,0,0,,7.9,3,0,2,0.0,0,3,0,0,0,1,610,610,44,494,9,63,0,0,402,207,0,15,27,0,0,21,0,0,0,
Quandre Diggs,9633,S,SEA,9,6,0,72.7,0,0,29,0,0,64.4,66.1,88.7,55.0,64.7,64.0,0,0,0,0,24,12.5,4,1,0,90.3,8,0,0,89,1,192,328,4,0,0,4,0,214,324,5,131,20,8,22,0,11,0,0,73,33,9.1
Rakeem Nunez-Roches,9650,DI,NYG,9,6,1,,0,0,21,0,0,60.0,51.3,58.1,65.1,48.9,63.8,1,4,0,0,,5.6,1,0,1,0.0,0,3,0,0,0,0,242,242,15,160,19,48,0,0,110,132,0,10,11,1,0,8,0,0,0,
Neville Hewitt,9836,LB,NYG,1,0,0,,0,0,21,0,0,61.9,64.5,71.1,58.3,61.2,,0,0,0,0,,,0,0,0,0.0,0,0,0,5,0,3,6,1,0,0,1,0,0,5,1,2,0,0,0,0,0,0,0,0,0,
Alex Singleton,9994,LB,DEN,16,49,0,81.7,0,1,10,0,0,56.7,70.5,86.0,64.9,83.2,72.2,3,11,0,0,47,8.2,12,4,0,109.9,49,1,0,945,0,587,1029,18,0,0,18,0,1,1011,87,355,65,50,85,1,60,15,2,463,324,9.4
Joey Bosa,10637,ED,BUF,15,3,2,100.0,1,5,4,0,0,61.7,79.3,58.2,88.7,54.6,27.3,12,30,0,0,8,30.6,11,0,3,100.0,1,5,0,0,0,18,563,563,0,4,553,6,0,0,336,209,0,23,22,5,1,47,0,8,5,8.0
Jalen Ramsey,10639,S,PIT,17,19,0,73.8,3,0,25,0,0,59.9,66.0,44.6,65.7,85.0,85.7,1,4,0,1,43,5.6,5,6,7,121.3,45,3,0,157,157,660,1104,18,0,0,18,0,419,1086,27,417,353,24,66,1,61,8,6,466,166,10.4
DeForest Buckner,10641,DI,IND,10,10,0,,0,0,14,0,0,69.4,74.0,86.7,74.9,56.3,70.7,11,21,0,0,,4.4,2,0,0,0.0,0,4,0,17,0,2,469,452,8,286,36,122,0,17,317,150,0,22,33,5,0,36,0,0,0,
Leonard Floyd,10643,ED,ATL,15,6,0,100.0,0,0,2,0,0,51.9,60.0,58.0,61.8,59.8,44.8,9,23,0,0,15,17.6,3,0,2,118.8,1,4,0,0,0,23,460,457,0,1,455,1,0,3,287,150,3,10,8,1,1,36,0,15,18,15.0
Eli Apple,10644,CB,SF,1,0,0,,0,0,28,0,0,60.0,60.3,64.2,,,,0,0,0,0,,,0,0,0,0.0,0,0,0,0,1,1,1,0,0,0,0,0,0,1,0,0,0,0,0,0,0,0,0,0,0,
Sheldon Rankins,10646,DI,HST,17,11,0,,0,0,13,1,1,67.1,73.2,87.8,63.6,70.4,59.7,5,30,0,0,,12.8,5,0,0,0.0,0,3,0,0,0,0,623,623,9,349,20,245,0,0,415,208,0,22,23,3,0,38,0,0,0,
Kenny Clark,10661,DI,DAL,17,12,0,,0,0,9,0,0,61.3,67.6,87.8,72.4,53.7,51.7,6,34,0,0,,16.7,6,0,0,0.0,0,4,0,0,0,2,746,746,109,449,6,182,0,0,462,282,0,19,18,4,0,44,0,0,0,
Emmanuel Ogbah,10666,ED,JAX,13,4,1,66.7,0,0,15,1,0,56.8,45.9,87.2,51.7,42.1,77.7,3,12,0,0,8,0.0,0,0,0,72.9,2,1,0,0,0,17,323,323,0,15,230,78,0,0,182,124,0,5,9,2,3,16,0,11,9,5.5
Chris Jones,10671,DI,KC,17,4,2,,2,0,16,0,0,56.3,70.5,9.5,90.7,43.4,34.0,19,37,0,0,,20.7,6,0,9,0.0,0,7,0,0,0,1,761,761,6,385,101,269,0,0,494,266,0,23,19,6,0,63,0,0,0,
Xavien Howard,10672,CB,IND,4,2,0,72.7,0,0,14,1,0,34.2,36.1,82.4,,51.4,54.2,0,0,0,0,31,15.4,2,0,4,139.2,16,0,0,22,176,141,211,1,0,0,1,0,0,210,0,70,12,2,9,0,22,0,3,195,62,12.2
Austin Johnson,10677,DI,JAX,14,2,1,,0,1,15,0,0,64.6,44.7,83.2,55.4,37.2,43.8,0,1,0,0,,15.4,2,0,0,0.0,0,1,0,0,0,1,192,192,56,134,0,2,0,0,107,84,0,9,9,0,0,2,0,0,0,
Jihad Ward,10678,ED,TEN,17,5,0,83.3,1,0,31,0,0,65.0,50.8,17.9,56.4,53.6,40.7,20,21,0,0,23,21.4,6,1,7,144.4,5,6,0,15,0,31,708,691,7,61,533,90,0,17,410,267,2,18,17,0,6,47,1,55,36,11.0
A'Shawn Robinson,10680,DI,CAR,17,17,3,,0,0,5,1,0,73.1,65.4,65.2,63.8,62.5,57.8,6,22,0,0,,7.5,5,0,2,0.0,0,3,0,0,0,2,658,658,101,420,27,110,0,0,348,308,0,34,45,1,0,31,0,0,0,
Jarran Reed,10683,DI,SEA,13,8,0,,0,0,29,0,0,69.6,62.4,85.8,62.8,54.2,78.1,5,12,0,0,,0.0,0,0,0,0.0,0,3,0,0,0,2,397,397,5,320,7,65,0,0,243,152,0,15,24,2,0,20,0,0,0,
Deion Jones,10686,LB,TB,12,6,0,75.0,0,0,30,0,0,49.0,41.6,78.7,69.3,30.7,56.8,0,3,0,0,16,11.8,2,0,0,90.1,6,0,0,99,2,69,121,5,0,0,5,0,0,116,14,38,14,5,9,0,8,3,0,49,12,8.2
Adam Gotsis,10697,DI,TB,2,0,0,,0,0,30,0,0,,42.6,75.1,52.0,46.0,,1,1,0,0,,,0,0,0,0.0,0,0,0,0,0,0,24,24,0,8,2,14,0,0,12,12,0,0,0,0,0,2,0,0,0,
Kevin Byard,10698,S,CHI,17,25,0,70.6,0,0,6,0,0,72.5,74.2,88.4,49.1,76.4,72.3,0,1,0,7,31,10.6,11,1,0,85.3,24,0,0,188,5,624,1070,21,0,0,21,0,792,1049,12,434,64,17,68,4,34,1,3,282,93,11.8
Maliek Collins,10701,DI,CLV,12,3,0,,0,0,8,1,0,52.8,74.5,55.6,87.2,57.1,28.4,6,14,0,0,,25.0,6,0,2,0.0,0,8,0,1,0,2,473,472,12,316,4,140,0,1,291,180,0,19,15,2,0,28,0,0,0,
Jonathan Bullard,10706,DI,NO,15,6,2,,0,0,20,0,0,60.4,58.9,45.3,52.0,63.9,77.6,0,3,0,0,,0.0,0,0,2,0.0,0,0,0,0,0,1,326,326,0,130,70,126,0,0,116,209,0,15,20,3,0,3,0,0,0,
Javon Hargrave,10723,DI,MIN,16,20,0,,0,1,18,1,0,67.8,68.3,60.5,70.9,57.0,68.7,3,24,0,0,,6.0,3,0,2,0.0,0,4,0,2,0,4,537,535,99,395,0,41,0,2,295,238,0,20,27,1,0,31,0,0,0,
Sheldon Day,10737,DI,WAS,10,0,0,,0,0,32,0,0,61.4,47.3,53.7,51.8,49.1,44.6,1,2,0,0,,14.3,2,0,1,0.0,0,0,0,0,0,2,203,203,20,123,22,38,0,0,95,106,0,6,12,0,0,3,0,0,0,
Eric Murray,10740,S,JAX,12,9,1,75.0,1,1,15,0,0,60.4,61.3,23.6,65.2,65.9,65.8,1,3,0,1,27,11.7,7,4,3,109.2,18,1,0,124,5,379,603,44,0,0,44,0,376,559,21,203,54,13,44,1,24,5,2,197,75,10.9
David Onyemata,10754,DI,ATL,17,18,0,,0,0,2,0,0,67.4,78.1,75.9,67.1,74.1,68.5,1,19,0,0,,4.8,3,0,1,0.0,0,1,0,1,0,0,633,632,92,376,16,148,0,1,325,308,0,28,42,5,0,21,0,0,0,
Andrew Billings,10756,DI,CHI,17,5,0,,0,0,6,0,0,62.3,38.6,21.8,57.1,39.1,47.2,3,8,0,0,,10.0,3,0,5,0.0,0,1,0,0,0,0,510,510,137,366,0,7,0,0,224,286,0,19,22,3,0,12,0,0,0,
Matthew Judon,10780,ED,BUF,14,6,0,85.7,0,0,4,0,0,29.9,43.3,85.7,46.3,55.2,38.6,3,8,0,0,22,19.0,4,0,0,108.3,6,0,0,8,0,38,368,354,0,5,346,3,0,14,168,162,6,5,11,0,7,11,0,70,47,11.7
Quinton Jefferson,10781,DI,DET,1,0,0,,0,0,11,0,0,60.0,64.7,72.7,58.2,60.0,,0,0,0,0,,,0,0,0,0.0,0,0,0,1,0,1,14,13,1,8,0,4,0,1,12,1,0,0,0,0,0,0,0,0,0,
DJ Reader,10800,DI,DET,17,12,0,,0,0,11,0,0,62.1,68.9,64.9,72.6,61.7,59.3,3,17,0,0,,6.5,2,0,2,0.0,0,0,0,1,0,3,583,582,240,331,0,11,0,1,313,267,0,14,17,0,0,20,0,0,0,
Elandon Roberts,10848,LB,LV,17,30,0,87.0,0,0,23,1,0,36.4,57.2,53.8,43.8,76.7,39.7,0,3,0,0,44,17.3,19,1,1,137.5,20,0,0,622,0,268,654,7,0,0,7,0,0,647,17,369,25,38,61,5,23,3,2,231,105,11.6
Jalen Mills,10867,S,DET,5,2,0,50.0,0,0,11,0,0,66.2,68.2,78.7,56.1,65.2,58.1,0,0,0,0,7,14.3,1,0,0,58.3,1,0,0,25,1,80,113,3,0,0,3,0,74,110,2,31,10,1,4,0,2,0,0,7,1,7.0
Mike Hilton,10898,CB,IND,2,1,0,66.7,0,0,14,0,0,56.6,60.0,75.1,73.6,60.6,63.9,0,1,0,0,5,16.7,1,0,1,70.1,2,0,0,17,1,39,70,0,0,0,0,0,0,70,2,29,52,1,4,0,3,1,0,7,1,3.5
Morgan Fox,11184,DI,BUF,1,0,0,,0,0,4,0,0,,36.1,74.7,55.4,42.7,20.9,0,0,0,0,,100.0,1,0,0,0.0,0,0,0,0,0,0,11,11,0,0,11,0,0,0,5,6,0,0,0,0,0,0,0,0,0,
Jonathan Jones,11217,CB,WAS,11,6,0,58.5,0,0,32,0,0,48.0,50.9,84.9,80.2,56.6,61.8,0,0,0,0,27,11.9,5,5,2,83.5,24,1,0,48,413,272,484,9,0,0,9,0,1,475,2,210,13,7,31,0,41,1,0,321,100,13.4
Roy Robertson-Harris,11341,DI,NYG,17,7,1,,1,0,21,0,0,53.4,51.8,77.0,56.8,50.6,57.7,9,12,0,0,,13.5,5,0,3,0.0,0,0,0,1,0,4,627,626,39,316,119,152,0,1,307,316,0,19,25,3,0,21,0,0,0,
Antonio Hamilton Sr.,11353,CB,WAS,7,3,0,64.7,0,0,32,0,0,60.7,63.5,79.5,,71.9,52.7,0,0,0,0,19,14.3,2,1,1,76.1,11,0,0,11,100,70,115,0,0,0,0,0,0,115,0,45,4,2,9,0,17,0,0,82,42,7.5
Myles Garrett,11756,ED,CLV,17,10,1,,2,3,8,0,0,60.6,92.7,27.0,93.3,82.6,77.7,14,45,0,0,,5.3,2,0,9,0.0,0,25,0,10,0,0,869,859,0,4,831,24,0,10,507,362,0,46,26,12,0,84,0,0,0,
Solomon Thomas,11758,DI,DAL,16,10,1,,1,0,9,0,0,67.3,59.6,36.4,55.8,61.4,54.0,3,9,0,0,,17.6,6,0,4,0.0,0,0,0,0,0,1,417,417,4,288,7,118,0,0,233,183,0,13,18,3,0,12,0,0,0,
Jamal Adams,11761,LB,LV,17,6,0,94.7,0,0,23,0,0,69.2,67.3,20.3,71.4,62.3,36.5,1,5,0,0,22,21.4,12,0,2,98.6,36,1,0,254,2,247,448,66,0,0,66,0,2,382,35,166,124,23,38,6,38,7,1,211,196,5.9
Marshon Lattimore,11766,CB,WAS,9,4,0,54.5,2,0,32,1,0,52.6,53.2,50.2,,59.4,60.8,0,0,0,1,44,10.3,3,5,9,87.7,18,0,0,39,454,313,521,4,0,0,4,0,0,517,0,208,24,5,22,1,33,0,2,258,43,14.3
Haason Reddick,11768,ED,TB,13,4,0,82.4,0,1,30,0,0,70.0,57.2,62.4,60.1,45.2,29.9,2,29,0,0,28,20.0,7,0,2,97.1,14,3,0,17,0,86,571,541,0,1,540,0,0,30,308,177,13,19,24,4,17,34,0,124,122,8.9
Derek Barnett,11769,ED,HST,17,5,0,,0,0,13,0,0,60.5,67.0,36.0,69.7,63.1,50.5,5,4,0,0,,16.7,3,0,3,0.0,0,5,0,0,0,1,350,350,0,1,345,4,0,0,195,154,0,13,10,2,0,14,0,0,0,
Malik Hooker,11770,S,DAL,12,14,0,83.3,0,0,9,0,0,51.8,61.0,86.0,58.5,83.4,78.7,0,0,0,0,52,8.8,5,1,0,155.8,15,0,0,115,1,372,593,8,0,0,8,0,424,585,2,219,45,7,38,2,18,0,2,295,91,19.7
Marlon Humphrey,11771,CB,BLT,15,9,0,68.4,2,2,3,1,0,43.8,50.1,64.3,57.9,78.9,48.0,2,2,0,4,62,16.5,13,7,5,90.9,67,1,0,107,446,556,879,27,0,0,27,0,5,852,27,296,294,14,57,2,98,5,3,909,322,13.6
Jonathan Allen,11772,DI,MIN,17,20,0,100.0,0,0,18,1,0,59.6,53.2,69.4,65.0,45.4,39.2,8,22,0,0,4,14.7,11,0,2,83.3,1,4,0,2,0,5,809,807,5,523,42,237,0,2,411,393,0,33,44,5,1,34,0,4,9,4.0
Adoree' Jackson,11773,CB,PHI,14,5,0,63.2,0,0,24,0,0,54.1,54.4,86.9,,53.6,39.5,0,0,0,1,40,17.9,12,6,1,89.3,43,0,0,28,553,380,588,3,0,0,3,0,0,585,0,208,3,10,50,0,68,0,2,504,155,11.7
Jabrill Peppers,11780,S,PIT,4,4,0,71.4,0,1,25,1,0,52.9,65.1,0.0,,90.9,67.0,0,0,0,0,35,8.3,1,0,1,144.0,5,0,0,43,0,50,100,5,0,0,5,0,15,95,0,50,37,3,7,0,7,0,1,72,28,14.4
Tre'Davious White,11782,CB,BUF,16,0,1,48.8,1,0,4,0,0,66.2,63.9,86.8,60.1,50.5,34.1,0,1,0,1,32,22.2,10,5,4,72.5,20,0,0,54,613,397,700,17,0,0,17,0,8,683,4,299,8,18,35,6,41,1,2,233,42,11.7
T.J. Watt,11785,ED,PIT,14,19,6,100.0,0,2,25,2,0,61.1,74.2,39.7,75.5,69.3,47.3,13,25,0,2,17,14.8,8,0,6,62.1,5,8,0,3,0,43,811,805,0,0,803,2,0,6,466,302,3,28,27,3,5,46,0,42,35,8.4
Budda Baker,11791,S,ARZ,16,32,2,77.3,0,0,1,1,0,35.7,52.4,66.0,83.8,76.6,47.4,1,6,0,1,47,17.0,24,2,2,119.6,34,1,0,526,1,583,1042,23,0,0,23,0,305,1019,39,420,187,29,85,3,44,8,4,341,112,10.0
Marcus Maye,11794,S,LAC,1,2,0,0.0,0,0,27,0,0,51.1,49.7,71.9,,59.1,82.2,0,0,0,0,,0.0,0,0,0,39.6,0,0,0,5,0,11,21,0,0,0,0,0,14,21,0,10,2,0,2,0,1,0,0,0,0,
Marcus Williams,11797,S,LAC,3,2,0,100.0,0,0,27,0,0,58.5,62.3,80.6,,70.0,63.5,0,0,0,0,8,10.0,1,0,0,100.0,1,0,0,19,1,63,90,0,0,0,0,0,64,90,0,27,6,2,7,0,1,0,0,8,0,8.0
DeMarcus Walker,11806,ED,WAS,1,0,0,,0,0,32,0,0,,52.6,77.1,68.2,44.8,27.0,0,0,0,0,,50.0,1,0,0,0.0,0,0,0,2,0,0,18,16,0,2,12,2,0,2,8,10,0,0,1,0,0,0,0,0,0,
Dalvin Tomlinson,11810,DI,ARZ,17,8,0,,0,0,1,0,0,,43.2,60.3,59.1,37.3,28.8,2,11,0,0,,20.0,6,0,2,0.0,0,1,0,0,0,0,555,555,188,314,4,49,0,0,311,244,0,13,16,2,0,14,0,0,0,
Zach Cunningham,11812,LB,DET,3,2,0,100.0,0,0,11,0,0,51.9,63.1,73.2,,71.1,78.8,0,0,0,0,22,0.0,0,0,0,118.8,2,0,0,10,1,6,14,2,0,0,2,0,0,12,0,8,1,1,3,0,2,0,0,27,20,13.5
Tanoh Kpassagnon,11814,ED,CHI,4,0,0,,0,0,6,0,0,60.3,51.1,82.8,52.2,51.8,72.8,1,0,0,0,,0.0,0,0,0,0.0,0,1,0,0,0,1,89,89,9,3,71,6,0,0,44,44,0,2,3,0,0,2,0,0,0,
Chidobe Awuzie,11815,CB,BLT,14,7,0,54.7,0,0,3,0,0,77.2,76.4,87.3,64.6,60.3,61.0,0,2,0,0,31,10.0,5,7,1,86.0,29,0,0,33,474,408,558,6,0,0,6,0,2,552,7,143,43,13,38,0,53,2,2,328,68,11.3
Larry Ogunjobi,11820,DI,BUF,10,5,0,,1,0,4,0,0,59.0,46.7,54.6,47.3,53.2,29.3,0,5,0,0,,17.9,5,0,1,0.0,0,0,0,0,0,0,215,215,3,200,0,12,0,0,106,109,0,16,18,4,0,5,0,0,0,
Ahkello Witherspoon,11821,CB,LA,6,1,0,68.8,0,0,26,0,0,52.7,54.6,81.3,,60.9,28.3,0,0,0,1,43,33.3,4,0,1,103.1,11,0,0,33,139,106,174,1,0,0,1,0,0,173,0,68,0,2,7,0,16,0,1,188,43,17.1
Dawuane Smoot,11823,ED,JAX,17,6,0,100.0,0,0,15,0,0,54.0,44.2,86.4,52.3,37.4,31.1,2,14,0,0,7,19.2,5,0,0,95.8,1,2,0,0,0,26,450,450,14,171,146,119,0,0,319,105,0,10,15,1,1,18,0,7,5,7.0
Chris Wormley,11829,DI,IND,5,2,0,,0,0,14,0,0,56.6,56.3,79.4,69.9,51.9,71.9,0,3,0,0,,0.0,0,0,0,0.0,0,1,0,0,0,3,83,83,0,64,1,18,0,0,33,47,0,2,3,0,0,4,0,0,0,
Alex Anzalone,11831,LB,DET,16,27,1,65.6,3,0,11,0,0,65.3,67.8,86.7,66.0,66.0,78.9,4,11,0,1,45,6.9,7,4,5,88.8,40,3,0,706,38,566,1003,82,0,0,82,0,3,921,68,369,174,44,68,3,61,18,2,409,159,10.2
Fabian Moreau,11836,CB,MIN,11,3,0,50.0,0,0,18,0,0,70.3,71.4,82.2,,70.2,85.0,0,0,0,0,11,0.0,0,1,1,57.6,8,0,0,18,157,152,198,0,0,0,0,0,1,198,0,46,22,2,12,0,16,0,0,53,19,6.6
Shaquill Griffin,11845,CB,SEA,2,0,0,75.0,0,0,29,0,0,50.3,52.8,78.8,,65.2,62.2,0,0,0,0,21,12.5,1,0,0,129.7,6,0,0,2,72,56,75,0,0,0,0,0,0,75,0,19,1,3,7,0,8,0,1,49,20,8.2
Jourdan Lewis,11846,CB,JAX,12,8,0,67.2,2,0,15,1,0,69.0,67.2,32.7,63.7,61.5,44.3,1,3,0,2,25,19.1,9,4,9,92.9,41,0,0,77,117,406,612,21,0,0,21,0,5,591,17,189,392,20,30,5,61,4,5,310,183,7.6
Rasul Douglas,11854,CB,MIA,15,16,0,54.7,1,1,17,0,0,72.6,72.7,87.6,82.0,61.8,57.2,1,1,0,2,36,11.3,8,9,5,72.6,41,1,0,81,718,497,851,16,0,0,16,0,0,835,8,346,36,22,47,1,75,3,3,410,142,10.0
Trey Hendrickson,11858,ED,CIN,7,3,0,,0,1,7,0,0,67.1,82.9,43.8,90.0,56.7,68.3,5,14,0,0,,7.7,1,0,2,0.0,0,4,0,0,0,13,285,285,0,0,277,8,0,0,177,95,0,11,9,0,0,23,0,0,0,
Rayshawn Jenkins,11868,S,CLV,17,8,0,63.6,0,0,8,0,0,57.8,55.0,26.4,64.5,52.4,63.4,0,1,0,1,38,13.8,4,0,2,47.2,7,0,0,82,7,201,277,26,0,0,26,0,133,251,5,71,29,8,17,0,11,1,0,79,31,11.3
Carl Lawson,11871,ED,BLT,1,0,0,100.0,0,0,3,0,0,51.8,57.5,78.3,51.4,74.9,69.2,0,0,0,0,11,0.0,0,0,0,112.5,1,0,0,0,0,2,26,26,0,0,26,0,0,0,12,12,0,1,1,0,1,0,0,11,4,11.0
Mack Hollins,11873,WR,NE,1,0,0,,1,0,19,0,0,60.0,60.0,62.9,,,,0,0,0,0,,,0,0,2,0.0,0,0,0,0,0,1,1,0,0,0,0,0,1,1,0,0,0,0,0,0,0,0,0,0,0,
Samson Ebukam,11880,ED,IND,14,4,0,100.0,0,0,14,1,0,77.6,64.1,68.1,60.1,59.0,69.4,7,13,0,0,13,6.3,2,0,1,104.2,3,3,0,3,0,31,416,413,0,3,397,13,0,3,234,151,0,17,26,3,3,23,0,27,11,9.0
Deatrich Wise Jr.,11886,ED,WAS,2,1,0,,0,0,32,0,0,71.3,60.0,6.1,59.8,58.7,73.9,2,2,0,0,,0.0,0,0,1,0.0,0,0,0,0,0,0,51,51,0,1,45,5,0,0,33,18,0,2,3,1,0,4,0,0,0,
Carlos Watkins,11897,DI,TEN,3,0,0,,0,0,31,0,0,,54.8,74.8,55.0,56.9,,0,0,0,0,,,0,0,0,0.0,0,0,0,0,0,0,23,23,1,16,0,6,0,0,10,13,0,0,0,0,0,0,0,0,0,
Grover Stewart,11899,DI,IND,17,19,3,,0,1,14,0,0,63.7,57.3,54.9,59.5,56.8,49.4,5,12,0,1,,6.8,4,0,3,0.0,0,1,0,0,0,5,683,683,280,399,0,4,0,0,354,324,0,22,36,5,0,18,0,0,0,
Damontae Kazee,11904,S,CLV,2,0,0,,0,0,8,0,0,64.0,65.1,72.0,,60.0,,0,0,0,0,,,0,0,0,0.0,0,0,0,0,0,10,11,0,0,0,0,0,8,11,0,1,3,0,0,0,0,0,0,0,0,
Anthony Walker Jr.,11916,LB,TB,1,0,0,,0,0,30,0,0,60.0,62.0,66.1,,,,0,0,0,0,,,0,0,0,0.0,0,0,0,1,0,1,1,0,0,0,0,0,0,1,0,0,0,0,0,0,0,0,0,0,0,
Matt Milano,11918,LB,BUF,12,18,0,78.6,1,1,4,0,0,47.9,43.7,0.0,70.0,46.2,58.3,3,4,0,0,28,13.0,9,0,4,99.8,33,3,0,409,7,204,492,39,0,0,39,0,1,453,38,250,36,29,42,5,42,10,1,254,190,7.7
Davon Godchaux,11934,DI,NO,17,12,0,,0,1,20,0,0,,50.5,58.6,64.1,47.5,59.0,3,6,0,0,,4.7,2,0,2,0.0,0,0,0,0,0,0,455,455,314,141,0,0,0,0,177,278,0,16,29,2,0,9,0,0,0,
Chuck Clark,11941,S,PIT,12,8,0,78.3,1,1,25,0,0,63.4,70.3,83.5,56.5,83.1,71.1,1,0,0,0,42,12.2,6,3,1,138.2,18,0,0,103,5,278,437,15,0,0,15,0,261,422,3,156,53,12,35,2,23,1,2,235,98,13.1
Xavier Woods,11946,S,TEN,11,5,0,81.0,1,0,31,0,0,70.3,65.5,48.4,50.9,54.0,33.4,0,0,0,2,27,25.0,12,1,2,75.5,17,1,0,147,0,310,526,13,0,0,13,0,287,513,10,206,79,8,31,0,21,1,1,164,94,9.6
Al-Quadin Muhammad,11951,ED,DET,17,4,0,50.0,1,0,11,0,0,63.4,74.5,88.2,72.0,59.7,47.6,9,32,0,0,15,23.5,4,0,1,72.9,2,12,0,1,0,21,457,456,4,35,321,96,0,1,353,83,0,15,9,0,4,53,0,28,9,14.0
D.J. Jones,11953,DI,DEN,16,7,0,,0,0,10,0,0,57.0,74.8,87.3,63.6,74.5,27.9,3,16,0,0,,22.7,10,0,0,0.0,0,3,0,0,0,3,431,431,162,264,0,5,0,0,218,210,0,27,27,2,0,22,0,0,0,
Patrick O'Connor,12005,ED,DET,8,0,1,,2,0,11,0,0,60.0,48.5,1.6,52.2,59.8,72.4,0,2,0,0,,0.0,0,0,2,0.0,0,0,0,0,0,1,106,106,0,7,67,32,0,0,53,52,0,4,4,0,0,2,0,0,0,
Michael Davis,12040,CB,NO,2,0,0,0.0,0,0,20,0,0,76.0,76.0,73.1,,60.0,,0,0,0,0,,,0,0,0,39.6,0,0,0,1,3,6,8,0,0,0,0,0,0,8,0,2,4,0,0,0,1,0,0,0,0,
Josh Tupou,12093,DI,BLT,3,3,0,,0,0,3,0,0,,62.2,79.5,65.3,56.3,71.3,0,1,0,0,,0.0,0,0,0,0.0,0,0,0,0,0,0,74,74,9,53,0,12,0,0,42,32,0,1,2,0,0,1,0,0,0,
Adam Butler,12214,DI,LV,15,18,0,100.0,0,0,23,1,0,58.1,53.8,44.6,58.5,55.0,32.6,4,14,0,0,5,13.8,8,0,4,87.5,1,1,0,2,0,18,684,682,77,453,23,129,0,2,359,307,0,23,32,2,1,19,0,5,0,5.0
Arthur Maulet,12224,CB,DET,7,1,0,81.3,0,0,11,0,0,63.0,62.2,80.0,46.1,65.7,85.9,0,0,0,1,31,0.0,0,1,1,99.0,13,0,0,3,20,87,106,1,0,0,1,0,1,105,6,13,81,5,11,0,16,0,1,144,32,11.1
Dare Ogunbowale,12329,HB,HST,1,0,0,,0,0,13,0,0,,60.0,60.0,60.0,,,0,0,0,0,,,0,0,0,0.0,0,0,0,0,0,0,1,0,0,0,0,0,0,1,1,0,0,0,0,0,0,0,0,0,0,
Sam Kamara,24176,DI,CLV,4,2,0,,0,0,8,0,0,62.4,58.3,28.4,59.6,57.4,73.0,0,4,0,0,,12.5,1,0,1,0.0,0,0,0,0,0,1,96,96,1,58,16,21,0,0,38,57,0,4,5,3,0,4,0,0,0,
Nathan Shepherd,24614,DI,NO,16,16,0,,0,1,20,0,0,64.8,62.3,57.3,67.4,55.7,46.7,7,16,0,0,,11.8,6,0,3,0.0,0,3,0,0,0,2,695,695,114,463,36,82,0,0,390,303,0,22,29,1,0,26,0,0,0,
Foyesade Oluokun,24904,LB,JAX,17,42,0,83.8,0,2,15,1,0,75.7,73.9,67.8,47.2,75.8,66.6,1,8,0,1,33,9.3,15,6,2,90.2,62,1,0,893,4,594,1037,46,0,0,46,0,5,991,113,330,89,61,104,5,74,10,0,518,280,8.4
Anfernee Jennings,25449,ED,NE,14,4,0,0.0,1,0,19,1,0,39.3,60.5,64.4,61.1,62.8,37.8,5,8,0,0,,22.7,5,0,1,39.6,0,2,0,1,0,2,280,279,0,0,275,4,0,1,148,130,0,12,13,3,1,15,0,0,0,
Clelin Ferrell,25955,ED,SF,9,5,0,,1,0,28,0,0,73.3,55.7,42.0,52.9,57.9,72.3,1,12,0,0,,9.5,2,0,2,0.0,0,4,0,0,0,4,250,250,0,1,236,13,0,0,156,90,0,8,14,0,0,17,0,0,0,
Dexter Lawrence,25991,DI,NYG,17,12,2,,0,0,21,0,0,67.0,75.6,50.9,84.5,57.1,57.4,7,27,0,1,,5.6,2,0,5,0.0,0,0,0,4,0,0,754,750,373,293,0,84,0,4,482,272,0,16,22,4,0,34,0,0,0,
Maxx Crosby,26316,ED,LV,15,19,4,50.0,1,1,23,0,0,59.0,79.7,33.5,77.1,78.7,55.6,12,31,0,1,5,12.2,9,0,8,16.7,1,10,0,6,0,10,935,928,2,6,863,57,0,7,515,410,1,46,46,17,2,53,0,5,0,5.0
Jeremiah Moon,26453,ED,PIT,2,1,0,100.0,0,0,25,0,0,29.1,32.3,73.8,53.0,60.9,25.4,0,0,0,0,4,50.0,1,0,0,122.9,1,0,0,0,0,4,17,17,0,0,17,0,0,0,7,6,0,0,0,0,1,0,1,4,5,4.0
D.J. Reed,26940,CB,DET,11,5,0,61.4,4,1,11,1,0,61.3,65.2,86.4,58.5,78.7,71.9,0,0,0,2,37,5.7,3,3,6,79.6,35,0,0,32,507,375,583,7,0,0,7,0,0,576,1,207,37,14,45,0,57,0,1,480,124,13.7
Isaiah Rodgers,27069,CB,MIN,17,9,0,64.6,0,2,18,1,1,74.1,73.8,87.6,53.3,66.8,37.6,0,0,1,1,79,16.0,13,3,0,91.5,42,0,0,122,771,520,963,21,0,0,21,0,2,942,3,440,46,23,59,4,65,0,2,495,237,11.8
Bryce Huff,27128,ED,SF,15,11,1,100.0,1,2,28,0,0,39.2,69.2,67.9,74.3,57.2,31.7,11,29,0,0,12,22.2,8,0,2,116.7,1,5,0,5,0,12,532,527,0,0,522,5,0,5,372,148,0,14,17,2,1,45,0,12,7,12.0
Montez Sweat,27271,ED,CHI,17,7,4,75.0,0,3,6,2,0,52.3,71.2,84.3,71.7,62.4,59.6,6,37,0,0,13,12.5,6,0,1,99.0,3,11,0,0,0,20,779,779,0,1,746,32,0,0,460,299,0,37,35,3,4,54,0,33,10,11.0
Devin Bush,27375,LB,CLV,17,39,0,78.6,0,1,8,1,0,80.4,87.6,66.2,69.3,87.2,76.9,2,4,2,3,27,7.0,9,3,2,69.3,33,2,0,692,5,404,873,129,0,0,129,0,0,744,45,424,47,44,81,5,42,8,1,247,176,7.5
Joshua Uche,27379,ED,PHI,9,6,0,50.0,0,0,24,0,0,73.7,86.0,57.1,84.3,69.5,73.9,1,21,0,0,5,4.5,1,0,1,56.3,1,1,0,0,0,15,244,242,0,1,229,12,0,2,142,87,2,12,15,1,2,23,0,5,1,5.0
D'Angelo Ross,27732,CB,CLV,2,0,0,71.4,0,0,8,0,0,65.4,63.6,76.4,,53.2,78.7,0,0,0,0,21,0.0,0,2,0,108.0,5,0,0,1,38,30,41,0,0,0,0,0,0,41,0,11,2,1,5,0,7,0,0,78,27,15.6
Khalil Dorsey,27819,CB,DET,5,0,0,,0,0,11,0,0,53.9,55.7,73.7,,61.5,,0,0,0,0,,,0,0,0,0.0,0,0,0,1,17,11,20,0,0,0,0,0,0,20,0,9,2,0,0,0,0,0,0,0,0,
Ben Skowronek,27948,WR,PIT,1,0,0,,0,0,25,0,0,,60.0,60.5,,60.0,,0,0,0,0,,,0,0,0,0.0,0,0,0,0,0,0,1,0,0,0,0,0,0,1,0,1,0,0,0,0,0,0,0,0,0,
DaVon Hamilton,28072,DI,JAX,17,11,0,,0,0,15,0,0,52.2,58.1,86.9,54.3,61.1,50.7,2,8,0,0,,10.3,4,0,0,0.0,0,1,0,0,0,7,486,486,90,390,0,6,0,0,269,210,0,19,24,1,0,11,0,0,0,
Dre'Mont Jones,28075,ED,BLT,18,13,1,100.0,1,0,3,2,0,55.3,64.7,40.3,69.6,57.9,63.8,15,28,0,0,9,8.1,3,0,5,95.8,2,8,0,9,0,24,790,781,0,29,699,53,0,9,507,259,0,20,21,1,2,51,0,14,13,7.0
Damon Arnette,28080,CB,HST,1,0,0,,0,0,13,0,0,,60.0,66.3,,60.0,,0,0,0,0,,,0,0,0,0.0,0,0,0,0,2,0,2,0,0,0,0,0,0,2,0,2,0,0,0,0,0,0,0,0,0,
Malik Harrison,28081,LB,PIT,11,8,0,100.0,0,0,25,0,0,46.9,57.6,79.4,80.6,62.5,40.5,0,7,0,0,18,20.0,9,0,0,107.5,10,0,0,280,3,119,295,2,0,0,2,0,0,293,17,159,9,13,28,1,10,7,0,98,37,9.8
Jerome Baker,28091,LB,CLV,17,14,0,88.9,0,2,8,0,0,69.1,69.8,76.6,77.7,62.8,73.6,0,2,0,0,19,5.6,2,0,0,99.5,8,1,0,201,0,88,261,31,0,0,31,0,0,230,14,159,29,9,20,1,9,3,0,71,59,8.9
Neville Gallimore,28094,DI,IND,17,11,3,100.0,0,0,14,0,0,58.6,56.6,71.8,70.2,45.8,34.9,3,10,0,0,3,13.2,5,0,1,79.2,1,4,0,1,0,1,467,466,31,395,3,37,0,1,259,207,0,17,22,1,1,17,0,3,4,3.0
Tremon Smith,28196,CB,HST,10,5,0,60.0,0,0,13,0,0,50.3,54.5,81.6,,76.5,73.3,0,0,0,0,66,5.6,1,1,0,123.8,9,0,0,14,155,119,175,0,0,0,0,0,1,175,0,56,5,4,12,1,15,0,1,178,46,19.8
Troy Dye,28251,LB,LAC,16,12,1,80.8,0,0,27,1,0,47.2,61.0,47.9,70.1,74.5,36.4,2,8,0,0,37,20.0,14,3,1,116.3,21,1,0,408,2,243,473,34,0,0,34,0,0,439,37,193,29,20,44,5,26,11,1,230,147,11.0
Brenden Schooler,28253,S,NE,5,0,0,66.7,0,0,19,0,0,42.6,29.9,0.0,55.9,40.1,40.8,0,0,0,0,3,16.7,1,0,1,70.1,2,0,0,13,1,27,43,2,0,0,2,0,25,41,2,14,0,1,5,0,3,0,0,6,0,3.0
Kevin Givens,28308,DI,SF,5,0,0,,0,0,28,0,0,,41.2,80.4,55.6,35.5,70.2,0,4,0,0,,0.0,0,0,0,0.0,0,0,0,0,0,0,116,116,1,90,2,23,0,0,72,44,0,2,2,0,0,4,0,0,0,
Bilal Nichols,28451,DI,ARZ,4,1,0,,0,0,1,0,0,,35.5,78.9,47.5,38.1,70.2,0,0,0,0,,0.0,0,0,0,0.0,0,0,0,0,0,0,60,60,2,22,12,24,0,0,35,25,0,1,1,0,0,0,0,0,0,
DeShon Elliott,28854,S,PIT,5,12,0,72.2,0,1,25,0,0,60.7,68.0,26.1,78.3,79.0,69.1,2,0,0,1,59,10.0,4,1,1,97.7,13,1,0,109,5,184,281,18,0,0,18,0,113,263,13,84,36,6,24,0,18,3,1,173,113,13.3
Jack Jones,29050,CB,MIA,17,18,0,64.8,2,2,17,0,0,54.7,60.2,68.0,84.9,77.8,36.4,0,2,0,1,36,18.8,18,1,9,112.7,35,0,0,62,879,572,980,22,0,0,22,0,0,958,5,403,17,25,60,5,54,2,6,354,149,10.1
Germaine Pratt,29407,LB,IND,16,28,1,66.2,0,1,14,2,0,57.5,62.6,88.2,55.8,66.8,81.5,0,3,0,1,30,5.4,7,5,1,97.1,43,0,0,702,5,457,913,167,0,0,166,1,0,746,63,393,39,41,95,6,65,3,4,403,198,9.4
Chris Board,29456,LB,NYG,1,1,0,100.0,0,0,21,0,0,78.4,73.9,68.5,60.0,57.8,76.1,0,0,0,0,3,0.0,0,0,0,79.2,1,0,0,14,0,5,14,0,0,0,0,0,0,14,1,8,0,1,1,0,1,0,0,3,2,3.0
Logan Wilson,29623,LB,DAL,15,15,1,75.0,0,1,9,1,0,47.6,52.5,84.0,80.4,56.0,66.0,0,4,0,0,22,9.6,7,3,0,118.3,33,0,0,519,3,332,586,10,0,0,10,0,2,576,16,238,52,12,51,0,44,4,3,327,234,9.9
Andrew Van Ginkel,30267,ED,MIN,12,15,5,73.9,0,0,18,2,0,81.5,70.5,74.9,66.8,57.1,36.5,7,10,0,1,23,21.7,13,3,1,72.9,17,8,0,9,0,135,582,538,0,0,538,0,0,44,173,274,35,27,32,6,23,25,0,151,117,8.9
T.J. Edwards,30737,LB,CHI,10,18,1,77.1,0,0,6,0,0,68.6,71.8,83.8,60.7,70.1,75.8,1,5,1,1,42,5.9,4,3,0,119.7,27,1,0,530,2,300,568,8,0,0,8,0,0,560,36,232,28,24,46,4,35,7,3,308,152,11.4
Khalen Saunders,31534,DI,NYJ,9,5,0,,0,0,22,0,0,,52.4,82.4,51.4,54.0,73.9,0,0,0,0,,0.0,0,0,0,0.0,0,1,0,0,0,0,166,166,21,144,0,1,0,0,75,91,0,3,6,0,0,1,0,0,0,
Dane Jackson,32989,CB,BUF,1,0,0,,0,0,4,0,0,60.0,62.0,66.1,,60.0,,0,0,0,0,,,0,0,0,0.0,0,0,0,1,2,1,3,0,0,0,0,0,0,3,0,2,0,0,0,0,0,0,0,0,0,
Eric Johnson,33698,DI,IND,12,0,0,,0,0,14,0,0,66.0,47.6,80.8,49.2,43.3,71.0,0,2,0,0,,0.0,0,0,0,0.0,0,0,0,0,0,0,131,131,34,91,0,6,0,0,73,58,0,1,5,1,0,2,0,0,0,
Mike Hughes,34057,CB,ATL,12,7,0,56.1,0,0,2,0,0,59.8,58.6,57.7,,54.7,61.2,0,0,0,1,52,12.3,7,3,2,84.5,37,0,0,58,620,406,689,0,0,0,0,0,1,689,0,283,10,15,43,2,66,0,3,426,88,11.5
Kendall Sheffield,34105,CB,MIA,2,0,0,100.0,0,0,17,0,0,75.7,56.9,72.8,,47.4,73.0,0,0,0,0,6,0.0,0,0,0,91.7,1,0,0,3,1,16,22,0,0,0,0,0,0,22,0,6,18,1,1,0,1,0,0,6,3,6.0
Darnell Savage,34247,S,BUF,12,6,0,70.0,0,1,4,0,0,46.2,45.3,82.7,55.1,53.0,53.4,0,2,0,0,24,17.4,4,2,0,126.0,14,0,0,80,2,168,265,16,0,0,16,0,146,249,3,94,21,2,13,0,20,2,3,125,56,8.9
Zayne Anderson,34622,S,GB,3,0,0,50.0,0,0,12,0,0,49.3,49.5,74.3,,61.2,,0,0,0,0,4,,0,0,0,56.3,1,0,0,10,0,13,22,2,0,0,2,0,5,20,0,9,5,0,0,0,2,0,0,4,6,4.0
Zack Baun,34632,LB,PHI,16,31,0,65.6,0,1,24,1,0,83.9,82.7,69.2,80.4,70.7,62.7,2,10,0,2,20,11.6,15,4,1,73.2,40,4,0,784,5,560,1039,77,0,0,77,0,2,962,76,403,170,41,83,3,61,16,2,281,164,7.0
Akeem Davis-Gaither,34788,LB,ARZ,17,26,0,79.4,1,1,1,1,0,36.5,49.9,85.5,54.5,66.9,55.9,1,3,0,1,30,12.0,13,2,1,122.4,50,1,0,610,0,390,781,98,0,0,98,0,15,683,39,352,58,33,69,2,63,5,5,543,325,10.9
Jamel Dean,34918,CB,TB,14,6,0,46.3,1,2,30,0,0,75.9,80.6,57.9,99.9,63.5,73.7,1,0,1,3,56,8.3,4,1,4,47.7,25,1,0,46,586,443,661,3,0,0,3,0,0,658,4,214,26,10,38,0,54,2,1,311,105,12.4
Josh Butler,35097,CB,DAL,1,0,0,100.0,0,0,9,0,0,50.0,56.8,74.4,59.1,74.3,49.4,0,0,0,0,6,0.0,0,0,0,91.7,1,0,0,2,24,12,26,0,0,0,0,0,0,26,1,13,0,0,5,0,1,0,0,6,1,6.0
Trevis Gipson,35241,ED,CAR,13,4,0,50.0,0,0,5,1,0,52.5,57.6,85.4,53.5,61.3,29.1,1,9,0,0,8,25.0,4,0,0,60.4,1,1,0,0,0,6,244,243,0,0,241,2,0,1,120,118,1,6,8,0,2,11,0,8,7,8.0
Blake Cashman,35413,LB,MIN,13,48,1,74.2,1,1,18,0,0,48.6,63.5,63.2,58.9,75.3,83.2,1,15,0,0,30,5.3,8,1,2,101.9,23,3,0,717,3,295,789,59,0,0,59,0,0,730,119,375,10,35,95,2,31,19,0,283,187,12.3
Darrell Taylor,36001,ED,HST,4,0,0,,0,0,13,0,0,60.0,47.9,0.0,55.9,57.6,20.7,0,0,0,0,,100.0,1,0,1,0.0,0,0,0,1,0,1,35,34,0,0,34,0,0,1,19,15,0,0,0,0,0,0,0,0,0,
Shy Tuttle,37279,DI,WAS,12,4,0,,0,0,32,0,0,,57.7,83.4,51.8,59.4,75.2,0,0,0,0,,0.0,0,0,0,0.0,0,0,0,0,0,0,177,177,87,90,0,0,0,0,73,104,0,10,11,1,0,0,0,0,0,
Quinton Bell,37468,ED,MIA,5,2,0,50.0,0,0,17,1,0,74.4,58.6,32.5,54.5,59.5,30.7,1,5,0,0,2,33.3,2,0,1,56.3,1,0,0,3,0,18,114,110,0,0,107,3,0,4,57,39,1,1,2,0,2,6,0,2,3,2.0
Troy Reeder,38268,LB,LA,8,4,0,50.0,0,0,26,0,0,77.5,73.9,75.6,59.4,61.0,64.4,0,0,0,0,12,8.3,1,2,0,97.4,4,0,0,69,0,48,82,1,0,0,1,0,0,81,1,33,11,2,7,0,8,0,1,27,22,6.8
Camryn Bynum,38408,S,IND,17,14,0,71.0,0,1,14,1,0,67.7,70.8,88.6,57.8,77.0,89.2,0,5,0,4,32,6.0,5,3,0,66.3,22,1,0,175,2,675,1104,29,0,0,29,0,815,1075,23,406,83,11,65,2,31,6,1,252,124,11.5
Cameron Goode,38410,ED,MIA,11,1,1,100.0,0,0,17,0,0,68.2,64.1,80.8,46.3,76.6,77.6,0,2,0,0,5,0.0,0,0,0,87.5,1,0,0,4,0,12,109,102,0,1,101,0,0,7,52,45,2,2,6,0,1,2,0,5,6,5.0
Foley Fatukasi,38558,DI,HST,4,2,0,,0,0,13,0,0,,49.9,80.2,58.0,46.2,72.6,0,0,0,0,,0.0,0,0,0,0.0,0,2,0,0,0,0,101,101,8,82,0,11,0,0,57,44,0,4,4,0,0,2,0,0,0,
Maurice Hurst,38563,DI,CLV,2,1,0,,0,0,8,0,0,,71.1,72.8,59.1,68.4,67.3,0,0,0,0,,0.0,0,0,0,0.0,0,0,0,0,0,0,12,12,0,12,0,0,0,0,2,10,0,0,0,0,0,0,0,0,0,
Eric Wilson,38587,LB,MIN,17,24,0,74.5,0,3,18,0,0,36.5,62.0,75.3,70.2,72.9,47.6,4,27,0,0,27,18.3,23,0,1,99.6,38,6,0,598,2,301,965,336,0,0,336,0,1,629,180,484,27,52,79,14,51,37,1,354,174,9.3
Joe Giles-Harris,39382,LB,CIN,6,1,0,57.1,0,0,7,0,0,89.8,86.7,71.0,,60.7,80.0,0,0,0,0,9,0.0,0,2,0,65.8,4,0,0,29,0,22,32,0,0,0,0,0,0,32,0,10,3,4,6,0,7,0,0,27,19,6.8
Tershawn Wharton,40292,DI,CAR,9,12,0,,2,0,5,0,0,73.8,40.8,36.0,57.0,34.8,60.7,1,14,0,0,,14.6,6,0,3,0.0,0,2,0,0,0,0,405,405,4,274,72,55,0,0,223,182,0,15,23,1,0,17,0,0,0,
Chazz Surratt,40313,LB,SEA,1,1,0,,0,0,29,0,0,,50.5,70.1,,54.1,70.5,0,0,0,0,,0.0,0,0,0,0.0,0,0,0,4,0,0,7,3,0,0,3,0,0,4,0,7,0,0,0,0,0,0,0,0,0,
L'Jarius Sneed,40588,CB,TEN,7,1,0,61.9,2,0,31,0,0,49.5,50.4,35.1,58.5,59.7,47.6,0,0,0,0,40,19.4,6,1,6,137.7,13,0,0,25,326,203,361,4,0,0,4,0,0,357,1,157,6,6,24,0,21,0,3,224,58,17.2
Alohi Gilman,41662,S,BLT,17,25,0,65.9,0,1,3,2,0,72.0,70.3,27.8,58.0,71.7,51.4,1,1,1,0,52,16.4,18,6,3,114.2,27,0,0,314,14,674,1026,49,0,0,49,0,543,977,13,339,106,17,67,1,41,2,2,403,225,14.9
Khalil Herbert,41668,HB,NYJ,1,0,0,,0,0,22,0,0,,60.0,60.0,,60.0,,0,0,0,0,,,0,0,0,0.0,0,0,0,0,0,0,1,0,0,0,0,0,0,1,0,1,0,0,0,0,0,0,0,0,0,
Trevon Diggs,41817,CB,GB,9,3,0,76.2,1,0,12,0,0,65.9,59.8,10.9,40.3,44.5,59.9,0,1,0,0,35,12.5,4,0,3,157.2,16,0,0,30,414,283,457,2,0,0,2,0,0,455,1,173,11,11,25,1,21,1,3,286,78,17.9
Ed Oliver,42200,DI,BUF,3,1,0,,0,1,4,0,0,,87.4,28.5,66.2,90.4,74.2,2,6,0,0,,10.0,1,0,1,0.0,0,3,0,4,0,0,108,104,4,68,6,26,0,4,57,51,0,10,8,4,0,11,0,0,0,
Divine Deablo,42208,LB,ATL,13,14,0,67.6,1,0,2,1,0,78.6,77.8,54.2,65.0,71.3,70.6,0,8,0,0,21,8.2,7,7,2,82.6,23,1,0,665,2,430,750,17,0,0,17,0,0,733,50,270,66,31,64,5,34,9,0,197,125,8.6
Amen Ogbongbemiga,42449,LB,CHI,3,5,0,80.0,0,0,6,0,0,44.6,55.7,75.0,49.4,70.2,55.1,0,0,0,0,13,6.3,1,1,0,92.5,4,0,0,70,1,30,82,2,0,0,2,0,0,80,8,44,9,4,10,0,5,0,0,31,17,7.8
Isaiah Simmons,42451,LB,CAR,1,0,0,,0,0,5,0,0,,60.0,62.9,,60.0,,0,0,0,0,,,0,0,0,0.0,0,0,0,0,0,0,1,0,0,0,0,0,1,1,0,1,0,0,0,0,0,0,0,0,0,
K'Von Wallace,42467,S,HST,2,2,0,50.0,0,0,13,0,0,63.1,70.1,78.8,59.1,83.3,73.7,0,1,0,0,9,9.1,1,0,1,56.3,3,0,0,31,0,74,108,2,0,0,2,0,50,106,2,32,25,6,8,2,6,1,0,17,4,5.7
Antoine Winfield Jr.,42475,S,TB,17,17,0,67.6,0,1,30,1,0,74.3,74.4,87.0,82.4,60.5,90.4,3,11,0,2,53,4.2,4,6,0,91.3,23,1,0,305,2,620,1038,47,0,0,47,0,593,991,65,353,91,20,74,3,34,15,2,308,95,13.4
Tomon Fox,42486,ED,NYG,8,1,0,,0,0,21,0,0,63.6,56.4,80.2,53.0,57.3,74.4,0,2,0,0,,0.0,0,0,0,0.0,0,0,0,0,0,2,75,75,0,1,74,0,0,0,32,41,0,0,2,0,0,2,0,0,0,
Daniel Thomas,42544,S,DET,6,4,0,75.0,0,0,11,0,0,71.0,75.8,78.3,58.5,71.6,65.9,0,0,0,0,26,11.8,2,1,0,137.5,3,0,0,34,3,63,111,6,0,0,6,0,61,105,1,47,7,3,11,1,4,0,1,32,5,10.7
Krys Barnes,42548,LB,CAR,3,4,0,72.7,0,0,5,0,0,32.3,43.9,77.4,59.6,63.3,67.3,0,0,0,0,19,10.0,2,0,0,94.9,8,1,0,134,0,62,143,2,0,0,2,0,2,141,9,72,5,7,14,1,11,1,0,85,79,10.6
Nazeeh Johnson,42553,CB,KC,1,0,0,,0,0,16,0,0,,60.0,60.0,,60.0,,0,0,0,0,,,0,0,0,0.0,0,0,0,0,0,0,1,0,0,0,0,0,0,1,0,1,0,0,0,0,0,0,0,0,0,
Justin Strnad,42659,LB,DEN,15,15,0,86.4,0,0,10,0,0,73.8,75.3,83.7,72.5,64.7,73.1,4,8,0,1,47,10.4,5,1,0,91.5,19,5,0,519,0,301,575,10,0,0,10,0,1,565,77,197,45,23,28,0,22,17,0,231,158,12.2
Chauncey Golston,42718,ED,NYG,10,3,0,100.0,0,0,21,0,0,56.3,64.4,86.1,54.6,72.4,66.0,0,4,0,0,11,7.1,1,0,0,112.5,1,1,0,0,0,9,173,173,0,2,162,9,0,0,91,73,0,10,10,4,1,5,0,11,4,11.0
Nick Bosa,42741,ED,SF,3,5,0,,0,1,28,1,0,71.8,85.8,84.7,79.6,65.6,78.6,2,6,0,0,,0.0,0,0,0,0.0,0,2,0,0,0,1,119,119,0,0,112,7,0,0,70,48,0,7,8,2,0,10,0,0,0,
Osa Odighizuwa,42754,DI,DAL,17,18,0,,2,0,9,0,0,59.9,65.9,44.1,71.5,58.9,71.9,20,29,0,0,,2.6,1,0,5,0.0,0,3,0,0,0,6,691,691,19,415,11,246,0,0,420,265,0,17,20,2,0,52,0,0,0,
Chase Lucas,42833,CB,SF,6,1,0,63.6,1,0,28,0,0,46.6,49.0,0.0,87.4,61.3,23.7,1,1,0,0,16,57.1,4,1,2,77.1,7,0,0,5,0,76,98,3,0,0,3,0,0,95,5,17,90,1,2,0,11,2,0,58,44,8.3
Curtis Robinson,42871,LB,SF,7,11,0,85.7,0,0,28,0,0,57.2,52.2,81.6,45.4,51.1,39.8,0,0,0,0,18,14.6,6,1,0,111.5,18,0,0,222,0,146,248,15,0,0,15,0,0,233,18,84,11,11,24,2,21,0,1,146,93,8.1
Kristian Fulton,42894,CB,KC,8,1,0,50.0,0,0,16,0,0,67.6,60.4,81.9,60.0,34.9,32.6,0,0,0,0,35,26.3,5,4,0,78.9,8,0,0,26,177,125,208,5,0,0,5,0,0,203,1,82,0,7,13,0,16,0,0,135,33,16.9
Rashan Gary,42905,ED,GB,16,10,0,100.0,0,1,12,1,0,62.7,68.3,78.3,60.7,71.9,66.7,12,35,0,0,5,13.2,5,0,1,87.5,1,7,0,1,0,8,653,652,0,5,626,21,0,1,415,230,0,25,23,0,1,54,0,5,4,5.0
Khalid Kareem,42993,ED,ATL,4,2,0,,0,0,2,0,0,61.6,67.5,78.7,68.2,59.4,58.6,1,5,0,0,,12.5,1,0,0,0.0,0,0,0,0,0,2,71,70,0,0,65,5,0,1,36,33,1,4,5,1,0,6,0,0,0,
Jonathon Cooper,43021,ED,DEN,17,10,3,71.4,3,0,10,0,0,62.5,66.4,45.5,66.0,66.1,58.7,8,33,0,0,13,11.6,5,0,5,89.6,5,10,0,1,0,67,682,678,0,0,678,0,0,4,408,207,2,22,28,3,7,51,0,47,36,9.4
Charvarius Ward,43034,CB,IND,7,2,0,56.8,0,0,14,1,0,77.4,77.1,45.3,60.0,73.7,45.7,0,1,0,0,39,17.9,5,7,2,81.6,21,0,0,17,412,289,458,9,0,0,9,0,1,449,1,168,19,4,21,0,37,1,0,286,116,13.6
Brandon Jones,43049,S,DEN,14,23,0,56.3,0,0,10,1,0,60.6,64.3,34.3,62.9,75.7,71.0,1,4,0,1,44,10.3,9,3,3,75.3,18,1,0,237,11,563,871,25,0,0,25,0,516,846,27,281,82,13,55,1,32,6,1,222,62,12.3
Devin White,43089,LB,LV,17,37,0,79.0,0,2,23,0,0,36.1,40.7,37.6,69.0,47.0,54.0,5,5,0,1,39,13.3,26,3,4,92.5,83,3,0,924,0,554,1118,131,1,0,130,0,2,987,76,488,61,64,133,9,105,13,1,671,426,8.1
Jeremy Chinn,43179,S,LV,15,27,0,77.6,0,2,23,0,0,62.7,66.7,87.7,60.0,69.5,70.3,1,3,0,0,43,9.9,12,2,1,135.1,38,0,0,359,7,528,996,164,0,0,164,0,184,832,28,440,282,31,82,4,49,4,7,339,201,8.9
Mack Wilson Sr.,43190,LB,ARZ,8,16,1,75.0,0,1,1,0,0,59.8,60.1,83.8,80.6,52.4,41.9,1,6,0,1,26,16.4,12,2,1,90.5,30,0,0,487,0,312,521,8,0,0,8,0,0,513,31,178,26,21,45,3,40,7,1,269,146,9.0
Joe Bachie,43250,LB,TEN,5,6,1,100.0,1,0,31,0,0,46.6,45.4,0.0,72.4,52.5,72.8,0,0,0,0,29,8.7,2,0,2,107.4,17,0,0,135,0,79,157,17,0,0,17,0,0,140,10,68,5,8,15,0,17,0,0,166,75,9.8
Damar Hamlin,43291,S,BUF,1,0,0,0.0,0,0,4,0,0,47.5,42.8,70.3,56.8,60.0,,0,1,0,0,,,0,0,0,39.6,0,0,0,5,0,9,12,0,0,0,0,0,6,12,1,2,1,0,0,0,1,1,0,0,0,
Myles Bryant,43336,S,HST,8,10,0,75.0,0,0,13,0,0,59.0,63.9,82.1,66.9,74.5,64.1,0,1,0,0,34,12.5,5,0,0,124.0,15,0,0,82,5,230,343,4,0,0,4,0,143,339,4,109,109,11,25,1,20,1,2,125,44,8.3
Josh Metellus,43395,S,MIN,14,20,1,66.0,0,0,18,0,0,46.8,55.6,63.4,72.6,68.9,73.4,2,5,0,2,40,9.1,8,3,2,105.8,31,1,0,315,35,448,867,43,0,0,43,0,350,824,23,396,124,17,60,1,47,8,5,350,130,11.3
Alex Highsmith,43507,ED,PIT,13,10,1,69.2,0,1,25,0,0,56.4,82.9,49.7,79.6,82.1,68.1,9,25,0,0,26,12.0,6,2,3,85.4,9,10,0,5,0,67,634,625,0,0,623,2,0,9,327,240,4,32,34,6,13,44,0,80,47,8.9
William Kwenkeu,43510,LB,BLT,1,0,0,100.0,0,0,3,0,0,60.0,36.8,64.0,60.0,,,0,0,0,0,1,,0,0,0,118.8,1,0,0,0,0,1,2,1,0,0,1,0,0,1,1,0,0,0,0,0,1,0,1,1,0,1.0
Darrell Baker Jr.,43542,CB,TEN,14,5,0,72.4,1,0,31,0,0,54.0,54.9,86.1,,55.5,47.9,0,0,0,0,60,13.8,8,5,4,135.8,42,0,0,109,586,443,723,20,0,0,20,0,2,703,0,280,6,14,45,0,58,0,5,621,195,14.8
Sam Franklin Jr.,43580,S,BUF,2,0,0,,0,0,4,0,0,64.3,67.7,94.8,60.0,61.8,73.3,0,0,0,0,,0.0,0,0,0,0.0,0,0,0,3,0,3,7,0,0,0,0,0,1,7,1,3,2,0,1,0,0,0,0,0,0,
Jake Hansen,43645,LB,HST,3,0,0,,0,0,13,0,0,63.7,77.1,68.2,,69.4,,0,0,0,0,,,0,0,0,0.0,0,0,0,8,0,3,9,0,0,0,0,0,0,9,0,6,1,0,0,0,0,0,0,0,0,
Jeffery Simmons,43742,DI,TEN,15,10,3,,2,3,31,0,0,69.9,88.3,15.1,91.4,66.2,48.0,10,42,0,0,,13.1,8,0,10,0.0,0,12,1,13,0,6,764,751,29,462,33,227,0,13,465,293,0,42,43,9,0,64,0,0,0,
Cole Christiansen,43856,LB,KC,1,0,0,,0,0,16,0,0,,60.0,60.0,,60.0,,0,0,0,0,,,0,0,0,0.0,0,0,0,0,0,0,1,0,0,0,0,0,0,1,0,1,0,0,0,0,0,0,0,0,0,
Derrick Brown,43883,DI,CAR,17,20,7,,0,1,5,0,0,67.0,74.5,69.9,72.0,66.3,70.2,6,23,0,0,,2.9,2,0,2,0.0,0,6,0,0,0,4,808,808,20,443,37,308,0,0,450,354,0,41,46,2,0,35,0,0,0,
Pat Jones II,43974,ED,CAR,4,1,0,100.0,0,0,5,0,0,31.4,62.4,82.5,61.3,73.4,63.5,1,8,0,0,27,11.1,1,0,0,118.8,2,1,0,2,0,9,161,158,0,3,127,28,0,3,101,51,1,7,7,1,2,10,0,39,29,19.5
Byron Murphy Jr.,44027,CB,MIN,17,10,0,71.4,2,0,18,1,0,59.8,58.5,31.3,46.7,61.3,52.1,0,2,0,2,30,14.5,12,4,9,96.1,40,0,0,81,691,534,1045,50,0,0,50,0,15,995,13,498,208,22,61,2,56,2,3,424,169,10.6
Benito Jones,44035,DI,MIA,14,6,1,,0,0,17,0,0,57.8,47.0,60.4,58.4,45.9,28.4,0,4,0,0,,17.6,3,0,2,0.0,0,1,0,0,0,2,261,261,88,171,0,2,0,0,110,149,0,8,8,1,0,5,0,0,0,
Quinnen Williams,44216,DI,DAL,15,13,0,,1,2,9,0,0,67.6,88.7,21.5,69.6,91.6,29.9,9,39,0,1,,20.3,13,0,6,0.0,0,3,0,0,0,1,640,640,19,465,7,149,0,0,410,229,0,34,38,8,0,51,0,0,0,
Nnamdi Madubuike,44304,DI,BLT,2,2,0,,0,0,3,0,0,60.2,73.5,28.3,71.7,69.9,72.2,1,7,0,0,,0.0,0,0,1,0.0,0,2,0,0,0,2,102,102,0,51,4,47,0,0,74,26,0,4,3,0,0,10,0,0,0,
Boogie Basham,44320,ED,CAR,3,3,0,,0,0,5,0,0,79.5,68.8,76.9,63.1,57.8,49.8,0,3,0,0,,20.0,1,0,0,0.0,0,0,0,0,0,2,41,41,0,0,41,0,0,0,16,23,0,0,1,0,0,3,0,0,0,
Naquan Jones,44363,DI,HST,11,5,1,,0,0,13,0,0,59.7,34.3,0.0,59.3,35.9,29.4,1,0,0,0,,17.6,3,0,3,0.0,0,0,0,0,0,1,182,182,26,155,0,1,0,0,95,86,0,7,9,0,0,1,0,0,0,
Isaiahh Loudermilk,44416,DI,PIT,2,0,0,,0,0,25,0,0,,32.8,77.5,59.1,31.0,,0,1,0,0,,,0,0,0,0.0,0,0,0,0,0,0,37,37,1,22,6,8,0,0,14,23,0,0,0,0,0,1,0,0,0,
Kyzir White,44485,LB,TEN,1,0,0,0.0,0,0,31,0,0,66.4,46.1,73.1,58.9,41.3,31.7,0,0,0,0,,25.0,1,0,0,39.6,0,0,0,19,0,6,20,1,0,0,1,0,0,19,1,13,0,1,3,0,1,0,0,0,0,
Elijah Garcia,44498,DI,ATL,7,3,0,,0,0,2,0,0,,69.0,80.0,58.4,70.5,73.7,0,0,0,0,,0.0,0,0,0,0.0,0,1,0,0,0,0,89,89,1,21,19,48,0,0,44,45,0,2,4,0,0,1,0,0,0,
Brian Burns,44522,ED,NYG,17,14,7,100.0,0,1,21,1,0,83.1,75.8,90.2,71.5,59.8,57.8,14,24,0,0,36,15.9,10,0,1,109.5,11,15,0,65,0,79,863,779,0,0,776,3,0,84,471,313,19,42,39,6,11,53,0,113,85,10.3
D.J. Wonnum,44550,ED,CAR,16,15,2,57.1,0,0,5,1,0,56.4,54.5,87.2,49.4,60.6,48.3,1,25,0,1,19,18.0,9,0,0,35.1,4,3,0,0,0,53,688,684,0,0,684,0,0,4,364,271,4,22,26,2,7,29,0,42,33,10.5
Jack Heflin,44570,DI,LA,1,0,0,,0,0,26,0,0,60.0,49.5,69.6,49.5,,68.1,0,0,0,0,,0.0,0,0,0,0.0,0,0,0,0,0,0,9,8,0,1,0,7,0,1,9,0,0,0,1,0,0,0,0,0,0,
Jonah Williams,44597,DI,NO,15,8,0,,0,0,20,0,0,62.3,41.6,64.0,58.1,34.3,40.8,2,6,0,0,,11.1,2,0,1,0.0,0,3,0,0,0,1,319,319,6,207,26,80,0,0,162,156,0,8,8,2,0,11,0,0,0,
Leki Fotu,44614,DI,HST,8,4,0,,0,0,13,0,0,60.0,46.6,83.8,52.5,46.6,29.0,1,2,0,0,,25.0,3,0,0,0.0,0,1,0,0,0,1,193,193,53,134,0,6,0,0,78,114,0,6,5,2,0,4,0,0,0,
Terrell Burgess,45255,S,NO,16,2,0,40.0,0,0,20,0,0,71.4,79.5,79.4,59.0,80.1,76.3,0,0,0,0,29,6.3,1,4,0,68.8,2,0,0,37,3,58,115,0,0,0,0,0,58,115,1,56,17,1,13,0,5,0,0,40,9,20.0
Jordan Fuller,45326,S,ATL,4,0,0,,0,0,2,0,0,53.0,60.5,70.8,,70.1,29.3,0,0,0,0,,33.3,1,0,0,0.0,0,0,0,8,0,7,16,2,0,0,2,0,2,14,0,9,4,0,2,0,0,0,0,0,0,
Eyioma Uwazurike,45414,DI,DEN,17,13,0,,0,0,10,0,0,61.3,58.7,69.1,53.3,61.2,32.8,2,6,0,0,,16.7,7,0,1,0.0,0,4,0,0,0,0,409,409,16,228,27,138,0,0,223,186,0,23,22,2,0,12,0,0,0,
Brandon Stephens,45644,CB,NYJ,16,12,0,67.1,0,1,22,0,0,63.0,67.1,88.4,62.0,75.7,72.2,0,1,0,0,46,9.0,7,6,3,126.4,47,0,0,101,881,583,1047,18,0,0,18,0,1,1029,5,459,46,24,59,3,70,1,8,509,164,10.8
Andrew Beck,47121,FB,NYJ,1,0,0,,0,0,22,0,0,,60.0,60.0,,60.0,,0,0,0,0,,,0,0,0,0.0,0,0,0,0,0,0,1,0,0,0,0,0,0,1,0,1,0,0,0,0,0,0,0,0,0,
Nick Westbrook-Ikhine,47861,WR,MIA,1,0,0,,0,0,17,0,0,,60.0,60.0,,60.0,,0,0,0,0,,,0,0,0,0.0,0,0,0,0,0,0,1,0,0,0,0,0,0,1,0,1,0,0,0,0,0,0,0,0,0,
Da'Shawn Hand,48386,DI,LAC,13,5,3,0.0,0,0,27,0,0,65.3,58.7,54.9,55.8,60.4,67.0,2,13,0,1,,8.0,2,0,2,0.0,0,2,0,1,0,6,451,450,18,295,29,108,0,1,263,182,0,15,18,4,1,17,0,0,0,
Jalyn Holmes,48400,DI,WAS,10,6,0,,0,0,32,0,0,57.3,57.9,85.9,51.4,61.7,60.2,1,6,0,0,,4.8,1,0,0,0.0,0,0,0,0,0,1,251,251,1,30,146,74,0,0,113,137,0,9,14,0,0,7,0,0,0,
Kentavius Street,48404,DI,ATL,7,7,0,,0,0,2,0,0,63.3,53.4,82.9,56.4,49.9,66.7,1,3,0,0,,5.0,1,0,0,0.0,0,2,0,1,0,1,216,215,20,138,3,54,0,1,109,106,0,13,12,1,0,6,0,0,0,
Anthony Nelson,48405,ED,TB,15,13,1,90.0,0,1,30,0,0,59.1,65.5,88.2,71.9,51.9,50.5,1,19,1,1,26,11.1,4,0,0,104.6,9,3,0,6,0,58,387,369,0,2,359,8,0,18,184,145,11,12,19,1,10,23,1,106,73,11.8
Jonathan Greenard,48407,ED,MIN,12,9,0,77.8,1,1,18,0,0,47.8,74.3,27.5,77.8,77.8,29.2,8,35,0,0,29,25.0,11,0,5,97.7,7,4,0,5,0,65,559,551,0,0,528,23,0,8,270,224,3,25,24,7,9,47,0,67,72,9.6
Mike Danna,48415,ED,KC,15,13,0,100.0,0,0,16,0,0,59.7,57.4,88.9,56.7,55.0,64.4,3,5,0,1,15,7.7,2,0,0,63.2,3,1,0,1,0,13,389,387,5,47,295,40,0,2,192,184,1,9,11,2,3,9,0,26,24,8.7
Tyquan Lewis,48475,ED,IND,13,3,1,100.0,1,0,14,0,0,55.8,46.1,44.0,51.4,49.4,39.4,1,13,0,0,10,22.2,2,0,3,95.8,2,3,0,0,0,15,323,323,6,29,203,85,0,0,212,96,0,7,4,1,2,17,0,14,21,7.0
Carl Granderson,48500,ED,NO,17,12,1,80.0,0,0,20,0,0,68.5,65.7,59.5,61.5,65.2,43.1,4,28,0,1,32,19.4,12,1,3,95.3,12,7,0,3,0,102,763,746,0,3,741,2,0,17,338,323,14,31,38,7,15,39,1,123,95,10.3
Bradley Chubb,48526,ED,MIA,17,11,0,100.0,0,1,17,1,0,30.0,54.6,77.4,60.4,57.3,28.8,9,31,0,0,34,30.4,17,0,3,118.8,10,8,0,3,0,65,766,763,0,8,733,22,0,3,393,308,0,23,28,1,10,48,0,172,75,17.2
Dorance Armstrong,48557,ED,WAS,7,5,0,100.0,0,0,32,0,0,49.2,77.6,56.7,71.2,77.5,82.3,1,15,0,0,9,0.0,0,0,1,95.8,2,6,0,13,0,4,239,226,0,0,215,11,0,13,143,92,0,16,14,2,2,22,0,14,10,7.0
Harold Landry III,48600,ED,NE,15,7,0,66.7,0,1,19,0,0,81.4,71.0,62.4,60.4,60.9,62.3,10,29,0,0,9,10.8,4,0,3,78.5,2,9,0,13,1,48,676,658,0,1,651,6,0,18,405,223,4,24,26,3,3,48,0,15,3,7.5
Roy Lopez,48676,DI,DET,17,9,1,,0,0,11,0,0,64.1,68.8,54.4,63.9,68.9,53.7,2,8,0,0,,9.7,3,0,2,0.0,0,3,0,0,0,1,425,425,87,309,0,29,0,0,238,186,0,14,19,3,0,13,0,0,0,
Harrison Phillips,48690,DI,NYJ,17,21,1,,0,1,22,0,0,57.7,72.7,88.1,56.2,76.4,61.1,1,8,0,0,,5.2,3,0,0,0.0,0,2,0,0,0,0,692,692,87,583,0,22,0,0,343,349,0,29,34,5,0,11,0,0,0,
Daron Payne,48698,DI,WAS,15,11,4,,0,1,32,0,0,72.0,60.8,73.4,64.5,49.0,29.8,5,17,0,0,,14.3,7,1,1,0.0,0,4,1,8,0,2,607,599,40,338,32,189,0,8,371,234,0,28,31,5,0,26,0,0,0,
Greg Gaines,48706,DI,TB,17,3,0,,0,0,30,0,0,57.2,48.2,48.9,53.1,51.1,49.7,1,5,0,0,,9.1,2,0,2,0.0,0,2,0,0,0,2,369,369,46,268,5,50,0,0,209,158,0,14,17,1,0,8,0,0,0,
Marlon Davidson,48741,DI,HST,1,0,0,,0,0,13,0,0,,35.4,71.8,56.2,45.5,,0,0,0,0,,,0,0,0,0.0,0,0,0,0,0,0,9,9,0,9,0,0,0,0,5,4,0,0,0,0,0,0,0,0,0,
Taven Bryan,48753,DI,BLT,5,0,0,,0,0,3,0,0,62.7,45.1,80.5,52.2,38.2,26.2,1,2,0,0,,100.0,1,0,0,0.0,0,1,0,0,0,3,98,98,2,81,1,14,0,0,66,29,0,0,0,0,0,4,0,0,0,
L.J. Collier,48822,DI,ARZ,4,2,0,,0,0,1,0,0,,60.4,80.0,63.6,55.5,71.4,2,1,0,0,,0.0,0,0,0,0.0,0,0,0,0,0,0,98,98,21,44,1,32,0,0,50,48,0,1,4,0,0,3,0,0,0,
Daniel Ekuale,48874,DI,PIT,7,3,1,,0,0,25,0,0,60.0,73.3,79.2,70.2,66.6,32.9,1,5,0,0,,12.5,1,0,0,0.0,0,0,0,0,0,1,72,72,14,43,4,11,0,0,43,28,0,4,4,0,0,6,0,0,0,
Poona Ford,48875,DI,LA,17,13,1,,0,0,26,0,0,63.1,86.2,87.4,76.2,78.8,44.1,3,25,0,0,,13.0,7,0,0,0.0,0,2,0,0,0,1,508,508,44,410,9,45,0,0,281,226,0,28,34,2,0,30,0,0,0,
Vita Vea,48956,DI,TB,17,11,3,,1,0,30,1,0,56.9,71.8,68.6,77.0,60.8,30.0,8,39,0,0,,21.4,9,0,2,0.0,0,4,0,3,0,16,764,761,118,576,4,63,0,3,502,246,0,21,22,3,0,51,0,0,0,
Tim Settle,48966,DI,HST,12,2,3,,0,0,13,0,0,60.9,71.5,49.6,78.2,61.3,27.5,0,16,0,0,,29.4,5,0,2,0.0,0,1,0,0,0,2,383,383,21,337,1,24,0,0,215,166,0,10,10,2,0,17,0,0,0,
Nick Scott,49012,S,CAR,17,26,0,77.8,0,0,5,1,0,67.3,67.8,43.0,74.8,69.3,68.4,0,1,0,1,54,12.2,15,1,3,115.7,21,0,0,194,1,588,1035,1,0,0,1,0,762,1034,2,445,77,20,82,0,27,1,1,338,127,16.1
Josh Woods,49023,LB,ATL,4,1,0,100.0,0,0,2,0,0,63.8,63.9,72.4,,60.4,46.4,0,0,0,0,24,16.7,1,0,0,118.8,2,0,0,16,1,7,17,0,0,0,0,0,0,17,0,10,0,3,4,0,2,0,0,30,25,15.0
Justin Reid,49048,S,NO,15,17,1,75.8,0,0,20,0,0,59.2,66.7,61.9,75.2,77.0,57.0,0,2,1,1,18,13.6,11,2,2,84.9,25,1,0,308,9,442,832,54,0,0,54,0,343,778,13,377,118,19,53,2,33,3,1,176,124,7.0
Tre Flowers,49059,CB,PIT,2,0,0,,0,0,25,0,0,66.3,66.7,71.7,,60.0,,0,0,0,0,,,0,0,0,0.0,0,0,0,1,7,11,12,0,0,0,0,0,2,12,0,1,2,0,0,0,0,0,0,0,0,
Jalen Thompson,49116,S,ARZ,15,16,0,65.2,0,1,1,0,0,69.2,69.1,84.3,60.5,64.7,85.9,0,0,0,0,30,6.4,6,5,1,98.4,30,1,0,319,4,582,978,17,0,0,17,0,389,961,15,381,249,10,72,1,46,1,2,303,120,10.1
Jessie Bates III,49162,S,ATL,17,29,0,69.2,0,1,2,0,0,59.6,64.5,62.4,66.6,73.5,84.3,2,2,1,3,33,6.6,7,2,1,100.6,27,0,0,530,4,656,1091,7,0,0,7,0,420,1084,11,424,130,21,70,1,39,4,4,362,143,13.4
Elijah Campbell,49190,S,MIA,3,0,0,100.0,0,0,17,0,0,35.0,29.8,71.2,60.0,60.0,24.2,0,0,0,0,17,100.0,2,0,0,118.8,1,0,0,3,0,9,16,0,0,0,0,0,10,16,1,6,3,0,0,0,1,0,0,17,11,17.0
Ronnie Harrison,49206,LB,ATL,10,8,2,76.9,0,0,2,0,0,52.0,62.3,25.7,77.7,71.7,40.5,1,4,0,0,18,20.6,7,0,1,124.8,10,2,0,215,2,141,277,13,0,0,13,0,0,264,18,118,47,11,19,0,13,7,1,103,74,10.3
Demetrius Flannigan-Fowles,49231,LB,NYG,7,9,0,82.4,0,0,21,0,0,48.9,47.7,80.0,68.1,47.4,55.1,1,2,0,0,21,13.8,4,0,0,102.2,14,1,0,181,2,121,225,6,0,0,6,0,2,219,14,90,34,9,16,3,17,4,0,145,67,10.4
Andrew Wingard,49268,S,JAX,16,21,1,65.1,0,0,15,1,0,48.1,58.1,87.9,57.0,81.2,58.9,1,10,0,1,61,15.8,16,4,2,90.6,28,0,0,265,9,608,962,49,0,0,49,0,544,913,54,300,95,17,64,4,43,11,2,293,111,10.5
Carlton Davis III,49335,CB,NE,17,16,0,61.8,0,0,19,0,0,65.1,67.8,86.8,45.9,77.8,73.5,1,4,0,0,36,10.3,8,10,9,99.3,42,0,0,103,792,572,925,7,0,0,7,0,0,918,7,346,23,19,54,3,68,5,4,427,129,10.2
Kindle Vildor,49346,CB,TB,7,3,0,72.2,0,0,30,0,0,56.8,59.3,81.8,,72.1,76.8,0,0,0,1,21,5.9,1,1,0,94.4,13,0,0,3,158,124,164,0,0,0,0,0,0,164,0,40,3,5,13,0,18,0,1,159,39,12.2
Jaire Alexander,49350,CB,PHI,2,1,0,100.0,0,0,24,0,0,31.0,36.9,77.7,,72.6,54.3,0,0,0,0,32,16.7,1,0,1,118.8,5,0,0,5,54,43,61,1,0,0,1,0,0,60,0,18,1,1,4,0,5,0,0,116,30,23.2
Ugo Amadi,49352,CB,NO,1,0,0,,0,0,20,0,0,,60.0,61.7,,60.0,,0,0,0,0,,,0,0,0,0.0,0,0,0,1,0,0,1,0,0,0,0,0,0,1,0,1,0,0,0,0,0,0,0,0,0,
Isaac Yiadom,49355,CB,NO,6,4,0,75.0,0,0,20,0,0,54.9,50.3,80.9,,29.7,62.3,0,0,0,0,29,6.7,1,0,1,101.3,12,0,0,8,137,99,147,1,0,0,1,0,0,146,0,48,1,4,10,1,16,0,0,141,43,11.8
Chris Lammons,49368,CB,IND,4,1,0,69.2,0,0,14,0,0,80.6,74.3,79.1,69.2,41.5,57.3,0,0,0,1,11,18.2,2,1,0,40.2,9,0,0,13,2,87,133,3,0,0,3,0,2,130,4,42,113,3,8,1,13,0,0,34,21,3.8
C.J. Gardner-Johnson,49371,S,CHI,13,9,0,71.4,2,1,6,0,0,45.6,51.6,60.8,61.2,65.5,42.3,3,1,0,2,46,18.9,14,2,3,97.4,40,3,0,255,12,430,767,46,0,0,46,0,85,721,44,293,369,21,51,2,56,7,3,441,200,11.0
Jaylon Jones,49374,CB,CHI,2,0,0,100.0,0,1,6,0,0,74.4,74.5,76.1,,66.6,78.6,0,0,0,0,6,0.0,0,0,0,85.4,2,0,0,0,34,20,39,0,0,0,0,0,0,39,0,19,5,0,4,0,2,0,0,9,1,4.5
Donte Jackson,49377,CB,LAC,17,5,0,48.9,0,0,27,0,0,75.0,72.0,86.8,,45.3,27.6,0,0,0,4,75,27.3,9,7,1,56.3,22,0,0,21,569,399,600,0,0,0,0,0,0,600,0,201,10,8,19,1,45,0,3,306,111,13.9
Cam Lewis,49395,S,BUF,17,5,0,61.5,2,1,4,0,0,54.5,57.4,81.7,58.0,65.7,43.2,0,4,0,0,37,18.4,7,3,3,86.4,24,0,0,143,4,249,373,21,0,0,21,0,70,352,17,107,135,13,26,1,39,4,1,229,133,9.5
M.J. Stewart,49397,S,HST,7,5,0,58.3,0,1,13,0,0,42.4,49.4,80.8,56.2,79.5,63.0,0,0,0,0,25,13.6,3,0,1,102.1,7,0,0,66,0,151,228,4,0,0,4,0,125,224,2,75,33,4,14,0,12,0,1,68,32,9.7
Donovan Wilson,49408,S,DAL,15,19,1,78.4,1,1,9,0,0,38.6,50.6,86.2,59.0,73.9,37.6,0,4,0,2,48,21.1,19,2,2,119.2,29,0,0,305,4,554,918,35,0,0,35,0,487,883,25,339,87,15,52,3,37,4,8,315,129,10.9
Julian Blackmon,49434,S,NO,1,2,0,66.7,0,0,20,0,0,76.6,82.4,77.0,,69.2,83.7,0,0,0,0,4,0.0,0,0,0,70.1,2,0,0,17,1,42,66,0,0,0,0,0,42,66,0,24,6,3,4,0,3,0,0,7,10,3.5
Taron Johnson,49511,CB,BUF,13,9,0,66.7,0,0,4,0,0,66.8,60.3,84.6,37.1,44.8,63.5,0,3,0,0,33,12.9,8,3,3,97.8,34,0,0,73,1,363,571,36,0,0,36,0,4,535,24,184,457,14,45,1,51,3,2,332,211,9.8
Nick McCloud,49535,CB,CHI,13,5,0,80.6,0,0,6,0,0,51.8,49.9,84.2,49.1,44.4,61.9,0,1,0,0,64,10.7,3,2,3,148.6,25,0,0,54,158,262,436,26,0,0,26,0,6,410,8,166,192,7,20,0,31,1,4,315,133,12.6
Denzel Ward,49558,CB,CLV,15,5,0,59.3,0,0,8,0,0,59.7,59.2,87.2,45.2,55.8,39.2,0,2,0,1,45,19.6,10,4,3,89.7,32,0,0,45,694,452,780,11,0,0,11,0,0,769,3,325,30,11,36,2,54,2,3,355,137,11.1
Ashtyn Davis,49560,S,MIA,14,12,0,77.4,0,1,17,0,0,52.2,50.7,83.5,54.1,48.4,39.0,0,2,0,1,29,21.0,17,2,0,108.8,24,0,0,222,3,413,713,11,0,0,11,0,421,702,12,288,56,16,52,3,31,2,2,254,78,10.6
Rock Ya-Sin,49564,CB,DET,16,9,0,54.0,1,0,11,0,0,64.9,62.9,86.4,61.8,50.8,81.0,1,2,0,0,37,4.3,2,5,8,77.7,27,0,0,62,486,383,611,29,0,0,29,0,1,582,4,224,33,10,36,0,50,3,1,287,80,10.6
Matt Dickerson,49601,DI,JAX,8,3,1,,0,0,15,0,0,60.0,57.3,51.6,55.7,60.8,72.8,2,2,0,0,,0.0,0,0,1,0.0,0,0,0,0,0,0,196,196,1,172,1,22,0,0,108,88,0,5,5,1,0,4,0,0,0,
Zach Allen,49605,DI,DEN,17,9,5,0.0,1,0,10,0,0,64.2,61.3,57.7,75.6,37.0,30.1,36,27,0,0,,18.9,7,0,3,39.6,0,10,0,17,0,5,797,780,5,465,13,297,0,17,555,237,0,21,21,1,1,73,0,0,0,
Cole Holcomb,49753,LB,PIT,8,5,0,100.0,0,1,25,0,0,65.6,72.6,79.5,54.1,74.7,64.3,0,2,0,0,24,9.4,3,0,0,107.8,8,0,0,174,3,85,198,12,0,0,12,0,0,186,18,95,9,11,24,0,8,2,0,79,37,9.9
Quincy Williams,49779,LB,NYJ,13,14,0,82.1,0,0,22,0,0,35.2,45.5,59.7,66.9,57.4,50.7,1,4,0,0,45,15.7,14,4,2,136.5,46,4,0,680,5,382,783,40,0,0,40,0,0,743,54,347,58,42,61,6,56,9,5,538,372,11.7
Azeez Al-Shaair,49792,LB,HST,16,25,2,76.4,0,1,13,1,0,61.4,70.3,63.5,61.0,81.1,61.9,2,5,0,2,27,12.4,14,4,2,80.3,42,0,0,876,1,586,926,2,0,0,2,0,3,924,27,313,44,42,74,2,55,7,1,313,231,7.5
Zaire Franklin,49834,LB,IND,17,50,1,77.3,0,1,14,0,0,29.8,38.0,33.5,57.5,54.9,47.3,4,12,0,0,42,13.9,21,3,3,109.3,58,3,0,981,4,589,1112,70,0,0,70,0,13,1042,113,410,44,39,80,5,75,19,2,610,337,10.5
Christian Rozeboom,49862,LB,CAR,15,29,0,82.5,0,1,5,1,0,41.9,47.1,60.6,64.7,54.3,45.1,0,5,0,1,31,13.9,19,0,1,109.3,52,2,0,770,0,390,823,15,0,0,15,0,1,808,46,387,37,44,89,6,63,7,3,504,250,9.7
B.J. Hill,49894,DI,CIN,17,19,0,,0,0,7,0,0,60.7,68.6,66.5,63.7,68.0,68.9,6,18,0,0,,4.6,3,0,2,0.0,0,5,0,0,0,0,670,670,11,520,31,108,0,0,354,316,0,35,43,1,0,29,0,0,0,
Sebastian Joseph-Day,49935,DI,TEN,17,8,0,,0,0,31,1,0,60.3,66.7,73.3,65.7,63.0,52.8,4,15,0,0,,9.1,4,0,1,0.0,0,1,0,1,0,1,483,482,6,218,123,135,0,1,231,251,0,28,32,4,0,20,0,0,0,
Jerry Tillery,49949,DI,KC,17,6,0,,0,0,16,1,0,,49.1,68.3,55.3,48.2,27.3,0,10,0,0,,28.0,7,0,1,0.0,0,2,0,0,0,0,374,374,61,295,4,14,0,0,192,182,0,9,12,1,0,12,0,0,0,
Derrick Nnadi,49970,DI,KC,15,7,0,,0,0,16,0,0,58.2,43.7,64.9,50.2,46.1,33.8,1,2,0,0,,14.3,3,0,1,0.0,0,0,0,0,0,4,308,308,76,232,0,0,0,0,106,198,0,8,11,0,0,3,0,0,0,
Broderick Washington,50049,DI,BLT,3,1,1,,0,0,3,0,0,,30.4,80.8,62.3,27.7,69.9,0,3,0,0,,0.0,0,0,0,0.0,0,0,0,0,0,0,102,102,7,70,9,16,0,0,49,53,0,2,2,0,0,3,0,0,0,
Uchenna Nwosu,50084,ED,SEA,16,3,2,71.4,3,0,29,0,0,50.4,60.4,27.6,65.1,62.6,59.5,5,32,0,0,19,21.9,7,0,5,83.0,5,9,0,4,1,45,581,576,0,0,575,1,0,5,361,175,0,19,22,4,7,46,0,36,26,7.2
John Franklin-Myers,50088,DI,DEN,16,5,0,50.0,1,0,10,0,0,52.6,62.5,12.4,68.9,65.4,32.7,8,23,0,0,17,25.0,5,0,6,79.2,1,8,0,1,0,5,516,515,2,156,58,299,0,1,378,133,0,18,10,1,2,39,0,17,4,17.0
Josh Sweat,50120,ED,ARZ,17,7,0,80.0,0,3,1,1,0,43.4,74.3,63.7,73.6,69.8,69.3,6,29,0,0,32,10.0,2,0,2,148.8,4,12,0,0,0,17,540,540,0,6,503,31,0,0,355,168,0,20,11,2,5,47,1,51,11,12.8
Ogbo Okoronkwo,50130,ED,PHI,1,0,0,,0,0,24,0,0,60.0,39.1,68.7,56.5,60.0,25.0,0,0,0,0,,100.0,1,0,0,0.0,0,0,0,0,0,0,4,4,0,0,3,1,0,0,2,2,0,0,0,0,0,0,0,0,0,
Jacob Martin,50152,ED,WAS,17,7,1,66.7,0,1,32,0,0,30.1,58.4,66.6,63.9,60.8,36.7,11,26,0,0,31,26.7,12,0,2,100.7,4,8,0,25,0,21,700,675,0,14,623,38,0,25,410,269,0,22,26,0,6,45,0,62,24,15.5
Malcolm Roach,50191,DI,DEN,12,13,0,0.0,0,0,10,0,0,64.1,60.1,52.4,60.7,58.2,31.2,1,10,0,0,,18.2,8,0,2,39.6,0,5,0,3,0,3,402,398,21,307,7,63,0,4,218,181,0,22,23,1,1,16,0,0,0,
Arden Key,50201,ED,TEN,12,8,0,100.0,1,0,31,0,0,76.9,63.7,50.7,56.7,71.1,56.5,7,21,0,0,13,22.2,4,0,3,90.3,3,5,0,4,0,16,449,445,0,14,414,17,0,4,294,139,0,9,6,3,3,33,0,17,7,5.7
Oren Burks,50203,LB,CIN,16,11,1,86.4,0,1,7,1,0,28.1,30.3,83.4,73.2,50.5,27.3,0,4,0,0,30,24.4,11,0,1,142.4,19,0,0,265,1,140,340,56,0,0,56,0,0,284,10,190,18,11,23,1,22,4,2,240,201,12.6
Josh Hines-Allen,50235,ED,JAX,17,5,3,100.0,0,0,15,0,0,68.9,86.8,76.3,84.0,70.6,60.2,21,65,0,0,10,17.0,8,0,4,104.2,2,9,1,0,0,39,846,844,0,9,805,30,1,2,558,249,1,25,34,4,2,95,0,18,8,9.0
Marcus Davenport,50291,ED,DET,8,6,0,100.0,0,0,11,0,0,53.7,52.4,86.2,55.8,51.8,47.1,2,4,0,0,26,13.3,2,0,0,118.8,1,1,0,1,0,1,280,279,0,6,223,50,0,1,150,129,0,6,7,0,1,7,0,26,6,26.0
Cornell Armstrong,50351,CB,MIA,3,0,0,75.0,0,0,17,0,0,48.1,49.4,77.4,52.3,63.7,29.9,0,0,0,0,15,33.3,1,0,0,143.8,3,0,0,4,1,47,63,1,0,0,1,0,0,62,3,13,57,0,2,0,4,0,1,38,43,12.7
Isaiah Oliver,50393,S,NYJ,13,6,0,86.4,3,0,22,0,0,49.1,44.6,79.8,63.9,40.6,49.9,0,1,0,0,33,16.0,8,3,4,108.7,19,0,0,144,10,167,322,23,0,0,23,0,78,299,8,147,67,11,36,0,22,1,0,222,131,11.7
A.J. Green III,50394,CB,MIA,1,0,0,,0,0,17,0,0,62.9,64.0,68.9,,60.0,,0,0,0,0,,,0,0,0,0.0,0,0,0,2,6,3,8,0,0,0,0,0,0,8,0,5,0,0,0,0,0,0,0,0,0,
Jeremy Reaves,50406,S,WAS,17,23,0,64.7,1,0,32,0,0,62.7,63.8,57.8,60.1,65.5,55.0,1,2,0,1,61,14.7,14,5,3,79.4,22,0,0,281,10,406,708,37,0,0,37,0,290,671,8,294,90,18,58,5,34,3,1,211,134,9.6
Juan Thornhill,50426,S,JAX,8,9,0,91.7,0,0,15,0,0,35.9,36.9,85.4,57.9,57.0,66.2,0,0,0,0,29,12.5,5,1,0,146.2,11,0,0,45,1,221,317,2,0,0,2,0,244,315,2,94,24,6,26,1,12,0,1,149,26,13.5
Jalen Davis,50431,CB,CIN,7,2,0,72.2,0,1,7,0,0,65.1,65.5,79.7,85.4,52.7,47.8,1,0,0,1,23,21.7,5,1,1,74.3,13,1,0,59,25,178,270,2,0,0,2,0,0,268,9,83,184,9,16,1,18,2,0,152,83,11.7
Mike Jackson,50437,CB,CAR,17,8,0,55.6,1,1,5,0,0,80.9,79.1,68.2,53.1,67.2,53.3,0,2,1,4,46,14.8,12,9,3,72.9,50,0,0,81,947,586,1041,5,0,0,5,0,0,1036,5,450,8,22,61,4,90,2,4,610,191,12.2
Parry Nickerson,50511,CB,PHI,3,0,0,100.0,0,0,24,0,0,56.0,56.6,70.6,,60.0,75.7,0,0,0,0,18,0.0,0,0,0,111.1,3,0,0,2,1,9,12,0,0,0,0,0,2,12,0,3,7,2,2,0,3,0,0,32,20,10.7
Avonte Maddox,50543,S,DET,10,8,0,76.9,0,1,11,0,0,75.0,79.1,84.6,61.3,75.7,61.5,0,0,0,1,30,13.5,5,3,1,108.3,10,0,0,67,2,222,342,7,0,0,7,0,248,335,2,118,18,2,24,1,13,0,2,108,32,10.8
Charles Omenihu,50612,ED,KC,17,4,1,75.0,0,0,16,0,0,52.1,62.0,31.1,58.8,75.0,50.3,8,21,0,0,17,16.7,5,0,5,93.8,3,5,0,0,0,10,567,567,46,95,313,113,0,0,383,174,0,16,21,2,4,34,0,28,19,9.3
Luke Gifford,50675,LB,SF,15,8,0,70.0,0,0,28,1,0,29.9,42.8,80.2,60.0,55.7,56.2,0,0,0,0,32,17.6,3,0,0,110.4,7,0,0,63,1,51,172,99,0,0,99,0,0,73,1,120,9,2,6,0,10,0,0,120,55,17.1
Cody Barton,50727,LB,TEN,17,29,0,68.4,0,0,31,0,0,56.9,52.5,87.2,60.2,46.0,75.3,0,6,1,3,50,8.1,7,5,0,79.3,39,1,0,956,1,582,1060,44,0,0,44,0,1,1016,53,425,58,22,50,2,57,7,2,416,237,10.7
Jordyn Brooks,50851,LB,MIA,17,56,0,86.6,0,1,17,1,0,52.7,77.9,31.7,75.0,92.0,90.4,0,12,0,0,55,4.3,8,2,3,113.5,71,4,0,780,11,487,985,105,0,0,105,0,1,880,83,415,88,60,124,10,82,16,3,682,439,9.6
Roquan Smith,50892,LB,BLT,15,39,0,80.3,0,0,3,1,1,73.8,74.1,87.5,42.9,77.2,78.3,4,5,0,0,51,7.6,11,3,2,102.3,49,0,0,897,1,548,953,22,0,0,22,0,2,931,86,319,31,49,94,5,61,9,1,442,255,9.0
Tremaine Edmunds,50905,LB,CHI,13,29,2,79.7,0,0,6,1,0,52.1,66.5,85.9,60.0,80.8,72.1,2,6,0,4,33,8.1,10,2,1,87.2,51,2,0,650,9,416,813,81,0,0,81,0,3,732,68,329,70,42,85,3,64,10,3,475,232,9.3
Robert Spillane,50918,LB,NE,13,31,0,88.7,0,1,19,0,0,67.4,76.6,86.9,52.0,87.3,58.6,0,11,0,2,31,11.9,13,2,0,98.3,55,1,0,652,4,445,740,19,0,0,19,0,5,721,43,252,59,31,65,3,62,12,2,510,312,9.3
Bobby Okereke,50954,LB,NYG,17,37,0,77.0,1,0,21,1,0,65.3,56.7,48.5,65.9,46.2,50.2,2,7,0,2,22,13.0,21,4,3,91.4,47,1,0,1015,7,624,1104,24,0,0,24,0,10,1080,47,433,48,47,103,2,61,10,2,407,246,8.7
Frankie Luvu,51028,LB,WAS,17,26,2,90.2,1,3,32,0,0,44.6,53.7,65.3,58.3,62.4,30.1,4,17,0,0,25,21.0,21,3,2,133.2,37,4,0,574,2,426,1107,473,0,0,473,0,1,634,228,453,57,27,53,2,41,25,4,335,240,9.1
Tyrel Dodson,51045,LB,MIA,16,29,0,81.3,1,1,17,1,0,45.4,55.3,64.6,66.2,66.1,64.7,2,9,0,1,59,9.6,13,2,3,108.1,52,5,0,810,11,467,910,24,0,0,24,0,2,886,64,379,63,49,93,5,64,16,2,576,326,11.1
Jahlani Tavai,51055,LB,NE,12,8,0,92.9,0,1,19,0,0,59.5,67.8,82.8,44.8,75.8,73.5,0,0,0,0,18,7.3,3,0,1,94.9,13,0,0,136,0,87,231,73,0,0,73,0,0,158,22,122,19,12,30,4,14,0,0,95,54,7.3
Julian Love,51081,S,SEA,8,7,0,50.0,0,0,29,0,0,85.3,82.2,86.1,57.8,60.7,56.1,0,2,0,1,20,16.2,6,4,1,30.4,7,1,0,108,1,282,458,15,0,0,15,0,308,443,9,167,26,6,24,0,14,3,0,55,29,7.9
Marcelino McCrary-Ball,51112,LB,NYJ,4,4,0,80.0,1,0,22,0,0,45.6,47.0,0.0,59.3,63.6,84.6,0,3,0,0,12,0.0,0,0,2,100.0,4,0,0,85,1,38,106,10,0,0,10,0,0,96,8,60,10,4,10,1,5,3,0,40,30,10.0
Taylor Rapp,51172,S,BUF,6,5,0,80.0,0,0,4,0,0,47.3,44.6,81.5,,45.4,36.5,0,1,0,0,39,25.0,8,0,0,113.3,8,0,0,132,3,199,343,12,0,0,12,0,169,331,0,144,27,3,19,0,10,1,0,112,42,14.0
P.J. Locke,51189,S,DEN,8,0,0,58.3,0,0,10,0,0,53.8,50.9,0.0,64.0,55.6,65.6,0,0,0,0,20,9.1,1,3,1,93.8,7,0,0,56,2,111,173,2,0,0,2,0,98,171,4,58,14,3,10,1,12,0,1,44,17,6.3
Minkah Fitzpatrick,51206,S,MIA,14,14,0,77.1,1,1,17,2,0,78.4,82.0,63.4,77.8,79.6,62.1,1,4,0,1,28,15.5,13,4,4,103.6,27,1,0,191,20,459,845,38,0,0,38,0,251,807,29,357,345,11,57,2,35,6,2,253,164,9.4
Fred Warner,51222,LB,SF,6,9,1,72.7,0,2,28,1,0,91.5,93.2,83.4,57.5,91.3,74.4,0,0,0,0,32,7.7,4,2,0,94.1,16,0,0,305,3,193,330,8,0,0,8,0,2,322,11,126,12,16,39,3,22,0,0,166,89,10.4
Drue Tranquill,51276,LB,KC,17,24,0,94.9,1,1,16,1,0,61.7,76.6,85.1,56.5,89.5,89.0,1,10,0,0,27,2.8,3,1,1,121.5,37,2,0,697,1,387,884,99,0,0,99,0,10,785,111,386,77,39,80,8,39,13,2,353,279,9.5
Mike Edwards,51282,S,KC,6,3,0,80.0,0,0,16,0,0,53.7,54.9,79.9,58.3,62.7,38.6,0,1,0,0,14,27.8,5,1,0,86.7,4,0,0,45,0,77,119,3,0,0,3,0,49,116,1,41,22,4,10,1,5,1,0,24,4,6.0
Kristian Welch,51283,LB,GB,2,0,0,,0,0,12,0,0,,66.1,64.4,,60.0,,0,0,0,0,,,0,0,0,0.0,0,0,0,2,0,0,2,0,0,0,0,0,0,2,0,2,0,0,0,0,0,0,0,0,0,
Terrell Edmunds,51334,S,LV,1,0,0,,0,0,23,0,0,60.0,60.0,62.9,,,,0,0,0,0,,,0,0,0,0.0,0,0,0,1,0,1,1,0,0,0,0,0,0,1,0,0,0,0,0,0,0,0,0,0,0,
Will Harris,51336,S,WAS,9,10,0,66.7,1,1,32,0,0,55.3,58.4,83.8,77.8,61.6,54.6,0,0,0,0,31,14.0,6,2,2,121.3,14,1,0,259,18,341,560,43,0,0,43,0,155,517,2,217,85,4,27,0,21,1,2,161,70,11.5
Derwin James Jr.,51368,S,LAC,16,19,1,67.9,0,1,27,0,0,83.8,81.3,47.8,75.1,69.9,59.5,5,5,0,3,29,11.0,11,2,3,68.4,36,3,0,294,19,492,895,125,0,0,125,0,106,770,71,332,351,34,70,5,53,13,1,343,192,9.5
Amani Hooker,51378,S,TEN,16,17,1,65.1,0,0,31,0,0,44.8,51.9,63.1,73.8,64.9,61.3,0,6,0,0,63,12.4,12,5,1,111.9,28,1,0,367,7,535,918,52,0,0,52,0,373,866,14,369,119,18,68,2,43,7,2,413,155,14.8
Marcus Epps,51391,S,PHI,7,2,0,100.0,0,0,24,0,0,49.4,56.3,83.5,,77.6,82.1,0,0,0,0,36,5.0,1,0,1,118.8,6,0,0,51,2,149,250,3,0,0,3,0,178,247,0,101,16,6,17,1,6,0,0,79,29,13.2
Jaylinn Hawkins,51423,S,NE,15,14,0,65.5,0,1,19,1,0,78.9,82.4,36.1,74.0,87.1,71.1,2,1,0,4,38,11.4,8,2,2,73.7,19,2,0,201,1,501,838,18,0,0,18,0,524,820,17,320,93,12,48,2,29,5,2,234,127,12.3
Kaden Elliss,51485,LB,ATL,17,26,1,76.7,0,1,2,0,0,61.8,67.8,88.7,83.7,56.9,60.1,5,21,0,1,24,11.7,14,4,0,106.9,46,4,0,751,1,496,1102,280,0,0,279,1,1,822,174,432,69,41,80,7,60,30,4,370,267,8.0
Dre Greenlaw,51503,LB,DEN,8,15,0,68.4,0,0,10,0,0,67.1,74.8,80.8,50.6,82.3,65.8,1,1,0,1,23,9.1,4,0,0,80.6,13,1,0,295,3,177,324,9,0,0,9,0,0,315,29,118,17,11,25,2,19,3,1,118,62,9.1
Kenny Moore II,51596,CB,IND,14,11,0,65.2,2,2,14,0,0,62.1,66.7,58.8,58.6,84.4,67.3,1,0,1,1,47,10.3,6,3,6,89.2,43,2,0,84,28,438,715,22,0,0,22,0,3,693,46,231,578,23,41,3,66,3,1,540,233,12.6
Khyiris Tonga,52000,DI,NE,14,9,2,,0,0,19,0,0,75.3,67.9,86.4,75.6,54.6,40.1,2,12,0,0,,11.1,3,0,0,0.0,0,0,0,0,0,1,337,337,131,200,0,6,0,0,177,159,0,13,15,2,0,14,0,0,0,
Claudin Cherelus,52094,LB,CAR,7,8,0,87.5,0,0,5,0,0,40.2,59.2,79.1,73.0,74.8,57.7,0,1,0,0,41,10.7,3,0,0,113.8,14,0,0,176,3,84,207,12,0,0,12,0,0,195,6,117,16,11,17,0,16,1,0,181,81,12.9
Paulson Adebo,52280,CB,NYG,12,7,0,66.7,0,0,21,0,0,57.9,58.4,87.1,60.0,56.8,65.8,0,0,0,1,33,9.0,7,5,3,92.0,48,0,0,56,664,464,759,9,0,0,9,0,1,750,1,294,29,11,64,1,72,0,2,533,164,11.1
Ivan Pace Jr.,53587,LB,MIN,15,17,0,73.7,0,0,18,0,0,29.9,45.2,33.8,72.5,56.4,50.5,5,8,0,0,80,18.3,11,0,1,121.8,14,1,0,298,0,99,324,20,0,0,20,0,1,304,49,176,4,16,32,1,19,14,1,186,128,13.3
Carrington Valentine,53750,CB,GB,16,6,0,56.4,2,0,12,0,0,66.4,65.7,63.6,68.6,59.4,37.2,0,1,0,0,28,22.7,10,4,4,109.4,31,0,0,43,700,452,780,31,0,0,31,0,0,749,5,323,6,5,28,0,55,1,5,397,117,12.8
C.J. Brewer,54409,DI,TB,5,1,0,,0,0,30,0,0,60.0,53.1,76.9,59.5,52.4,71.1,0,1,0,0,,0.0,0,0,0,0.0,0,1,0,0,0,1,40,40,4,32,0,4,0,0,15,24,0,0,2,0,0,2,0,0,0,
Malcolm Koonce,55015,ED,LV,17,7,0,66.7,1,1,23,0,0,41.6,59.1,51.1,59.4,66.1,52.7,8,22,0,0,27,12.0,3,0,3,102.1,2,5,0,1,0,17,501,500,0,0,483,17,0,1,331,153,0,18,15,2,3,35,0,32,12,16.0
Coby Bryant,55088,S,SEA,15,14,0,65.4,0,1,29,0,0,61.8,65.4,91.2,66.8,70.3,29.8,0,1,0,4,58,22.5,18,2,0,78.4,17,0,0,153,3,635,974,15,0,0,15,0,747,959,7,332,56,14,48,4,26,1,2,223,121,13.1
Boye Mafe,55220,ED,SEA,17,8,2,66.7,2,1,29,0,0,72.2,69.2,34.0,68.7,65.1,64.7,2,36,0,0,27,6.5,2,1,4,95.8,4,2,0,2,1,41,559,555,0,0,555,0,0,4,340,178,1,19,21,2,6,40,0,55,32,13.8
Esezi Otomewo,55221,DI,PIT,12,4,0,,0,0,25,0,0,60.5,50.2,46.3,53.3,53.7,36.7,1,7,0,0,,20.0,2,0,1,0.0,0,1,0,0,0,2,172,172,4,58,16,94,0,0,104,66,0,3,4,0,0,9,0,0,0,
Mark Robinson,55265,LB,PIT,1,0,0,,0,0,25,0,0,60.0,74.0,64.6,,64.8,,0,0,0,0,,,0,0,0,0.0,0,0,0,4,0,1,4,0,0,0,0,0,0,4,0,3,0,0,0,0,0,0,0,0,0,
Tycen Anderson,55351,S,CIN,7,1,0,100.0,0,0,7,0,0,53.4,50.8,75.3,,52.8,82.3,0,0,0,0,18,0.0,0,0,0,158.3,2,0,0,18,1,37,64,1,0,0,1,0,36,63,0,27,8,1,5,0,2,0,1,32,9,16.0
Kalia Davis,55389,DI,SF,17,7,4,,1,0,28,0,0,62.9,39.8,73.1,53.3,34.5,42.4,1,7,0,0,,12.9,4,0,1,0.0,0,1,0,0,0,1,491,491,0,388,0,103,0,0,267,223,0,12,20,4,0,9,0,0,0,
Ja'Sir Taylor,55426,CB,NYJ,6,3,0,62.5,0,0,22,0,0,50.3,41.2,81.0,59.0,28.1,36.8,0,0,0,0,17,21.4,3,1,0,111.5,5,0,0,20,72,73,138,3,0,0,3,0,1,135,1,64,41,4,8,0,8,0,3,34,13,6.8
Elijah Hicks,55584,S,CHI,9,2,0,100.0,0,0,6,0,0,73.0,73.1,80.3,49.6,67.4,83.2,0,0,0,0,10,0.0,0,0,0,100.0,3,0,0,17,0,49,62,17,0,0,17,0,21,45,9,4,7,2,5,0,3,0,0,24,5,8.0
A.J. Terrell,55586,CB,ATL,15,8,0,58.3,3,2,2,0,0,57.3,57.7,65.5,57.9,59.0,51.9,0,1,0,0,39,11.0,8,10,12,95.6,35,0,0,117,828,582,957,2,0,0,2,0,0,955,1,374,10,18,57,1,60,1,3,406,91,11.6
Josh Blackwell,55589,CB,CHI,2,0,0,,0,0,6,0,0,63.9,64.7,67.8,,60.0,73.0,0,0,0,0,,0.0,0,0,0,0.0,0,0,0,0,1,2,3,0,0,0,0,0,0,3,0,1,2,0,1,0,0,0,0,0,0,
Marco Wilson,55592,CB,CIN,4,0,0,100.0,0,0,7,0,0,36.4,39.0,74.7,,60.3,29.5,0,0,0,0,28,33.3,1,0,0,118.8,2,0,0,1,18,15,22,0,0,0,0,0,0,22,0,7,3,1,2,0,2,0,0,37,5,18.5
CJ Henderson,55593,CB,ATL,3,3,0,66.7,0,0,2,0,0,60.8,61.9,80.5,,63.7,55.3,0,0,0,1,22,14.3,2,1,0,99.3,8,0,0,19,143,108,163,0,0,0,0,0,0,163,0,55,1,1,9,0,12,0,2,106,52,13.3
Lonnie Johnson Jr.,55615,S,LV,9,10,0,70.0,0,0,23,0,0,49.2,43.3,84.8,56.4,34.6,36.5,0,0,0,0,51,24.2,8,2,1,101.7,7,0,0,50,0,212,321,0,0,0,0,0,243,321,2,107,28,2,15,0,10,0,0,99,23,14.1
Amik Robertson,55619,CB,DET,17,6,0,67.0,1,2,11,0,0,48.2,48.8,87.4,57.8,48.9,32.4,0,3,0,1,64,19.7,13,9,3,109.3,65,0,0,64,487,553,842,4,0,0,4,0,0,838,8,281,287,17,47,2,97,3,6,817,252,12.6
Jeff Okudah,55674,CB,MIN,6,1,0,91.7,1,0,18,1,0,35.7,32.4,0.0,60.0,64.5,83.2,0,0,0,0,28,0.0,0,0,2,146.5,11,0,0,4,75,71,93,1,0,0,1,0,1,92,1,21,12,1,11,0,12,0,1,175,27,15.9
Tre Brown,55677,CB,NYJ,2,1,0,66.7,0,0,22,0,0,60.4,43.0,73.3,66.0,29.0,30.1,0,0,0,0,14,20.0,2,0,0,77.1,2,0,0,21,6,21,55,2,0,0,2,0,0,53,1,33,25,2,7,0,3,0,0,14,15,7.0
Deommodore Lenoir,55686,CB,SF,17,11,0,66.1,0,0,28,0,0,66.6,60.8,14.3,66.7,43.1,40.3,0,0,0,2,43,16.9,12,3,10,104.0,41,0,0,116,934,659,1065,9,0,0,9,0,0,1056,1,405,6,15,48,3,62,0,5,497,146,12.1
Marcus Jones,55717,CB,NE,17,8,0,75.9,1,0,19,1,0,72.2,69.2,57.9,63.0,56.4,64.3,0,2,1,3,38,10.8,8,4,2,116.8,44,2,0,119,51,479,722,8,0,0,8,0,29,714,24,219,513,27,58,6,58,4,7,466,231,10.6
Darious Williams,55724,CB,LA,12,3,0,57.9,0,0,26,0,0,67.3,68.8,85.2,54.1,70.7,63.2,0,0,0,1,32,11.1,3,5,2,92.8,22,0,0,33,420,293,458,5,0,0,5,0,0,453,2,163,0,8,21,1,38,0,3,247,84,11.2
Ja'Marcus Ingram,55738,CB,HST,6,1,0,77.8,0,0,13,0,0,40.2,34.2,80.5,58.3,28.3,28.8,0,0,0,0,53,30.0,3,0,0,118.8,7,0,0,12,53,72,103,6,0,0,6,0,1,97,1,30,30,2,6,0,9,0,0,158,68,22.6
Xavier McKinney,55775,S,GB,16,28,0,57.7,0,1,12,0,0,80.1,81.3,64.9,66.5,82.7,90.4,1,0,0,2,32,4.8,5,7,2,60.1,15,1,0,386,2,612,1053,40,0,0,40,0,579,1013,13,428,46,12,72,0,26,2,1,182,57,12.1
Montaric Brown,55797,CB,JAX,14,5,0,54.0,1,0,15,0,0,75.5,72.7,58.9,58.5,55.7,68.5,0,2,0,2,30,13.5,7,9,3,73.5,34,0,0,71,655,502,736,3,0,0,3,0,0,733,3,231,7,15,40,0,63,2,3,360,88,10.6
Kamren Curl,55800,S,LA,17,32,0,77.6,2,1,26,0,0,66.1,73.6,93.4,62.6,86.4,86.7,1,1,0,2,26,7.8,10,3,3,82.4,45,2,0,291,0,676,1112,46,0,0,46,0,662,1066,26,410,113,32,87,1,58,4,0,419,211,9.3
Arron Mosby,55908,ED,GB,2,0,0,100.0,0,0,12,0,0,60.0,37.7,0.0,59.0,51.1,,0,2,0,0,-2,,0,0,1,79.2,1,0,0,0,0,1,17,17,0,0,17,0,0,0,9,7,0,0,0,0,1,2,0,-2,5,-2.0
Eric Stokes,55912,CB,LV,16,7,0,56.0,0,0,23,0,0,75.2,75.0,88.6,,66.8,61.6,0,0,0,0,25,11.7,7,4,2,77.2,28,0,0,79,896,585,1037,57,0,0,57,0,1,980,0,452,4,15,46,2,50,0,1,261,91,9.3
Grant Stuard,55933,LB,DET,4,0,0,,0,0,11,0,0,62.6,66.8,69.9,,63.5,33.4,0,0,0,0,,25.0,1,0,0,0.0,0,0,0,13,0,3,13,0,0,0,0,0,0,13,0,10,0,3,3,1,0,0,0,0,0,
Bryan Cook,55940,S,KC,17,19,0,65.6,0,0,16,0,0,83.0,83.3,61.3,58.3,79.7,87.8,0,1,0,0,26,5.7,5,6,1,111.7,21,0,0,258,4,501,857,15,0,0,15,0,478,842,1,355,102,17,64,1,32,1,3,182,60,8.7
Nate Hobbs,55948,CB,GB,11,8,0,68.0,1,0,12,0,0,57.9,61.5,83.6,50.7,77.4,63.9,0,2,0,0,35,10.3,3,2,3,125.3,17,0,0,37,232,245,358,2,0,0,2,0,1,356,4,109,86,7,18,2,25,2,2,239,58,14.1
Tony Adams,55953,S,NYJ,10,13,0,61.9,1,0,22,0,0,67.1,63.7,83.7,61.7,51.6,53.2,0,0,0,0,30,15.5,9,5,3,100.5,13,1,0,165,11,262,467,17,0,0,17,0,218,450,8,197,56,17,36,1,21,1,1,156,84,12.0
Raheem Layne,55960,S,NYG,3,0,0,66.7,0,0,21,0,0,67.6,63.4,80.2,56.6,48.0,30.5,0,0,0,0,9,27.3,3,0,0,79.9,2,0,0,28,0,60,105,5,0,0,5,0,62,100,2,43,10,4,8,1,3,0,0,16,15,8.0
Geno Stone,55967,S,CIN,17,21,0,71.0,0,0,7,0,0,50.7,54.3,92.3,72.8,53.8,33.3,2,7,1,2,68,18.7,23,1,0,109.5,22,2,0,272,15,579,1014,30,0,0,30,0,625,984,28,407,72,25,79,1,31,11,3,319,219,14.5
Markquese Bell,56033,S,DAL,14,9,0,82.4,1,1,9,0,0,45.3,46.8,82.8,66.9,53.6,66.1,1,0,0,1,44,10.8,4,0,3,104.4,14,0,0,116,4,214,356,19,0,0,19,0,160,337,8,134,57,7,24,1,17,1,1,174,105,12.4
Mike Brown,56054,S,TEN,3,0,0,,0,0,31,0,0,60.3,67.1,71.3,66.7,,,0,0,0,0,,,0,0,0,0.0,0,0,0,1,0,3,4,1,0,0,1,0,2,3,1,0,0,0,0,0,0,0,0,0,0,
Benjamin St-Juste,56061,CB,LAC,16,2,0,50.0,0,0,27,0,0,77.1,75.7,34.8,,66.8,80.4,1,0,0,1,18,3.3,1,3,2,64.0,19,0,0,26,311,246,356,5,0,0,5,0,1,351,0,110,13,10,27,0,38,1,1,205,47,10.8
Reed Blankenship,56065,S,PHI,16,14,1,71.1,0,1,24,1,0,33.0,46.6,89.4,67.8,73.9,69.2,0,0,0,1,49,12.1,11,1,1,111.4,27,0,0,175,3,613,1009,2,0,0,2,0,772,1007,3,393,56,20,66,2,38,0,3,317,70,11.7
Ty Okada,56089,S,SEA,17,9,0,65.7,0,0,29,1,0,68.3,71.8,88.5,71.5,73.7,67.6,0,6,0,1,41,12.3,8,4,1,107.0,23,2,0,157,4,490,739,23,0,0,23,0,519,716,17,232,36,15,48,2,35,8,3,281,91,12.2
Kemon Hall,56123,CB,TEN,2,0,0,100.0,0,1,31,0,0,60.4,58.8,75.4,67.4,48.9,45.9,0,2,0,0,32,18.2,2,0,0,154.2,9,0,0,11,0,48,66,0,0,0,0,0,0,66,3,15,55,3,9,2,9,2,1,109,83,12.1
Jason Pinnock,56144,S,SF,16,7,0,88.5,0,0,28,0,0,43.1,49.2,84.2,59.2,66.7,45.1,0,3,0,0,24,16.7,8,0,0,134.8,23,0,0,201,5,288,493,10,0,0,10,0,176,483,11,194,101,16,33,2,26,3,4,178,115,7.7
Tre Avery,56146,CB,CLV,3,2,0,71.4,0,0,8,0,0,52.5,55.9,76.2,,71.4,80.1,0,0,0,0,40,0.0,0,0,0,101.5,5,0,0,0,10,37,42,0,0,0,0,0,0,42,0,5,32,1,3,0,7,0,0,67,19,13.4
DaRon Bland,56158,CB,DAL,12,14,0,67.1,0,0,9,0,0,64.5,65.3,85.8,38.2,69.1,61.4,0,2,1,1,50,11.8,9,5,0,109.0,51,0,0,93,441,461,743,7,0,0,7,0,2,736,10,272,200,16,53,4,76,2,5,630,248,12.4
Marte Mapu,56159,LB,NE,15,2,0,77.3,0,0,19,0,0,79.7,80.5,77.5,72.1,61.1,84.4,0,1,0,1,21,0.0,0,3,0,82.6,17,0,0,73,12,107,119,5,0,0,5,0,6,114,3,9,23,5,11,0,22,1,0,185,147,10.9
Keisean Nixon,56167,CB,GB,17,10,0,61.0,2,0,12,1,0,67.8,66.4,11.2,74.2,66.6,76.3,1,0,0,1,46,5.3,4,13,12,105.2,50,0,0,75,924,603,1014,9,0,0,9,0,0,1005,2,409,6,18,62,4,82,1,7,570,97,11.4
Ifeatu Melifonwu,56203,S,MIA,16,7,0,95.0,0,0,17,0,0,63.5,62.9,83.8,61.4,57.5,54.2,0,4,0,1,24,16.7,10,0,0,120.2,19,1,0,199,2,318,549,19,0,0,19,0,260,530,28,203,68,8,43,0,20,5,3,167,101,8.8
Christian Braswell,56207,CB,JAX,10,1,0,52.2,0,0,15,0,0,66.5,67.2,81.6,,65.8,70.7,0,0,0,0,31,7.1,1,1,0,62.2,12,0,0,3,133,131,160,0,0,0,0,0,0,160,0,29,24,3,12,2,23,0,0,92,22,7.7
Quentin Lake,56245,S,LA,10,15,2,68.2,2,1,26,1,0,72.9,75.1,84.6,63.1,74.5,72.9,1,5,0,1,39,10.3,7,7,5,95.5,30,1,0,90,5,374,634,32,0,0,32,0,84,602,26,234,423,16,46,1,44,7,2,326,103,10.9
Darnay Holmes,56247,CB,LV,12,2,0,62.5,2,0,23,0,0,46.2,46.7,80.9,58.4,51.4,68.5,0,3,0,0,66,10.0,2,1,3,111.7,20,0,0,12,1,143,173,7,0,0,7,0,6,166,7,23,147,7,16,0,32,3,2,282,150,14.1
Jaylon Johnson,56259,CB,CHI,7,1,0,68.4,1,0,6,0,0,58.2,58.7,83.3,60.0,58.7,59.4,0,0,0,1,47,15.0,3,2,1,86.1,13,0,0,12,249,161,282,5,0,0,5,0,0,277,1,120,16,3,16,0,19,0,0,223,112,17.2
Keith Taylor Jr.,56289,CB,JAX,1,2,0,66.7,0,0,15,0,0,60.9,60.9,77.2,,59.0,81.0,0,0,0,0,26,0.0,0,0,0,96.5,4,0,0,9,56,36,65,0,0,0,0,0,0,65,0,29,0,2,5,0,6,0,0,56,15,14.0
Elijah Molden,56290,S,LAC,12,10,0,62.5,1,0,27,0,0,52.6,55.5,85.7,,62.8,51.9,0,0,0,1,43,17.5,10,0,3,104.4,10,0,0,101,2,340,538,6,0,0,6,0,400,532,0,198,29,9,37,1,16,0,3,141,79,14.1
Devon Key,56307,S,DEN,10,0,0,50.0,0,0,10,0,0,76.6,80.1,75.8,,63.1,78.8,0,0,0,0,6,0.0,0,0,0,56.3,1,0,0,16,0,63,75,1,0,0,1,0,44,74,0,12,13,1,2,0,2,0,0,6,0,6.0
Chris Rumph II,56345,ED,NO,17,9,0,100.0,0,1,20,0,0,51.6,62.9,85.6,57.5,67.8,62.3,2,7,0,0,21,8.6,3,0,0,118.8,5,2,0,1,0,60,330,321,0,0,321,0,0,9,91,179,8,16,23,1,5,11,0,64,50,12.8
Victor Dimukeje,56347,ED,NYG,3,1,0,0.0,0,0,21,0,0,60.0,65.6,74.0,54.7,48.8,70.5,0,1,0,0,,0.0,0,1,0,39.6,0,0,0,0,0,1,16,16,0,0,16,0,0,0,4,11,0,0,0,0,1,1,0,0,0,
Zach Carter,56349,DI,ARZ,4,4,0,,0,1,1,0,0,60.0,73.5,79.9,47.8,81.2,47.9,0,0,0,0,,6.7,1,0,0,0.0,0,0,0,0,0,0,100,100,1,45,7,47,0,0,42,58,0,4,10,0,0,0,0,0,0,
A.J. Epenesa,56369,ED,BUF,16,4,2,50.0,0,0,4,1,0,74.1,58.8,48.6,63.5,48.6,48.2,6,19,0,2,8,12.9,4,0,3,20.8,1,3,0,0,0,23,437,437,0,0,413,24,0,0,223,191,0,17,23,0,2,28,0,8,1,8.0
Andre Jones Jr.,56395,ED,BUF,2,1,0,,0,0,4,0,0,,68.0,80.2,59.1,68.0,74.0,1,1,0,0,,0.0,0,0,0,0.0,0,0,0,0,0,0,39,38,0,0,36,2,0,1,16,23,0,2,3,0,0,2,0,0,0,
Chase Young,56436,ED,NO,12,5,2,100.0,1,2,20,3,1,49.6,78.0,46.0,86.3,63.6,44.7,2,35,0,0,36,18.8,6,0,3,118.8,4,12,0,0,0,33,542,542,0,0,542,0,0,0,285,224,0,29,21,3,4,49,0,61,40,15.3
Yetur Gross-Matos,56444,ED,SF,8,3,1,,0,0,28,0,0,57.9,60.8,47.0,75.7,34.8,35.7,2,11,0,0,,23.1,3,0,1,0.0,0,0,0,1,0,3,158,157,3,35,50,69,0,1,121,34,0,3,7,0,0,13,0,0,0,
Patrick Johnson,56460,ED,PHI,7,0,0,100.0,0,0,24,0,0,29.3,39.4,80.8,56.2,44.0,29.0,1,3,0,0,18,60.0,3,0,1,158.3,2,1,0,0,0,11,115,113,0,2,102,9,0,2,49,55,2,2,2,0,2,5,1,36,32,18.0
Cam Sample,56462,ED,CIN,14,2,0,66.7,0,1,7,0,0,53.8,54.0,84.8,53.9,56.3,61.0,4,6,0,0,14,11.1,2,0,0,127.8,2,2,0,2,0,6,234,232,4,13,175,40,0,2,127,101,0,13,14,1,3,12,1,22,21,11.0
LaBryan Ray,56501,DI,CAR,13,5,0,,0,0,5,0,0,59.5,45.7,14.0,45.6,56.7,60.6,0,2,0,0,,6.7,1,0,2,0.0,0,0,0,0,0,1,156,156,1,94,5,56,0,0,67,88,0,6,9,0,0,2,0,0,0,
Phidarian Mathis,56504,DI,BUF,6,8,0,,0,0,4,0,0,,35.4,81.6,53.2,35.0,27.0,1,0,0,0,,22.2,4,0,0,0.0,0,0,0,0,0,0,120,120,17,103,0,0,0,0,47,73,0,3,6,0,0,1,0,0,0,
D.J. Davidson,56523,DI,NYG,15,2,1,,0,0,21,0,0,,50.5,85.8,56.7,47.2,72.6,0,7,0,0,,0.0,0,0,0,0.0,0,0,0,0,0,0,256,256,149,97,0,10,0,0,122,134,0,6,8,1,0,7,0,0,0,
T.J. Slaton,56597,DI,CIN,17,16,0,,1,0,7,0,0,60.0,44.1,75.4,57.9,41.2,58.1,4,12,0,0,,7.3,4,0,1,0.0,0,3,0,0,0,0,582,582,155,409,5,13,0,0,278,304,0,20,35,2,0,19,0,0,0,
Malik Herring,56616,ED,KC,2,0,0,,0,0,16,0,0,,44.1,73.0,57.1,50.7,,0,0,0,0,,,0,0,0,0.0,0,0,0,0,0,0,6,6,0,1,5,0,0,0,2,4,0,0,0,0,0,0,0,0,0,
Quinton Bohanna,56673,DI,GB,6,2,0,,0,0,12,0,0,,44.9,78.0,53.1,46.8,29.1,0,1,0,0,,16.7,1,0,0,0.0,0,0,0,0,0,0,47,47,11,33,1,2,0,0,15,32,0,2,3,0,0,1,0,0,0,
Milton Williams,56682,DI,NE,12,8,1,100.0,0,0,19,0,0,61.1,64.9,85.8,71.4,48.4,54.0,5,27,0,0,17,11.1,3,0,0,118.8,1,4,0,1,0,6,429,428,11,234,31,152,0,1,293,130,0,17,16,5,1,36,0,17,11,17.0
DJ Johnson,56704,ED,CAR,4,0,0,,0,0,5,0,0,61.2,54.8,77.8,54.6,55.0,72.8,0,0,0,0,,0.0,0,0,0,0.0,0,0,0,0,0,2,53,53,0,0,53,0,0,0,17,34,0,1,2,0,0,0,0,0,0,
Jonathan Ford,56705,DI,GB,9,3,0,,0,0,12,0,0,60.0,39.6,35.9,52.5,43.0,25.6,0,1,0,0,,25.0,2,0,1,0.0,0,0,0,0,0,0,126,126,21,103,0,2,0,0,52,74,0,2,3,0,0,1,0,0,0,
Kwity Paye,56713,ED,IND,17,13,0,100.0,0,0,14,0,0,38.8,59.4,89.3,56.8,65.8,47.0,5,29,0,0,20,15.4,6,0,0,118.8,4,4,0,2,0,46,721,719,0,15,679,25,0,2,408,267,0,19,20,3,4,38,0,67,57,16.8
Jordan Elliott,56734,DI,SF,16,10,1,,1,0,28,0,0,63.7,49.7,38.9,59.7,47.0,65.3,1,14,0,0,,3.0,1,0,3,0.0,0,0,0,0,0,0,463,463,47,350,1,65,0,0,249,214,0,12,22,1,0,15,0,0,0,
Jordon Riley,56759,DI,GB,4,0,0,,0,0,12,0,0,,34.7,79.6,56.9,33.3,26.7,0,4,0,0,,25.0,1,0,0,0.0,0,0,0,0,0,0,64,64,28,35,0,1,0,0,25,39,0,2,3,0,0,4,0,0,0,
Javon Kinlaw,56834,DI,WAS,17,8,0,,3,1,32,0,0,59.5,46.7,16.3,59.4,47.6,28.9,3,31,0,0,,22.2,12,0,8,0.0,0,0,0,1,0,3,724,723,27,488,24,184,0,1,405,316,0,25,34,5,0,34,0,0,0,
Kingsley Jonathan,56856,ED,NYJ,1,1,0,,0,0,22,0,0,,53.0,76.0,55.4,55.0,24.3,0,0,0,0,,50.0,1,0,0,0.0,0,0,0,0,0,0,17,17,0,0,17,0,0,0,6,11,0,0,0,0,0,0,0,0,0,
Arnold Ebiketie,56862,ED,ATL,17,7,0,100.0,0,0,2,0,0,64.5,74.9,85.5,73.4,65.2,57.5,4,19,0,0,0,11.4,4,0,0,79.2,2,2,0,3,0,22,384,381,0,0,381,0,0,3,183,179,0,17,24,3,2,25,0,0,4,0.0
Ta'Quon Graham,56868,DI,ATL,2,0,0,,0,0,2,0,0,,36.6,78.3,57.9,36.0,70.5,0,0,0,0,,0.0,0,0,0,0.0,0,0,0,0,0,0,56,56,18,28,0,10,0,0,19,37,0,2,4,1,0,0,0,0,0,
Micheal Clemons,56872,ED,NYJ,16,7,2,100.0,0,0,22,0,0,61.7,59.9,67.6,59.8,58.5,28.7,4,16,0,0,8,26.9,7,0,2,100.0,1,2,0,5,0,4,578,573,1,21,435,116,0,5,323,251,0,12,12,1,1,22,0,8,1,8.0
Jaelan Phillips,56902,ED,PHI,17,19,2,90.9,0,0,24,2,0,69.1,74.1,71.0,77.3,59.4,40.8,11,57,0,0,16,18.5,12,1,2,100.4,10,5,0,13,0,76,819,793,1,13,761,18,0,26,412,331,13,31,34,1,11,73,0,89,68,8.9
Jay Tufele,56913,DI,NYJ,12,1,0,,0,0,22,0,0,60.0,51.0,56.1,51.1,55.8,28.3,0,6,0,0,,25.0,4,0,1,0.0,0,0,0,1,0,0,229,228,1,164,6,57,0,1,129,100,0,7,11,0,0,6,0,0,0,
Dayo Odeyingbo,56923,ED,CHI,8,5,0,100.0,0,0,6,0,0,51.7,53.5,72.2,57.0,53.2,69.1,2,7,0,0,21,5.6,1,0,2,118.8,2,1,0,1,0,11,369,368,0,21,306,41,0,1,207,151,0,12,12,0,2,10,0,27,12,13.5
DeAngelo Malone,56941,ED,ATL,5,0,0,,0,0,2,0,0,77.4,55.7,74.9,49.7,49.6,69.9,0,0,0,1,,0.0,0,0,0,0.0,0,0,0,3,0,4,19,16,0,0,16,0,0,3,11,4,0,0,1,0,0,0,0,0,0,
Jordan Jackson,56957,DI,DEN,5,4,0,,0,0,10,0,0,60.0,51.4,79.6,56.0,50.0,72.6,1,2,0,0,,0.0,0,0,0,0.0,0,0,0,0,0,0,85,85,1,43,5,36,0,0,50,35,0,1,3,0,0,3,0,0,0,
James Lynch,56962,DI,TEN,17,6,1,,1,0,31,0,0,55.0,53.0,46.7,54.6,59.0,54.1,2,7,0,0,,7.7,2,0,2,0.0,0,1,0,0,0,2,333,333,8,176,54,95,0,0,179,152,0,12,18,1,0,10,0,0,0,
Cory Durden,56976,DI,NE,17,9,0,,0,0,19,0,0,68.7,72.8,68.7,81.4,57.5,57.6,1,16,0,0,,8.3,3,0,1,0.0,0,0,0,0,0,1,385,382,89,268,0,25,0,3,195,189,0,18,24,5,0,17,0,0,0,
Larrell Murchison,57004,DI,LA,16,3,0,,0,0,26,0,0,,61.7,81.1,55.3,64.6,73.8,0,1,0,0,,0.0,0,0,0,0.0,0,2,0,0,0,0,126,126,1,55,20,50,0,0,69,57,0,3,3,0,0,3,0,0,0,
Marlon Tuipulotu,57035,DI,KC,3,1,0,,0,0,16,0,0,61.7,38.6,74.8,55.9,30.1,66.8,0,0,0,0,,0.0,0,0,0,0.0,0,0,0,0,0,1,17,17,3,14,0,0,0,0,9,7,0,0,0,0,0,0,0,0,0,
Brandon Pili,57036,DI,SEA,13,9,0,,0,0,29,0,0,60.0,41.5,81.9,56.4,37.6,39.9,0,3,0,0,,15.4,2,0,0,0.0,0,0,0,0,0,0,150,150,6,139,0,5,0,0,76,74,0,2,2,0,0,3,0,0,0,
Ronnie Rivers,57208,HB,LA,1,0,0,,0,0,26,0,0,,60.0,60.0,60.0,,,0,0,0,0,,,0,0,0,0.0,0,0,0,0,0,0,1,0,0,0,0,0,0,1,1,0,0,0,0,0,0,0,0,0,0,
Connor Heyward,57301,TE,PIT,1,0,0,,0,0,25,0,0,,60.0,60.0,,60.0,,0,0,0,0,,,0,0,0,0.0,0,0,0,0,0,0,1,0,0,0,0,0,0,1,0,1,0,0,0,0,0,0,0,0,0,
Trey Sermon,57372,HB,PIT,1,0,0,,0,0,25,0,0,,60.0,60.0,,60.0,,0,0,0,0,,,0,0,0,0.0,0,0,0,0,0,0,1,0,0,0,0,0,0,1,0,1,0,0,0,0,0,0,0,0,0,
Jack Gibbens,57662,LB,NE,17,24,0,82.9,1,1,19,0,0,63.9,64.3,46.4,66.3,62.5,71.5,1,4,0,0,24,8.2,7,3,2,102.1,29,1,0,452,1,226,494,12,0,0,12,0,0,482,30,238,26,25,54,7,35,6,1,218,146,7.5
D'Marco Jackson,57691,LB,CHI,11,8,0,63.6,0,0,6,0,0,90.7,83.8,82.6,52.8,60.3,69.3,0,1,0,1,7,8.6,3,1,0,29.7,7,1,0,219,2,128,260,17,0,0,17,0,4,243,21,111,18,11,24,1,11,2,0,23,12,3.3
K.J. Britt,57727,LB,MIA,11,9,0,87.5,0,0,17,0,0,44.6,58.7,78.3,48.5,79.2,74.8,1,0,0,0,9,8.0,2,0,0,132.8,7,0,0,141,1,82,149,2,0,0,2,0,0,147,6,61,4,8,14,0,8,1,1,51,30,7.3
Jalen Pitre,57737,S,HST,14,16,1,75.0,0,0,13,0,0,86.9,85.6,84.0,66.8,72.8,60.2,0,10,0,4,33,14.0,12,6,2,68.1,45,0,0,185,6,447,751,27,0,0,27,0,47,724,40,264,486,22,58,3,60,10,0,450,232,10.0
Terrel Bernard,57739,LB,BUF,12,13,0,73.2,0,0,4,2,0,46.7,48.8,56.1,52.4,57.1,34.3,2,7,0,1,29,17.9,14,2,1,99.4,30,0,0,550,2,310,623,32,0,0,32,0,6,591,49,264,32,25,51,6,41,9,1,378,158,12.6
Isaiah McDuffie,57754,LB,GB,17,28,0,78.6,0,0,12,0,0,63.0,69.4,85.2,71.4,69.1,75.8,2,4,0,1,26,5.4,5,0,1,89.3,22,2,0,240,1,208,505,196,0,0,196,0,2,309,23,274,66,28,59,3,28,8,1,172,100,7.8
Baylon Spector,57782,LB,BUF,1,1,0,,0,0,4,0,0,60.0,75.1,67.6,,65.7,73.2,0,0,0,0,,0.0,0,0,0,0.0,0,0,0,1,0,1,3,0,0,0,0,0,0,3,0,2,2,0,0,0,0,0,0,0,0,
Nate Landman,57788,LB,LA,17,34,1,80.6,0,4,26,2,0,64.4,71.3,86.6,62.3,75.5,64.4,3,6,0,1,35,11.8,17,3,0,111.1,50,2,0,771,3,544,1017,130,0,0,130,0,4,887,71,402,109,50,93,6,62,11,3,521,336,10.4
Ventrell Miller,57809,LB,JAX,12,12,0,35.7,0,1,15,0,0,58.4,72.6,20.3,73.7,82.8,67.1,0,3,0,1,9,7.1,2,1,2,14.6,5,1,0,173,1,110,220,32,0,0,32,0,0,188,28,82,14,10,14,0,14,4,0,22,25,4.4
James Houston,57810,ED,DAL,17,4,0,0.0,0,1,9,1,0,66.5,69.1,22.8,69.5,67.4,63.2,10,9,0,0,,13.6,3,0,3,39.6,0,6,0,2,0,16,305,302,0,0,298,4,0,3,182,107,1,12,15,1,1,25,0,0,0,
Mykal Walker,57834,LB,NYJ,12,10,0,66.7,0,0,22,0,0,68.7,75.6,79.0,50.9,76.1,85.6,0,0,0,0,17,0.0,0,1,0,78.5,4,0,0,147,0,61,195,30,0,0,30,0,0,165,9,125,17,7,12,3,6,0,0,30,31,7.5
Robert Beal Jr.,57840,ED,SF,7,3,0,,0,0,28,0,0,61.5,53.3,83.9,51.8,54.7,59.3,0,5,0,0,,11.1,1,0,0,0.0,0,0,0,0,0,2,104,104,0,0,95,9,0,0,50,52,0,3,5,0,0,5,0,0,0,
Del'Shawn Phillips,57868,LB,LAC,7,5,0,100.0,0,0,27,0,0,36.6,50.8,0.0,66.3,67.6,48.6,1,1,0,0,37,17.6,3,0,1,118.8,3,1,0,72,1,26,82,6,0,0,6,0,0,76,9,47,3,7,9,0,3,3,0,66,60,22.0
Jake Hummel,57879,LB,BLT,6,1,0,100.0,0,0,3,0,0,59.7,69.1,73.5,52.7,74.1,41.3,0,0,0,0,8,33.3,1,0,0,100.0,1,0,0,32,0,12,34,0,0,0,0,0,0,34,4,18,1,0,1,0,1,0,0,8,11,8.0
Jamin Davis,57905,LB,LV,2,0,0,100.0,0,0,23,0,0,36.2,41.6,71.9,66.7,54.3,74.7,1,0,0,0,23,0.0,0,0,0,118.8,2,0,0,5,0,7,16,10,0,0,10,0,0,6,1,8,1,0,3,0,2,1,0,38,19,19.0
Patrick Queen,57941,LB,PIT,17,35,0,78.9,1,0,25,1,0,31.3,44.0,69.2,73.8,58.5,29.8,4,12,0,0,50,21.1,31,1,2,115.5,71,1,0,970,5,643,1112,54,0,0,54,0,14,1058,72,397,69,32,81,7,90,17,3,814,459,11.5
K'Lavon Chaisson,57945,ED,NE,16,4,1,50.0,2,2,19,1,1,82.9,60.1,26.4,62.7,48.5,28.6,11,34,0,0,6,36.4,12,1,6,56.3,1,9,0,4,0,19,641,634,0,2,626,6,0,7,400,222,0,19,17,3,2,54,0,6,0,6.0
Willie Gay,57987,LB,MIA,15,3,0,75.0,0,0,17,0,0,69.5,66.7,81.0,61.9,55.1,85.1,0,1,0,0,18,0.0,0,2,0,90.6,9,1,0,76,2,70,132,21,0,0,21,0,0,111,21,41,32,7,13,2,12,2,0,75,31,8.3
Pete Werner,58093,LB,NO,17,18,0,73.7,0,0,20,3,0,49.5,57.2,83.3,53.0,66.8,46.8,0,5,0,0,42,15.8,15,2,0,110.2,28,1,0,613,3,332,683,34,0,0,34,0,0,649,48,303,33,30,62,3,38,6,1,346,181,12.4
Baron Browning,58095,ED,ARZ,15,13,0,93.3,1,0,1,1,0,42.7,51.6,16.8,64.0,58.8,27.3,3,22,0,1,11,28.6,14,0,5,65.0,14,2,0,12,0,114,519,470,0,0,470,0,0,49,198,207,37,13,22,2,15,27,0,94,99,6.7
Kenneth Murray Jr.,58099,LB,DAL,17,30,0,72.9,0,0,9,1,0,48.3,38.9,63.3,52.2,31.9,62.1,3,6,0,0,41,11.3,11,1,2,99.7,35,1,0,756,1,497,870,32,0,0,32,0,6,838,40,333,75,28,56,4,48,10,1,345,232,9.9
Derrick Barnes,58120,LB,DET,17,20,1,89.3,0,0,11,0,0,56.6,62.3,89.9,54.2,69.1,65.7,1,16,0,1,33,9.5,7,1,0,112.4,25,4,1,374,4,369,939,460,0,6,453,1,0,479,188,382,101,31,47,3,28,21,2,247,167,9.9
Buddy Johnson,58189,LB,IND,2,1,0,100.0,0,0,14,0,0,33.5,32.8,74.6,57.7,56.3,76.6,0,0,0,0,23,0.0,0,0,0,118.8,3,0,0,22,0,15,26,3,0,0,3,0,0,23,2,9,1,1,2,1,3,0,0,62,25,20.7
Devin Lloyd,58238,LB,JAX,15,24,0,84.3,0,0,15,1,0,80.2,88.6,60.9,82.2,83.2,57.4,9,15,1,5,32,15.2,12,2,1,68.7,43,1,0,565,2,359,706,71,0,0,71,0,2,635,98,249,66,24,43,5,51,25,1,429,263,10.0
Joe Tryon-Shoyinka,58272,ED,CHI,14,4,0,,0,0,6,0,0,63.1,72.2,84.9,67.6,66.2,78.7,2,6,0,0,,0.0,0,0,0,0.0,0,0,0,0,0,2,142,142,0,1,139,2,0,0,72,68,0,8,10,0,0,8,0,0,0,
Daniel Scott,60640,S,IND,2,0,0,100.0,0,0,14,0,0,63.1,64.2,72.4,,,71.6,0,0,0,0,3,0.0,0,0,0,79.2,1,0,0,0,0,13,13,0,0,0,0,0,12,13,0,0,1,1,1,0,1,0,0,3,0,3.0
Michael Carter II,60644,CB,PHI,13,10,0,66.7,0,0,24,0,0,48.8,57.9,82.1,63.3,77.1,59.3,0,2,0,0,31,8.0,2,0,1,94.4,12,0,0,47,2,141,251,20,0,0,20,0,17,231,9,101,165,8,13,1,18,2,0,159,122,13.3
James Pierre,60649,CB,PIT,10,6,0,42.4,0,0,25,1,1,88.1,85.4,85.1,,59.1,34.4,0,0,0,1,25,20.6,7,9,0,52.8,14,0,0,10,357,235,377,3,0,0,3,0,1,374,0,142,5,8,21,1,33,0,1,142,73,10.1
Grant Delpit,60685,S,CLV,17,27,0,68.9,0,1,8,1,0,60.0,66.3,68.4,75.4,71.8,64.9,5,6,0,1,44,11.1,10,3,1,98.9,42,3,0,391,29,539,1014,96,0,0,96,0,227,918,50,425,271,31,53,2,61,14,2,517,296,12.3
Malcolm Rodriguez,60731,LB,DET,6,0,0,81.8,0,0,11,0,0,27.7,28.4,76.0,54.0,57.3,29.3,0,0,0,0,27,28.6,4,0,0,129.2,9,0,0,67,2,37,72,1,0,0,1,0,0,71,3,32,2,5,10,1,11,0,1,85,46,9.4
Darren Hall,60742,S,ARZ,9,3,0,83.3,0,0,1,0,0,46.1,51.1,77.1,56.4,69.2,52.5,0,0,0,0,39,16.7,3,0,0,158.3,5,0,0,68,0,73,150,1,0,0,1,0,36,149,2,75,45,3,12,0,6,0,1,79,36,15.8
Garret Wallow,60761,LB,SF,3,0,0,66.7,0,0,28,0,0,36.0,29.9,73.1,55.3,39.8,76.0,0,0,0,0,24,0.0,0,0,0,97.9,2,0,0,37,0,19,45,5,0,0,5,0,0,40,2,24,3,1,2,0,3,0,0,29,18,14.5
Isaiah Pola-Mao,60781,S,LV,17,13,0,67.5,0,0,23,0,0,30.1,39.6,45.8,63.5,66.5,39.7,0,5,0,2,43,19.6,21,2,3,115.1,27,0,0,250,1,597,1081,15,0,0,15,0,713,1066,12,472,102,12,73,4,40,5,5,365,114,13.5
Charlie Kolar,60917,TE,BLT,1,0,0,,1,0,3,0,0,,60.0,60.1,60.0,,,0,0,0,0,,,0,0,3,0.0,0,0,0,0,0,0,1,0,0,0,0,0,0,1,1,0,0,0,0,0,0,0,0,0,0,
Keion White,60998,ED,SF,14,5,1,,0,0,28,1,0,63.0,58.3,89.7,61.6,47.5,49.9,4,17,0,0,,15.8,3,0,0,0.0,0,2,0,21,0,3,441,420,3,54,316,47,0,21,299,139,0,9,11,1,0,23,0,0,0,
Noah Igbinoghene,61155,CB,WAS,14,11,0,64.5,0,0,32,0,0,54.4,55.6,81.5,78.0,54.1,51.8,1,1,0,0,42,14.3,6,4,3,96.6,20,1,0,68,65,233,373,3,0,0,3,0,0,370,4,136,237,8,25,0,31,3,0,303,178,15.2
Dominique Robinson,61436,ED,CHI,11,5,0,100.0,0,0,6,0,0,46.5,55.3,86.6,57.6,55.9,51.9,1,9,0,0,28,15.0,3,0,0,118.8,2,2,0,1,0,7,215,214,0,1,201,12,0,1,118,90,0,9,12,2,2,12,0,41,31,20.5
Daiyan Henley,61500,LB,LAC,16,27,0,81.3,0,0,27,0,0,48.4,54.1,66.3,68.4,58.8,77.9,2,9,0,2,29,7.9,8,3,2,91.9,61,4,0,733,5,529,930,101,0,0,101,0,1,829,63,338,90,27,66,2,75,15,1,574,385,9.4
Tariq Woolen,61790,CB,SEA,16,1,0,57.4,2,0,29,0,0,61.7,61.2,0.0,70.0,70.7,29.7,1,0,0,1,45,22.4,11,8,8,78.9,39,0,0,29,761,566,817,14,0,0,14,0,0,803,2,249,13,13,37,2,68,1,3,333,153,8.5
Christian Elliss,61853,LB,NE,15,23,0,87.9,0,1,19,0,0,57.9,61.4,47.4,71.7,61.2,52.8,4,6,0,0,23,14.8,13,3,1,111.9,29,0,0,450,4,257,506,17,0,0,17,0,1,489,56,193,34,18,52,0,33,10,1,278,193,9.6
Charles Snowden,62775,ED,LV,14,6,0,88.9,0,0,23,0,0,72.3,70.5,85.3,68.3,62.3,76.2,1,7,0,1,13,4.0,1,0,0,50.7,8,3,0,19,0,76,324,293,0,0,292,1,0,31,52,196,12,18,18,3,9,11,0,51,39,6.4
Theo Jackson,62919,S,MIN,13,15,0,70.0,0,1,18,1,0,65.7,68.4,86.7,73.5,65.3,64.6,0,0,0,0,31,13.2,7,0,0,97.5,7,2,0,84,8,302,529,21,0,0,21,0,369,508,11,216,47,9,31,0,10,2,0,89,51,12.7
Matthew Butler,62931,DI,MIA,12,6,0,,0,0,17,0,0,57.0,43.3,28.2,53.6,47.2,50.9,1,6,0,0,,16.7,3,0,2,0.0,0,0,0,0,0,3,215,215,2,118,32,63,0,0,104,108,0,4,9,0,0,7,0,0,0,
Jack Cochrane,63345,LB,KC,8,3,0,66.7,0,0,16,0,0,83.2,78.5,77.4,56.2,65.1,77.4,0,0,0,1,8,0.0,0,0,0,34.7,2,0,0,40,0,25,62,19,0,0,19,0,0,43,2,35,2,0,2,0,3,0,0,12,8,6.0
Akayleb Evans,65033,CB,CAR,5,0,0,75.0,0,0,5,0,0,50.0,53.8,76.8,,66.3,74.6,0,0,0,0,15,0.0,0,0,0,133.3,3,0,0,3,47,27,51,0,0,0,0,0,0,51,0,24,1,0,2,0,4,0,1,28,9,9.3
Samuel Womack III,65771,CB,NYJ,4,0,0,60.0,1,0,22,0,0,57.7,61.9,80.7,,75.3,82.8,0,0,0,0,18,0.0,0,1,1,111.7,6,0,0,7,117,67,127,1,0,0,1,0,0,126,0,60,2,5,11,0,10,0,1,63,21,10.5
Ty Hamilton,66298,DI,LA,14,8,0,,0,0,26,0,0,60.0,29.9,41.1,49.9,29.6,59.0,1,2,0,0,,7.1,1,0,1,0.0,0,0,0,0,0,0,138,138,1,103,15,19,0,0,68,70,0,2,5,0,0,3,0,0,0,
John Ridgeway,66694,DI,NO,4,4,0,,0,0,20,0,0,,42.7,79.8,51.4,44.7,54.1,1,1,0,0,,9.1,1,0,0,0.0,0,0,0,0,0,0,73,73,11,60,0,2,0,0,28,45,0,5,6,1,0,2,0,0,0,
Zyon McCollum,66769,CB,TB,13,3,0,57.1,0,1,30,0,0,61.9,63.9,86.5,51.4,69.9,64.8,0,0,0,1,54,10.4,7,6,1,94.1,40,0,0,53,648,495,766,6,0,0,6,0,3,760,4,267,55,20,57,1,70,0,5,446,112,11.2
Tristin McCollum,66771,S,LV,9,2,0,75.0,0,0,23,0,0,48.1,52.3,80.3,59.0,72.6,68.8,0,0,0,0,19,8.3,1,0,0,93.8,3,0,0,49,0,92,145,12,0,0,12,0,73,133,1,52,11,5,9,2,4,0,0,28,15,9.3
Josh Hayes,66798,CB,TB,1,0,0,,0,0,30,0,0,,59.9,60.0,,60.0,,0,0,0,0,,,0,0,0,0.0,0,0,0,0,0,0,1,0,0,0,0,0,0,1,0,1,0,0,0,0,0,0,0,0,0,
Kobie Turner,66894,DI,LA,17,13,3,0.0,0,0,26,1,0,59.5,83.2,58.6,84.6,70.8,29.2,7,40,0,1,,23.1,12,0,3,0.0,0,8,0,2,0,8,750,748,47,607,18,76,0,2,477,265,0,27,27,3,1,55,0,0,0,
Justin Watson,66915,WR,HST,1,0,0,,0,0,13,0,0,,60.0,60.0,60.0,,,0,0,0,0,,,0,0,0,0.0,0,0,0,0,0,0,1,0,0,0,0,0,0,1,1,0,0,0,0,0,0,0,0,0,0,
Zach Sieler,66917,DI,MIA,17,11,1,100.0,0,0,17,1,0,58.0,60.7,60.1,54.0,69.1,48.3,4,23,0,0,7,12.8,6,0,3,95.8,1,5,0,0,0,12,780,780,15,478,103,184,0,0,471,297,0,23,30,6,1,32,0,7,1,7.0
Dennis Gardeck,66928,LB,JAX,17,8,0,90.0,0,1,15,0,0,40.0,55.4,66.3,66.9,62.7,72.3,5,15,0,0,32,8.1,3,2,4,115.0,18,3,0,63,0,141,423,330,0,1,329,0,0,93,127,155,30,15,26,4,20,23,0,232,153,12.9
Jonathan Owens,66930,S,CHI,10,0,0,100.0,1,0,6,0,0,50.4,48.6,79.3,51.3,60.6,77.8,0,0,0,0,15,0.0,0,0,1,112.5,4,0,0,5,1,34,47,16,0,0,16,0,17,31,8,5,8,0,3,0,4,0,0,44,24,11.0
Tavierre Thomas,66931,S,MIN,6,1,0,100.0,0,0,18,0,0,64.2,75.3,87.0,,71.7,81.8,0,0,0,0,6,0.0,0,0,0,91.7,1,0,0,5,0,5,19,1,0,0,1,0,11,18,0,14,1,0,2,0,1,0,0,6,3,6.0
Drake Jackson,70839,ED,WAS,3,0,0,,0,0,32,0,0,,46.0,8.5,67.7,39.9,73.5,0,4,0,0,,0.0,0,0,1,0.0,0,0,0,0,0,0,61,61,0,2,57,2,0,0,30,31,0,1,3,0,0,4,0,0,0,
Easton Mascarenas-Arnold,71410,LB,CLV,4,0,0,,0,0,8,0,0,,74.7,68.3,,69.2,73.3,0,0,0,0,,0.0,0,0,0,0.0,0,0,0,10,0,0,12,2,0,0,2,0,0,10,0,12,0,1,1,0,0,0,0,0,0,
Trent McDuffie,72191,CB,KC,13,11,0,67.3,0,1,16,0,0,74.7,75.6,87.8,50.3,78.5,83.1,0,3,0,1,46,5.9,4,4,5,94.7,37,1,0,37,479,404,688,38,0,0,38,0,0,650,27,257,134,20,53,1,55,4,3,342,130,9.2
Evan Williams,73864,S,GB,16,26,0,73.7,1,0,12,1,0,62.0,69.0,66.0,63.7,82.4,65.3,0,2,0,3,43,12.5,13,1,5,80.9,28,0,0,280,2,548,903,28,0,0,28,0,467,875,10,345,126,23,65,3,38,2,2,299,69,10.7
Jowon Briggs,74867,DI,NYJ,17,10,0,,0,1,22,0,0,64.2,73.5,61.9,85.6,55.4,56.4,6,28,0,0,,7.3,3,0,2,0.0,0,4,0,0,0,0,588,588,19,442,3,124,0,0,320,268,0,25,28,4,0,38,0,0,0,
Jonah Laulu,75763,DI,LV,17,23,2,50.0,0,0,23,0,0,63.4,40.9,78.4,52.7,34.4,31.5,3,19,0,0,7,15.9,10,1,1,58.3,1,3,0,0,0,7,764,764,7,456,66,235,0,0,397,360,0,22,30,4,2,25,0,7,4,7.0
Chad Muma,75818,LB,NE,6,2,0,100.0,0,0,19,0,0,60.7,67.4,75.8,54.7,70.8,79.5,0,0,0,0,11,0.0,0,0,0,112.5,1,0,0,47,0,26,56,6,0,0,6,0,0,50,3,27,3,2,3,0,1,0,0,11,5,11.0
Asante Samuel Jr.,76625,CB,PIT,6,0,0,77.8,0,0,25,0,0,65.0,67.2,82.6,,72.9,55.6,0,0,0,1,27,16.7,2,0,0,103.7,7,0,0,12,207,146,222,1,0,0,1,0,0,221,0,76,2,2,10,0,9,0,2,80,39,11.4
Erick Hallett,76631,S,TEN,3,5,0,80.0,0,0,31,0,0,54.4,53.2,79.5,36.8,65.2,56.9,0,2,0,0,30,16.0,4,1,1,114.6,8,0,0,37,7,97,146,8,0,0,8,0,50,138,9,40,44,5,16,0,10,2,0,115,77,14.4
Elijah Jones,76632,CB,ARZ,1,1,0,33.3,0,0,1,0,0,83.0,82.4,73.5,,67.0,76.7,0,0,0,0,21,0.0,0,2,0,59.0,1,0,0,11,26,20,37,0,0,0,0,0,0,37,0,17,0,0,2,0,3,0,0,21,0,21.0
Andre Cisco,76641,S,NYJ,8,6,0,82.4,0,0,22,1,0,54.5,61.3,87.3,50.0,75.7,43.6,0,0,0,0,28,18.4,9,1,0,152.6,14,0,0,136,9,265,499,22,0,0,22,0,293,477,11,223,39,10,34,1,17,0,3,189,106,13.5
Juanyeh Thomas,76655,S,DAL,6,3,0,100.0,0,0,9,0,0,56.0,60.0,83.4,58.8,69.0,56.5,0,0,0,0,16,17.4,4,0,0,143.8,3,0,0,52,2,156,264,5,0,0,5,0,187,259,1,107,18,2,16,0,3,0,1,27,20,9.0
Chamarri Conner,76662,S,KC,17,28,0,82.4,1,2,16,0,0,46.6,53.4,86.9,66.0,64.2,39.9,3,7,0,1,51,16.7,21,2,3,114.6,56,2,0,405,3,563,1021,47,0,0,47,0,175,974,46,412,391,26,77,2,68,12,3,643,343,11.5
Tanner Ingle,76667,S,LA,2,0,0,,0,0,26,0,0,60.7,69.3,99.9,,60.0,,0,0,0,0,,,0,0,0,0.0,0,0,0,0,0,1,4,0,0,0,0,0,2,4,0,3,1,0,0,0,0,0,0,0,0,
DJ Ivey,76670,CB,CIN,12,1,0,62.5,0,0,7,0,0,71.6,69.3,80.7,58.4,46.1,64.0,0,0,0,0,20,9.1,1,3,0,83.6,10,0,0,12,60,89,115,4,0,0,4,0,11,111,1,25,28,3,9,0,16,0,0,113,55,11.3
DeMarvion Overshown,76729,LB,DAL,6,7,0,94.4,0,0,9,0,0,64.5,67.4,78.5,77.7,63.4,53.9,0,2,0,0,29,14.7,5,0,0,121.3,17,0,0,185,2,140,218,8,0,0,8,0,1,210,8,70,22,12,22,1,18,2,1,156,112,9.2
Zaire Barnes,76766,LB,NYG,3,1,0,75.0,0,0,21,0,0,49.6,48.9,75.8,72.5,49.4,31.1,0,1,0,0,20,22.2,4,0,0,116.0,9,1,0,81,1,48,93,1,0,0,1,0,0,92,6,39,10,11,13,1,12,2,1,68,66,7.6
Xavier Thomas,76807,ED,ARZ,3,0,0,,0,0,1,0,0,,60.0,73.2,59.7,59.5,,0,0,0,0,,,0,0,0,0.0,0,0,0,0,0,0,15,15,0,0,15,0,0,0,2,13,0,0,0,0,0,0,0,0,0,
Tyler Lacy,76836,ED,DET,10,7,0,,0,0,11,0,0,,58.6,60.7,51.4,65.2,78.8,1,4,0,0,,0.0,0,0,1,0.0,0,1,0,0,0,0,237,237,0,11,139,87,0,0,113,124,0,10,13,0,0,6,0,0,0,
Will McDonald IV,76842,ED,NYJ,15,8,0,100.0,1,0,22,0,0,50.7,59.2,82.5,71.0,41.6,27.9,12,22,0,0,12,29.4,10,0,1,108.3,2,8,0,6,1,18,648,641,3,8,626,4,0,7,385,245,0,19,16,3,2,42,0,20,8,10.0
Desjuan Johnson,76850,ED,LA,6,4,0,,0,0,26,0,0,75.7,71.2,28.0,66.9,67.6,59.3,5,9,0,0,,9.1,1,0,1,0.0,0,2,0,0,0,1,102,101,0,0,101,0,0,1,70,31,0,7,6,0,0,16,0,0,0,
Jalen Redmond,76861,DI,MIN,17,12,5,,0,1,18,2,0,61.4,72.8,80.7,62.6,72.7,45.2,3,26,0,0,,12.9,8,0,1,0.0,0,6,0,3,0,7,793,789,23,285,224,257,0,4,369,417,0,39,42,6,0,35,0,0,0,
Greg Rousseau,76889,ED,BUF,16,7,2,50.0,0,1,4,0,0,57.9,86.4,80.8,77.2,83.0,70.2,15,32,0,0,14,10.0,4,0,1,72.9,1,8,0,1,0,26,631,629,0,3,610,16,0,2,368,237,0,26,29,2,2,55,0,14,0,14.0
Travis Jones,76914,DI,BLT,16,16,1,,0,1,3,1,0,60.2,80.1,88.5,66.0,82.8,50.8,3,38,0,0,,8.5,4,0,0,0.0,0,6,0,1,0,19,743,742,125,575,0,42,0,1,478,246,0,28,27,5,0,47,0,0,0,
Logan Hall,76919,DI,TB,17,11,1,,0,1,30,0,0,63.2,66.8,40.6,65.5,66.0,34.6,4,26,0,0,,20.0,9,0,4,0.0,0,2,0,0,0,5,611,611,5,221,117,268,0,0,361,245,0,17,25,0,0,32,0,0,0,
Moro Ojomo,76927,DI,PHI,17,12,1,,0,0,24,0,0,72.0,72.9,78.1,70.3,64.5,29.0,4,39,0,0,,19.5,8,0,1,0.0,0,6,0,4,0,1,741,736,24,477,40,195,0,5,454,286,0,20,21,0,0,49,0,0,0,
Dante Stills,76937,DI,ARZ,17,9,1,,0,0,1,0,0,60.0,44.9,47.1,55.4,45.3,27.5,2,11,0,0,,22.4,11,0,3,0.0,0,0,0,0,0,0,548,548,9,262,59,218,0,0,289,259,0,18,29,2,0,13,0,0,0,
Karl Brooks,76941,DI,GB,15,9,1,100.0,0,0,12,0,0,59.8,47.4,62.8,58.7,40.6,60.7,4,20,0,0,3,6.5,2,0,2,79.2,1,1,0,5,0,6,618,613,44,330,11,228,0,5,388,224,0,11,20,1,1,25,0,3,8,3.0
Braden Fiske,76958,DI,LA,17,3,0,,1,0,26,0,0,70.1,58.7,60.4,64.8,45.7,28.7,8,31,0,0,,26.7,8,0,2,0.0,0,3,0,1,0,3,542,541,3,287,43,208,0,1,365,174,0,17,19,1,0,42,0,0,0,
Alim McNeill,76996,DI,DET,10,5,1,,1,0,11,0,0,60.2,52.2,46.8,61.4,47.3,28.3,2,21,0,0,,22.2,4,0,3,0.0,0,0,0,1,0,3,523,522,40,271,78,133,0,1,318,202,0,8,9,1,0,23,0,0,0,
Yasir Abdullah,77100,LB,JAX,1,0,0,,0,0,15,0,0,,60.1,68.8,,60.0,,0,0,0,0,,,0,0,0,0.0,0,0,0,0,0,0,2,2,0,0,2,0,0,0,0,2,0,0,0,0,0,0,0,0,0,
Shaka Heyward,77120,LB,CIN,4,2,0,0.0,0,0,7,0,0,69.1,55.1,76.4,55.1,45.0,77.3,1,0,0,0,,0.0,0,0,0,39.6,0,0,0,28,0,16,36,7,0,0,7,0,0,29,4,16,1,1,2,0,1,1,0,0,0,
Payton Wilson,77127,LB,PIT,17,27,1,86.5,0,0,25,1,0,48.5,53.6,85.9,61.5,60.4,64.6,3,11,0,1,33,10.6,13,0,2,104.3,45,2,0,547,17,439,733,58,0,0,58,0,3,675,76,218,107,32,83,4,52,16,2,410,259,9.1
Anthony Goodlow,77164,DI,ARZ,3,1,0,,0,0,1,0,0,60.0,46.5,75.8,54.5,47.2,70.7,1,0,0,0,,0.0,0,0,0,0.0,0,0,0,0,0,0,36,36,0,6,4,26,0,0,19,17,0,2,2,1,0,1,0,0,0,
Zaven Collins,77190,ED,ARZ,17,3,0,71.4,0,0,1,2,1,59.0,71.5,72.9,69.8,71.8,38.8,7,22,0,0,41,18.9,7,0,1,86.0,10,2,0,28,0,111,543,471,0,1,470,0,0,72,235,197,44,21,27,6,14,31,0,82,67,8.2
Nik Bonitto,77196,ED,DEN,17,2,1,83.3,0,1,10,0,0,63.1,77.5,22.6,84.9,61.3,33.1,14,45,0,0,14,28.6,12,0,7,96.5,5,17,0,5,0,68,684,676,0,0,676,0,0,8,416,200,2,34,28,3,6,76,0,43,27,8.6
Joseph Ossai,77205,ED,CIN,14,17,0,100.0,2,2,7,0,0,57.4,64.0,32.0,62.5,70.6,47.1,9,29,0,0,16,15.7,8,0,5,143.8,7,5,0,3,0,34,616,610,0,21,502,87,0,6,375,207,3,21,26,4,7,43,1,63,35,9.0
British Brooks,77714,FB,HST,1,0,0,,0,0,13,0,0,,60.0,60.0,60.0,,,0,0,0,0,,,0,0,0,0.0,0,0,0,0,0,0,1,0,0,0,0,0,0,1,1,0,0,0,0,0,0,0,0,0,0,
Jarrick Bernard-Converse,77841,CB,NYG,4,0,0,,0,0,21,0,0,66.0,69.9,71.9,,68.4,76.5,0,0,0,0,,0.0,0,0,0,0.0,0,0,0,7,16,5,23,0,0,0,0,0,0,23,0,18,0,1,3,0,0,0,0,0,0,
Tre'von Moehrig,77847,S,CAR,16,23,0,79.7,1,0,5,0,0,55.3,64.3,67.4,77.4,73.7,56.6,4,8,0,1,30,15.8,19,2,2,90.3,51,3,0,442,1,512,990,94,0,0,94,0,143,896,52,426,310,41,78,11,64,15,1,383,179,7.5
Ar'Darius Washington,77848,S,BLT,4,2,0,100.0,0,1,3,0,0,45.1,58.7,76.6,91.6,73.6,52.4,2,0,0,0,31,16.7,1,0,0,118.8,6,1,0,11,1,46,61,4,0,0,4,0,6,57,6,9,39,3,3,0,6,3,0,104,61,17.3
Derion Kendrick,78022,CB,LA,7,0,0,50.0,0,0,26,0,0,74.7,72.8,78.5,51.9,62.6,60.0,0,1,0,2,9,12.5,1,3,0,16.7,7,0,0,23,9,95,134,4,0,0,4,0,2,130,6,33,96,2,7,1,14,1,0,36,36,5.1
Alec Pierce,78038,WR,IND,1,0,0,0.0,0,0,14,0,0,60.0,60.0,62.6,,,,0,0,0,0,,,0,1,4,39.6,0,0,0,0,0,1,1,0,0,0,0,0,1,1,0,0,0,0,0,0,1,0,0,0,0,
Ryan Miller,78734,WR,NYG,1,0,0,,0,0,21,0,0,,60.1,,,60.0,,0,0,0,0,,,0,0,1,0.0,0,0,0,0,0,0,1,0,0,0,0,0,0,1,0,1,0,0,0,0,0,0,0,0,0,
Shemar Bartholomew,78995,CB,GB,1,0,0,100.0,0,0,12,0,0,61.1,58.7,76.4,,51.6,29.2,0,0,0,0,8,33.3,1,0,0,100.0,1,0,0,1,33,20,34,0,0,0,0,0,0,34,0,14,0,1,2,1,1,0,0,8,9,8.0
Cobie Durant,79126,CB,LA,17,8,0,58.6,1,0,26,1,0,66.9,66.3,88.1,53.5,57.1,57.0,0,1,1,3,38,10.6,5,3,2,85.6,41,0,0,30,744,506,819,11,0,0,11,0,0,808,3,310,34,9,34,1,70,1,5,483,158,11.8
Christian Benford,79181,CB,BUF,14,6,0,59.2,1,0,4,2,1,55.0,67.8,63.5,98.1,89.5,70.1,0,0,1,2,40,8.9,4,1,3,97.2,29,2,0,44,733,462,798,16,0,0,16,0,1,782,10,326,3,15,35,2,49,2,5,339,70,11.7
Nick Hampton,81162,ED,LA,12,2,0,100.0,0,0,26,0,0,51.9,59.9,80.9,55.3,67.2,75.6,0,2,0,0,11,0.0,0,0,0,91.7,4,0,0,0,0,15,112,107,0,0,107,0,0,5,51,46,5,1,3,0,4,2,0,24,17,6.0
Cam Jones,81244,LB,NYJ,4,0,0,,0,0,22,0,0,61.0,66.2,67.0,,61.8,,0,0,0,0,,,0,0,0,0.0,0,0,0,4,0,2,5,0,0,0,0,0,0,5,0,3,0,0,0,0,0,0,0,0,0,
Micah McFadden,81246,LB,NYG,1,1,0,,0,0,21,0,0,65.6,64.1,70.7,,58.2,75.0,1,0,0,0,,0.0,0,0,0,0.0,0,0,0,11,0,6,11,0,0,0,0,0,0,11,0,5,0,0,1,0,0,1,0,0,0,
Damone Clark,81282,LB,HST,7,5,0,72.7,0,0,13,0,0,28.1,30.0,75.6,59.5,58.2,44.6,0,0,0,0,16,17.6,3,0,0,115.7,8,0,0,81,2,53,102,7,0,0,7,0,1,95,6,43,10,1,9,0,11,0,1,60,26,7.5
Durell Nchami,81292,ED,IND,3,1,0,100.0,0,0,14,0,0,76.2,56.0,78.2,52.6,48.9,72.4,0,1,0,0,4,0.0,0,0,0,83.3,1,0,0,0,0,2,33,33,0,0,32,1,0,0,21,10,0,1,1,0,1,1,0,4,1,4.0
Cameron McGrone,81300,LB,CLV,3,0,0,75.0,0,0,8,0,0,27.5,28.2,78.0,52.2,66.8,27.1,0,0,0,0,19,66.7,2,0,0,135.4,3,0,0,28,1,27,42,11,0,0,11,0,0,31,5,10,2,1,1,0,4,0,1,30,37,10.0
Nick Bolton,81322,LB,KC,17,41,1,82.2,1,1,16,0,0,67.6,78.9,87.3,61.9,85.2,60.4,6,18,0,1,33,12.2,21,3,2,101.1,60,1,0,936,1,491,1011,36,0,0,36,0,3,975,111,409,35,61,110,10,73,25,2,543,396,9.1
Dylan Horton,81335,ED,HST,16,3,0,,0,0,13,0,0,60.0,53.0,66.9,49.5,59.2,69.9,2,13,0,0,,0.0,0,0,1,0.0,0,1,0,0,0,0,245,244,0,0,242,2,0,1,132,113,0,11,14,0,0,16,0,0,0,
Micah Parsons,81360,ED,GB,14,12,0,,0,2,12,0,0,74.8,91.9,30.0,92.9,69.3,79.7,14,51,0,0,,6.1,2,0,6,0.0,0,14,0,42,0,7,707,665,0,14,599,52,0,42,436,264,0,28,19,3,0,79,0,0,0,
Ernest Jones,81399,LB,SEA,15,34,0,73.0,0,0,29,0,0,46.9,58.1,87.3,49.2,75.6,72.1,1,4,1,5,54,7.6,10,1,3,66.6,46,1,0,796,1,529,903,44,0,0,44,0,5,859,60,314,57,44,88,4,63,6,1,475,322,10.3
Alec Anderson,81882,G,BUF,1,0,0,,0,0,4,0,0,,60.0,60.0,60.0,,,0,0,0,0,,,0,0,2,0.0,0,0,0,0,0,0,1,0,0,0,0,0,0,1,1,0,0,0,0,0,0,0,0,0,0,
Brenton Cox Jr.,81957,ED,GB,4,1,0,,1,1,12,0,0,60.0,53.2,19.9,67.2,44.9,53.2,2,2,0,0,,33.3,2,0,1,0.0,0,1,0,0,0,1,79,79,0,2,73,4,0,0,47,31,0,2,3,0,0,5,0,0,0,
Azeez Ojulari,81959,ED,PHI,3,4,0,,0,0,24,0,0,65.1,62.5,79.9,49.4,69.3,60.4,1,2,0,0,,11.1,1,0,0,0.0,0,0,0,0,0,8,67,65,0,0,65,0,0,2,31,28,2,2,4,1,0,3,0,0,0,
Odafe Oweh,82161,ED,LAC,17,10,0,62.5,0,0,27,0,0,38.6,73.8,76.1,78.1,62.6,51.2,9,30,0,0,13,11.8,4,0,1,77.6,5,8,0,2,1,26,513,510,0,1,501,8,0,3,353,134,0,25,20,2,8,47,0,45,23,9.0
Thomas Booker IV,82168,DI,LV,17,20,5,,1,1,23,1,0,58.7,45.6,30.3,67.8,39.4,50.4,7,22,0,0,,6.4,3,0,5,0.0,0,0,0,0,0,4,603,603,59,495,0,49,0,0,288,311,0,13,24,1,0,29,0,0,0,
Christian Barmore,82198,DI,NE,17,6,0,,0,0,19,0,0,62.9,52.1,89.4,69.6,29.7,33.6,9,39,0,0,,25.7,9,0,0,0.0,0,2,0,0,0,3,667,664,21,393,70,180,0,3,428,236,0,13,20,2,0,50,0,0,0,
Teair Tart,82261,DI,LAC,17,7,4,,0,1,27,1,0,55.6,68.0,19.8,64.9,73.3,56.3,2,13,0,0,,8.1,3,0,5,0.0,0,0,0,1,0,2,499,498,60,363,0,75,0,1,263,234,0,21,27,4,0,15,0,0,0,
Devonte Wyatt,82268,DI,GB,10,8,2,,1,0,12,0,0,61.9,52.9,49.3,71.4,38.7,76.8,2,16,0,0,,4.0,1,0,2,0.0,0,4,0,1,0,2,379,378,32,270,4,72,0,1,222,155,0,16,16,2,0,22,0,0,0,
Aidan Hutchinson,82330,ED,DET,17,9,1,100.0,1,4,11,1,0,72.9,91.7,59.8,92.1,69.7,44.3,20,64,0,1,12,20.8,10,0,6,77.1,1,16,0,6,0,9,1005,998,0,1,991,6,1,7,622,374,0,35,29,1,1,100,0,12,2,12.0
Casey Rogers,82347,DI,NYG,1,0,0,,0,0,21,0,0,,62.2,67.9,,60.8,,0,0,0,0,,,0,0,0,0.0,0,0,0,0,0,0,2,2,1,1,0,0,0,0,0,2,0,0,0,0,0,0,0,0,0,
Cameron Thomas,82387,ED,CLV,17,9,0,,0,0,8,0,0,62.4,67.6,51.3,66.7,65.3,80.8,3,6,0,0,,0.0,0,0,2,0.0,0,4,0,0,0,7,310,310,0,4,299,7,0,0,155,148,0,8,10,0,0,13,0,0,0,
Kingsley Enagbare,82409,ED,GB,16,7,0,100.0,0,0,12,0,0,71.0,63.6,74.7,58.6,61.0,54.2,5,16,0,0,20,15.6,7,0,2,118.1,3,3,0,5,0,22,468,463,0,19,396,48,0,5,243,203,0,20,31,5,3,24,0,37,36,12.3
Bobby Brown III,82429,DI,CAR,17,8,1,,0,0,5,0,0,66.9,54.2,47.6,51.1,57.8,53.9,0,4,0,0,,13.3,4,0,2,0.0,0,1,0,1,0,1,351,350,114,185,18,33,0,1,156,194,0,12,18,1,0,5,0,0,0,
Tyree Wilson,82432,ED,LV,17,6,1,,0,1,23,1,0,63.3,57.6,89.1,60.4,48.2,28.6,3,28,0,0,,24.4,10,0,0,0.0,0,4,1,1,0,4,463,462,1,27,358,76,0,1,304,155,0,21,25,4,0,35,0,0,0,
Otito Ogbonnia,82450,DI,LAC,9,2,0,,0,0,27,0,0,,55.3,38.4,59.2,56.8,37.5,0,3,0,0,,11.1,1,0,1,0.0,0,0,0,0,0,0,138,138,11,106,0,21,0,0,72,66,0,6,6,2,0,3,0,0,0,
Taki Taimani,82468,DI,MIN,2,0,0,,0,0,18,0,0,,27.4,0.0,55.6,28.7,23.0,0,0,0,0,,100.0,1,0,1,0.0,0,0,0,0,0,0,35,35,11,24,0,0,0,0,12,23,0,0,0,0,0,0,0,0,0,
Scott Matlock,82482,FB,LAC,3,1,0,,1,0,27,0,0,61.1,64.8,74.1,57.4,58.2,67.3,0,0,0,0,,0.0,0,0,1,0.0,0,0,0,0,0,0,18,18,1,14,0,3,0,0,3,15,0,0,0,0,0,0,0,0,0,
Tommy Togiai,82501,DI,HST,15,10,3,,0,0,13,1,1,65.5,73.3,86.0,71.5,63.9,60.8,3,20,0,0,,8.1,5,0,0,0.0,0,2,0,1,0,1,459,458,5,340,6,107,0,1,251,207,0,34,47,5,0,25,0,0,0,
PJ Mustipher,82505,DI,ARZ,15,12,1,,0,0,1,0,0,60.0,41.3,38.9,54.9,43.0,70.9,0,3,0,0,,5.9,2,0,2,0.0,0,0,0,0,0,0,300,300,183,117,0,0,0,0,119,181,0,7,20,1,0,3,0,0,0,
Quay Walker,82547,LB,GB,14,28,0,82.2,0,0,12,0,0,45.3,48.7,64.8,62.0,54.5,81.0,5,4,0,0,41,7.8,10,4,1,120.8,60,3,0,798,0,464,900,37,0,0,37,0,6,863,77,359,59,44,90,6,73,12,5,548,294,9.1
Channing Tindall,82548,LB,ARZ,2,0,0,,0,0,1,0,0,60.5,75.7,68.9,59.4,65.0,73.2,0,0,0,0,,0.0,0,0,0,0.0,0,0,0,4,0,2,4,0,0,0,0,0,0,4,1,1,0,1,1,0,0,0,0,0,0,
Jack Sanborn,82566,LB,DAL,5,8,0,91.7,0,0,9,0,0,58.6,56.0,79.7,55.0,54.3,39.8,0,1,0,0,25,18.9,7,1,0,107.3,11,0,0,220,0,121,229,0,0,0,0,0,0,229,2,106,9,8,22,1,12,1,0,117,56,10.6
Mekhi Blackmon,83036,CB,IND,17,6,0,63.6,2,0,14,0,0,46.1,51.2,86.8,61.7,72.4,55.8,0,0,0,2,88,13.3,10,2,8,93.2,42,1,0,79,629,518,784,7,0,0,7,0,0,777,1,265,69,18,59,2,66,1,3,563,226,13.4
Kendall Williamson,83090,S,LAC,4,0,0,,0,0,27,0,0,62.8,73.4,71.1,57.2,77.0,79.7,0,1,0,0,,0.0,0,0,0,0.0,0,0,0,9,0,12,27,0,0,0,0,0,16,27,2,13,2,1,3,0,0,1,0,0,0,
Ethan Bonner,83091,CB,MIA,9,3,0,50.0,0,0,17,0,0,50.7,50.4,80.5,,51.5,28.2,0,0,0,1,35,36.4,4,1,0,86.5,4,0,0,13,77,54,91,0,0,0,0,0,0,91,0,37,0,1,4,1,8,0,1,82,14,20.5
Pat Surtain II,83119,CB,DEN,14,4,0,52.5,1,0,10,0,0,71.6,72.0,87.9,71.4,64.1,49.6,0,1,0,1,37,16.3,8,9,10,66.5,31,0,0,59,734,566,864,0,0,0,0,0,0,864,2,296,71,8,37,1,59,1,1,312,92,10.1
Jalyn Armour-Davis,83120,CB,TEN,11,7,0,77.4,3,0,31,0,0,49.6,54.2,85.6,60.0,71.1,52.5,0,0,0,0,43,15.0,6,1,5,134.6,24,0,0,41,461,299,508,3,0,0,3,0,0,505,1,208,3,9,27,1,31,0,2,346,115,14.4
Josh Jobe,83122,CB,SEA,16,6,0,51.8,2,0,29,0,0,52.3,56.6,62.0,85.7,74.2,65.2,1,0,0,1,57,9.7,6,9,10,75.2,43,1,0,86,713,564,817,1,0,0,1,0,0,816,4,249,17,14,50,0,83,2,3,457,141,10.6
Jamien Sherwood,83175,LB,NYJ,17,39,2,79.7,0,0,22,0,0,46.1,66.2,87.5,70.5,82.0,85.9,3,8,0,0,42,5.7,9,3,2,125.1,51,2,0,995,8,547,1110,33,0,0,33,0,0,1077,65,498,74,49,110,7,64,13,4,578,390,11.3
Roger McCreary,83176,CB,LA,11,7,0,83.9,0,0,26,0,0,69.7,69.2,81.6,58.6,63.7,58.0,0,4,0,1,33,14.6,6,1,1,110.2,26,1,0,47,3,224,345,4,0,0,4,0,0,341,15,106,290,11,28,0,31,5,2,264,160,10.2
Tyson Campbell,83217,CB,CLV,17,18,0,51.1,0,3,8,0,0,66.5,69.8,89.0,59.9,77.5,67.1,1,1,1,1,50,9.8,9,8,2,92.4,45,0,0,70,856,599,966,0,0,0,0,0,0,966,2,365,40,20,65,2,88,2,6,627,147,13.9
Chris Smith II,83220,S,NYJ,2,1,0,100.0,0,0,22,0,0,62.4,63.3,65.4,,60.0,77.3,0,0,0,0,10,0.0,0,0,0,108.3,1,0,0,0,0,2,3,0,0,0,0,0,3,3,0,1,0,0,0,0,1,0,0,10,6,10.0
Quan Martin,83236,S,WAS,17,25,0,73.0,3,1,32,0,0,39.2,48.4,34.1,88.2,70.0,60.1,2,2,0,0,86,14.4,15,3,4,154.6,27,0,0,245,7,559,927,8,0,0,8,0,561,919,6,362,106,11,64,0,37,4,5,565,270,20.9
Kerby Joseph,83239,S,DET,6,4,0,55.6,0,0,11,0,0,57.7,59.5,22.6,60.0,66.9,31.7,0,0,0,3,30,26.1,6,1,1,74.5,5,0,0,90,0,211,316,0,0,0,0,0,206,316,0,105,20,3,13,0,9,0,1,62,26,12.4
Sydney Brown,83241,S,PHI,12,4,0,66.7,0,0,24,0,0,58.1,60.0,83.3,57.7,62.8,67.6,0,0,0,0,19,12.5,3,0,0,81.7,6,0,0,71,0,122,249,2,0,0,2,0,164,247,2,125,12,5,17,0,9,0,0,52,30,8.7
JuJu Brents,83256,CB,MIA,4,1,0,57.1,0,0,17,1,0,78.6,74.5,78.8,,55.6,52.2,0,0,0,0,13,15.4,2,1,0,67.0,4,0,0,17,87,66,110,1,0,0,1,0,0,109,0,44,5,2,10,0,7,0,0,29,6,7.3
Kaevon Merriweather,83257,S,HST,8,0,0,100.0,0,0,13,0,0,46.4,45.3,76.8,59.2,56.7,83.9,0,0,0,0,23,0.0,0,0,0,118.8,1,0,0,5,2,9,27,10,0,0,10,0,8,17,1,17,0,1,2,1,1,0,0,23,11,23.0
Riley Moss,83259,CB,DEN,17,9,0,57.0,2,0,10,0,0,63.4,65.9,68.9,87.9,70.9,64.4,0,0,0,1,52,12.1,11,15,12,92.5,65,1,0,105,935,727,1089,2,0,0,2,0,1,1087,3,359,46,26,71,2,114,1,6,795,151,12.2
Percy Butler,83271,S,WAS,11,1,0,100.0,0,0,32,0,0,67.3,69.3,71.8,60.0,61.5,80.4,0,0,0,0,22,0.0,0,0,0,118.8,2,0,0,6,3,10,20,4,0,0,4,0,7,16,1,9,0,0,2,0,2,0,0,43,30,21.5
Jordan Howden,83305,S,NO,14,5,0,77.8,0,0,20,1,1,66.6,73.2,15.7,52.1,85.5,72.5,0,2,0,0,15,7.4,2,0,1,89.4,7,0,0,105,1,153,259,1,0,0,1,0,121,258,4,102,31,11,20,1,9,2,0,49,45,7.0
Keidron Smith,83310,S,NYJ,2,4,0,66.7,0,0,22,0,0,53.8,50.4,0.0,,60.3,49.2,0,0,0,0,18,12.5,2,0,1,92.4,2,0,0,25,1,28,70,0,0,0,0,0,33,70,0,42,10,2,10,0,3,0,0,25,4,12.5
Isaiah Stalbird,83325,LB,NO,10,3,1,33.3,0,0,20,0,0,51.0,67.2,80.2,76.8,75.5,37.4,1,3,0,0,9,33.3,3,0,0,42.4,1,2,0,42,0,38,63,20,0,0,20,0,0,43,14,11,1,4,3,0,3,6,0,9,4,9.0
Cam Taylor-Britt,83326,CB,CIN,8,6,0,66.7,1,0,7,0,0,57.0,57.6,83.5,63.8,56.2,38.8,1,0,0,0,35,19.2,5,3,5,133.5,14,0,0,35,294,220,348,1,0,0,1,0,0,347,5,123,18,7,15,1,21,1,3,183,64,13.1
Greg Newsome II,83341,CB,JAX,17,4,0,65.8,1,0,15,0,0,56.8,55.4,61.8,,48.1,43.3,0,0,0,1,61,20.6,13,2,5,107.2,48,0,0,43,679,493,748,11,0,0,11,0,0,737,0,255,15,13,46,1,73,0,5,582,161,12.1
Kitan Oladapo,83349,S,GB,3,0,1,100.0,0,0,12,0,0,51.0,56.9,76.3,72.3,64.9,61.5,0,1,0,0,11,16.7,1,0,0,101.0,4,0,0,16,0,36,68,4,0,0,4,0,13,64,4,28,35,2,5,0,4,1,0,33,27,8.3
Christian Izien,83360,S,TB,9,5,0,83.3,0,1,30,0,0,50.4,51.3,78.2,50.8,61.2,65.5,0,0,0,0,36,9.1,2,0,0,127.8,10,0,0,57,1,98,167,1,0,0,1,0,63,166,4,65,45,7,15,1,12,0,1,96,40,9.6
Jaycee Horn,83375,CB,CAR,16,8,0,59.3,2,0,5,0,0,61.6,57.9,44.6,37.9,51.0,28.3,0,1,0,5,62,30.2,16,2,9,79.6,35,0,0,104,837,543,955,6,0,0,6,0,0,949,9,403,8,9,29,1,59,1,5,498,177,14.2
Kyler Gordon,83451,CB,CHI,3,2,0,90.0,1,0,6,1,0,62.0,59.2,0.0,57.3,78.3,81.4,0,0,0,0,22,0.0,0,0,2,139.2,9,1,0,14,9,76,117,18,0,0,18,0,0,99,15,26,76,4,4,0,10,1,1,94,18,10.4
Alontae Taylor,83469,CB,NO,17,7,0,68.9,0,0,20,0,0,66.8,63.1,48.0,54.7,56.3,63.9,1,4,0,2,43,12.4,11,6,4,107.5,62,2,0,170,295,541,1056,24,0,0,24,0,1,1032,44,471,566,33,71,5,90,7,8,597,332,9.6
Jaden Crumedy,83508,DI,CAR,3,2,0,,0,0,5,0,0,,64.8,77.3,62.1,62.6,68.7,0,0,0,0,,0.0,0,0,0,0.0,0,0,0,0,0,0,44,44,0,39,0,5,0,0,20,24,0,0,0,0,0,0,0,0,0,
Javontae Jean-Baptiste,83514,ED,WAS,3,4,0,,0,0,32,0,0,66.5,75.5,81.2,60.9,71.2,76.1,0,0,0,0,,0.0,0,0,0,0.0,0,1,0,0,0,3,60,60,0,2,56,2,0,0,28,29,0,3,3,1,0,1,0,0,0,
Austin Ajiake,83826,LB,IND,14,5,0,69.2,0,0,14,0,0,34.0,40.7,81.4,69.5,59.9,40.9,1,1,0,0,14,17.6,3,0,0,107.5,9,1,0,105,4,113,157,29,0,0,29,0,5,128,9,35,14,4,9,0,13,3,1,69,39,7.7
Corey Ballentine,83833,CB,DAL,2,0,0,50.0,0,0,9,0,0,57.3,48.3,74.5,59.1,50.5,22.9,0,0,0,0,17,100.0,1,0,0,79.2,1,0,0,1,1,14,23,0,0,0,0,0,6,23,1,8,15,0,0,0,2,0,0,17,14,17.0
Jevon Holland,83873,S,NYG,14,14,0,58.1,1,0,21,0,0,53.0,58.4,61.4,52.7,73.8,73.7,0,2,0,1,36,10.9,7,3,4,93.9,18,0,0,190,5,512,835,20,0,0,20,0,535,815,8,315,85,9,43,0,31,2,2,263,83,14.6
Talanoa Hufanga,83903,S,DEN,17,19,1,58.3,0,1,10,0,0,69.3,72.0,69.5,66.1,76.1,68.5,1,5,0,0,63,12.4,14,6,4,99.5,21,2,0,362,9,689,1084,38,0,0,38,0,547,1046,32,363,128,30,80,5,36,8,2,262,118,12.5
Greg Dulcich,84068,TE,MIA,1,0,0,,0,0,17,0,0,,61.6,60.1,,60.0,,0,0,0,0,,,0,0,0,0.0,0,0,0,0,0,0,1,0,0,0,0,0,0,1,0,1,0,0,0,0,0,0,0,0,0,
Josh Newton,84268,CB,CIN,14,1,0,52.2,0,0,7,0,0,62.8,58.4,82.5,,35.6,26.9,0,0,0,0,23,38.9,7,3,0,79.3,12,0,0,27,198,181,275,0,0,0,0,0,1,275,0,94,49,3,10,0,23,0,1,106,65,8.8
Miles Battle,84301,CB,NE,2,0,0,50.0,0,0,19,0,0,71.1,67.7,87.7,,54.1,76.5,0,0,0,0,8,0.0,0,0,0,58.3,2,0,0,2,25,17,32,0,0,0,0,0,0,32,0,15,2,0,3,0,4,0,0,14,0,7.0
Markees Watts,84537,ED,TB,5,0,0,100.0,0,0,30,0,0,40.4,46.6,80.0,63.5,47.8,22.4,0,2,0,0,15,100.0,3,0,0,118.8,1,1,0,0,0,3,27,26,0,0,26,0,0,1,18,6,0,0,0,0,1,3,0,15,17,15.0
Darius Muasau,86008,LB,NYG,12,10,0,73.7,0,0,21,0,0,53.9,52.1,81.8,66.9,49.8,55.7,1,5,0,0,23,12.8,6,1,0,108.0,14,1,0,419,4,204,453,18,0,0,18,0,0,435,25,224,12,16,31,2,19,7,1,123,110,8.8
Rico Payton,86957,CB,NYG,2,2,0,50.0,0,0,21,0,0,53.5,55.6,76.0,,62.2,46.4,0,0,0,0,4,22.2,2,1,2,56.3,2,0,0,0,33,18,35,0,0,0,0,0,0,35,0,17,2,1,5,0,4,0,0,5,16,2.5
Chris Williams,87178,DI,CHI,14,3,0,,0,0,6,0,0,67.1,59.2,83.5,54.2,56.1,43.1,1,7,0,0,,16.7,2,0,0,0.0,0,0,0,0,0,0,219,219,9,143,26,41,0,0,127,92,0,1,7,1,0,8,0,0,0,
LaCale London,87179,DI,ATL,13,10,1,,1,0,2,0,0,60.0,70.6,36.3,65.7,71.7,46.8,0,8,0,0,,11.5,3,0,2,0.0,0,4,0,0,0,0,270,270,115,146,0,9,0,0,131,139,0,15,13,2,0,12,0,0,0,
Khristian Boyd,88444,DI,NO,4,4,0,,0,0,20,0,0,,55.4,80.1,56.5,55.0,71.3,1,1,0,0,,0.0,0,0,0,0.0,0,0,0,0,0,0,77,77,28,49,0,0,0,0,36,41,0,0,1,0,0,2,0,0,0,
Gabriel Murphy,89099,ED,MIN,1,0,0,,0,0,18,0,0,,59.6,71.4,60.0,59.6,,0,0,0,0,,,0,0,0,0.0,0,0,0,0,0,0,5,5,0,0,5,0,0,0,1,4,0,0,0,0,0,0,0,0,0,
Charles Woods,89148,CB,NE,11,1,0,70.0,0,0,19,0,0,58.3,57.1,80.4,,50.5,59.3,0,0,0,0,22,11.1,1,1,0,97.9,7,0,0,8,69,78,118,4,0,0,4,0,3,114,0,40,33,2,7,0,10,0,0,90,48,12.9
Andre Sam,89166,S,PHI,1,0,0,,0,0,24,0,0,,60.0,66.3,,60.0,,0,0,0,0,,,0,0,0,0.0,0,0,0,1,0,0,3,0,0,0,0,0,1,3,0,3,1,0,0,0,0,0,0,0,0,
Patrick O'Connell,89300,LB,SEA,5,2,0,66.7,0,0,29,0,0,63.4,72.6,75.0,76.1,69.3,82.7,0,0,0,0,7,0.0,0,0,0,72.9,2,1,0,52,0,28,55,1,0,0,1,0,0,54,1,26,2,6,7,0,3,1,0,11,1,5.5
Kyle Dugger,90621,S,PIT,16,21,1,66.7,0,0,25,0,0,48.3,53.2,84.6,82.9,57.2,59.9,0,5,1,2,64,13.6,9,2,1,109.1,22,1,1,260,8,460,743,12,0,0,12,0,397,731,16,267,66,11,36,1,33,6,4,294,112,13.4
Brodric Martin-Rhodes,91288,DI,LV,1,0,0,,0,0,23,0,0,,28.4,71.8,59.9,30.0,,0,0,0,0,,,0,0,0,0.0,0,0,0,0,0,0,10,10,6,4,0,0,0,0,3,7,0,0,0,0,0,0,0,0,0,
Daniel Hardy,91336,ED,CHI,8,0,0,100.0,1,0,6,0,0,29.8,29.0,5.4,56.3,30.5,23.5,1,1,0,0,13,40.0,2,0,1,97.9,2,0,0,3,0,5,54,51,0,0,49,2,0,3,25,24,0,1,3,0,2,2,0,15,25,7.5
Ashton Dulin,91479,WR,IND,1,0,0,,0,0,14,0,0,,59.8,64.2,59.4,,,0,0,0,0,,,0,0,0,0.0,0,0,0,1,0,0,1,0,0,0,0,0,0,1,1,0,0,0,0,0,0,0,0,0,0,
E.J. Speed,94351,LB,HST,16,7,1,71.4,0,0,13,0,0,54.8,54.7,10.4,50.3,62.9,48.3,2,5,0,0,15,17.0,9,0,3,96.6,20,0,0,372,3,238,429,16,0,0,16,0,1,413,32,159,37,24,37,3,28,7,1,155,96,7.8
Jordan Davis,94854,DI,PHI,17,19,6,,0,0,24,0,0,61.7,72.7,88.2,62.6,71.6,45.1,1,21,0,0,,11.4,9,0,0,0.0,0,5,0,1,0,0,686,685,187,494,0,4,0,1,380,306,0,41,51,7,0,27,0,0,0,
Malik Washington,97108,WR,MIA,1,0,0,,0,0,17,0,0,,60.0,60.0,,60.0,,0,0,0,0,,,0,0,2,0.0,0,0,0,0,0,0,1,0,0,0,0,0,0,1,0,1,0,0,0,0,0,0,0,0,0,
Bralyn Lux,97143,CB,CIN,2,1,0,100.0,0,0,7,0,0,69.2,73.7,73.7,,74.0,77.8,0,0,0,0,5,0.0,0,0,0,85.4,2,0,0,0,1,14,19,0,0,0,0,0,0,19,0,5,18,1,2,0,2,0,0,9,3,4.5
Isaiah Williams,97156,WR,NYJ,1,0,0,,0,0,22,0,0,,60.0,60.0,,60.0,,0,0,0,0,,,0,0,1,0.0,0,0,0,0,0,0,1,0,0,0,0,0,0,1,0,1,0,0,0,0,0,0,0,0,0,
Mike Sainristil,97180,CB,WAS,17,11,0,71.3,3,0,32,0,0,52.3,52.8,87.0,52.6,52.5,55.8,0,1,0,4,38,13.5,12,7,4,109.7,67,0,0,133,499,607,1024,14,0,0,14,0,1,1010,6,411,377,19,66,2,94,1,9,767,366,11.4
Marcus Harris,97230,CB,TEN,9,3,0,52.0,0,1,31,0,0,67.4,68.4,82.9,59.9,68.1,88.0,0,2,0,0,38,0.0,0,4,1,83.9,13,0,0,43,168,220,342,3,0,0,3,0,0,339,8,114,128,5,20,1,25,2,1,151,86,11.6
Rashad Wisdom,97249,S,TB,1,0,0,,0,0,30,0,0,60.9,61.3,71.3,,,,0,0,0,0,,,0,0,0,0.0,0,0,0,0,0,3,3,0,0,0,0,0,3,3,0,0,0,0,0,0,0,0,0,0,0,
Jaden Davis,97250,CB,ARZ,3,0,0,100.0,0,0,1,0,0,49.3,52.1,75.3,55.5,66.8,28.9,0,0,0,0,12,0.0,0,0,0,139.6,3,0,0,4,0,26,38,0,0,0,0,0,1,38,2,10,33,1,2,0,3,0,1,24,9,8.0
Reddy Steward,97289,CB,DAL,15,9,0,86.5,0,0,9,0,0,58.3,50.9,48.3,48.5,35.8,45.3,0,3,0,0,28,17.2,11,3,4,99.5,45,2,0,86,8,312,519,12,0,0,12,0,29,507,25,182,384,18,44,4,52,5,0,410,328,9.1
Dell Pettus,97290,S,NE,11,2,0,61.5,0,1,19,0,0,73.9,78.6,81.5,67.1,74.0,51.7,0,1,0,0,24,17.6,3,1,0,80.3,8,1,0,56,1,77,113,1,0,0,1,0,20,112,4,32,32,6,12,0,13,2,0,84,28,10.5
Jordan Clark,97324,CB,NYJ,5,1,0,80.0,1,0,22,0,0,50.6,46.4,0.0,59.0,42.9,36.4,0,0,0,0,30,23.1,3,0,1,135.4,16,0,0,16,8,100,139,3,0,0,3,0,0,136,1,38,112,3,9,0,20,0,3,140,70,8.8
Thomas Harper,97325,S,DET,10,8,0,50.0,0,1,11,0,0,75.9,78.0,84.7,50.9,73.2,74.5,0,0,0,1,39,8.9,4,2,0,78.8,5,0,0,90,1,285,482,1,0,0,1,0,385,481,2,195,5,6,33,1,10,0,2,84,4,16.8
Nic Jones,97327,CB,NYG,4,1,0,66.7,0,0,21,0,0,53.9,47.1,72.2,,41.1,78.5,0,0,0,0,30,0.0,0,0,0,109.7,2,0,0,5,1,16,20,0,0,0,0,0,1,20,0,4,13,0,2,0,3,0,0,39,3,19.5
Cameron Mitchell,97340,CB,IND,10,0,0,56.5,1,1,14,0,0,58.4,58.4,83.4,57.7,56.8,44.3,0,0,0,0,23,19.0,4,4,2,109.1,13,0,0,25,210,175,261,3,0,0,3,0,1,258,1,85,22,7,17,2,23,0,4,112,39,8.6
Dadrion Taylor-Demerson,97348,S,ARZ,12,12,0,66.7,0,0,1,0,0,57.3,59.9,83.6,51.6,66.4,74.8,0,0,0,2,22,10.0,6,2,0,52.6,16,0,0,148,1,299,452,5,0,0,5,0,257,447,4,149,41,12,42,0,24,0,0,171,98,10.7
Christian Roland-Wallace,97374,S,KC,10,5,1,75.0,0,0,16,0,0,75.0,78.8,80.7,68.2,72.4,90.1,0,0,0,1,15,0.0,0,1,0,83.0,9,0,0,65,0,125,190,9,0,0,9,0,60,181,5,60,56,7,18,0,12,0,1,73,35,8.1
Jarrian Jones,97486,CB,JAX,15,7,0,58.5,1,0,15,1,0,78.7,78.4,84.5,58.4,68.8,84.2,1,0,0,3,54,4.3,2,7,7,62.2,31,0,0,43,211,383,517,1,0,0,1,0,1,516,9,125,261,14,37,5,53,1,2,285,154,9.2
Dean Clark,97495,S,NYJ,4,1,0,66.7,0,0,22,0,0,61.5,54.2,81.4,,33.3,35.5,0,0,0,0,13,25.0,3,0,0,118.8,4,0,0,40,3,111,180,5,0,0,5,0,117,175,0,69,15,3,8,0,6,0,1,31,25,7.8
Nick Cross,97514,S,IND,17,16,0,72.5,1,1,14,0,0,50.4,59.8,68.8,69.0,72.0,60.5,3,10,0,1,53,11.7,15,3,2,110.0,50,3,0,551,29,641,1111,102,0,0,102,0,279,1009,60,410,150,38,97,4,69,16,4,567,240,11.3
Dax Hill,97519,CB,CIN,17,14,1,67.1,2,0,7,0,0,67.7,64.9,46.5,50.4,60.0,63.0,0,1,0,1,40,10.6,10,6,6,95.0,57,0,0,209,409,590,1012,19,0,0,19,0,9,993,21,401,366,23,70,2,85,1,4,536,290,9.4
Drake Thomas,97525,LB,SEA,17,23,0,64.5,0,1,29,0,0,66.1,73.0,82.4,66.6,77.0,46.8,3,10,0,1,27,16.8,16,6,1,72.8,40,4,0,585,2,424,761,73,0,0,73,0,0,688,75,262,101,24,56,7,62,17,0,352,250,8.8
Quincy Riley,97539,CB,NO,15,8,0,58.8,1,1,20,0,0,61.1,61.1,54.1,,61.4,51.6,0,0,0,1,37,14.3,6,8,3,96.4,30,0,0,14,570,385,592,0,0,0,0,0,0,592,0,207,8,12,28,0,51,0,3,415,121,13.8
Tyrique Stevenson,97562,CB,CHI,13,6,0,62.7,3,2,6,2,0,59.6,64.4,52.8,,85.4,58.4,0,0,0,1,57,14.5,8,8,5,93.8,37,0,0,37,521,356,588,2,0,0,2,0,0,586,0,232,28,11,41,1,59,0,1,578,216,15.6
Elijah Chatman,97568,DI,NYG,5,0,0,,0,0,21,0,0,,46.8,79.9,64.1,40.9,70.1,0,1,0,0,,0.0,0,0,0,0.0,0,0,0,0,0,0,83,83,1,59,6,17,0,0,35,48,0,1,3,0,0,1,0,0,0,
Tyler Davis,97610,DI,LA,17,19,2,,0,0,26,1,0,62.9,68.4,86.5,57.7,68.7,73.3,0,16,0,0,,4.1,2,0,0,0.0,0,1,0,0,0,0,475,475,38,371,15,51,0,0,242,233,0,21,28,0,0,17,0,0,0,
Josh Wallace,97676,S,LA,11,0,1,71.4,0,0,26,0,0,67.8,71.8,81.2,88.3,70.0,59.2,1,1,0,1,52,15.8,3,1,3,92.6,15,0,0,28,1,188,270,4,0,0,4,0,31,266,8,74,206,8,16,0,21,2,1,176,98,11.7
Alex Austin,97683,CB,NE,4,3,0,76.9,0,0,19,0,0,38.5,42.6,80.8,57.4,64.3,69.3,0,1,0,0,47,7.7,1,1,2,142.5,10,0,0,12,126,92,144,1,0,0,1,0,1,143,2,50,4,2,9,1,13,1,1,158,26,15.8
Dorian Williams,97694,LB,BUF,16,13,1,70.6,0,0,4,1,0,45.6,54.6,51.3,63.4,62.7,45.4,3,9,0,0,19,16.4,10,0,1,123.9,12,0,0,298,2,163,433,89,0,0,89,0,0,344,56,214,44,21,38,1,17,12,2,97,57,8.1
Ronnie Hickman Jr.,97702,S,CLV,17,30,0,58.8,0,0,8,0,0,72.7,69.8,86.4,51.4,61.7,70.4,0,4,0,2,36,11.5,12,4,0,68.5,20,0,0,226,13,584,1042,26,0,0,26,0,706,1016,9,449,71,14,62,1,34,4,1,262,174,13.1
Storm Duck,97705,CB,MIA,2,1,0,66.7,0,0,17,0,0,38.4,42.2,76.8,,64.4,75.4,0,0,0,0,27,0.0,0,0,0,147.2,4,0,0,4,36,27,44,3,0,0,3,0,0,41,0,17,1,0,1,0,6,0,1,72,9,18.0
Omar Speights,97723,LB,LA,16,16,0,75.7,0,0,26,0,0,63.8,70.0,55.2,73.3,71.4,64.8,1,5,0,0,27,11.4,10,1,1,90.8,28,0,0,638,1,334,673,5,0,0,5,0,0,668,24,315,29,27,62,0,37,6,0,228,108,8.1
Mohamed Kamara,97731,ED,TB,3,0,0,,0,0,30,0,0,60.0,69.1,70.2,68.4,60.0,,0,1,0,0,,,0,0,0,0.0,0,0,0,0,0,1,5,5,0,0,5,0,0,0,2,2,0,0,0,0,0,1,0,0,0,
Javon Solomon,97821,ED,BUF,15,2,0,,0,0,4,0,0,65.2,42.7,14.7,51.8,46.5,78.3,1,6,0,0,,0.0,0,0,2,0.0,0,1,0,41,0,8,195,154,0,2,146,6,0,41,119,68,0,6,5,0,0,8,0,0,0,
Jack Kiser,97889,LB,JAX,4,3,0,100.0,0,0,15,0,0,44.3,49.7,73.1,57.3,73.9,44.9,0,0,0,0,16,16.7,2,0,0,152.9,5,0,0,40,0,34,43,1,0,0,1,0,0,42,2,7,2,2,7,0,5,0,1,56,35,11.2
Tyler Nubin,97895,S,NYG,13,17,1,77.1,0,0,21,1,1,60.0,57.2,85.8,67.2,47.1,48.1,0,4,0,0,87,16.9,15,1,1,119.5,27,0,0,315,18,475,811,15,0,0,15,0,348,796,26,310,115,20,57,6,35,4,2,286,188,10.6
Adetomiwa Adebawore,97934,DI,IND,17,6,0,,0,0,14,1,0,59.8,49.8,46.8,66.5,36.4,34.6,1,29,0,0,,30.3,10,0,3,0.0,0,4,0,0,0,3,548,548,21,394,11,122,0,0,359,186,0,18,17,2,0,34,0,0,0,
Levelle Bailey,97956,LB,DEN,1,0,0,,0,0,10,0,0,64.8,63.9,71.8,56.9,,,0,0,0,0,,,0,0,0,0.0,0,0,0,8,0,9,11,2,0,0,2,0,0,9,2,0,1,0,0,0,0,0,0,0,0,
Jahfari Harvey,98118,ED,LV,2,1,1,,0,0,23,0,0,60.0,45.2,78.8,59.2,37.4,27.7,0,0,0,0,,50.0,1,0,0,0.0,0,0,0,0,0,0,27,27,0,0,27,0,0,0,16,11,0,0,0,0,0,0,0,0,0,
Derick Hall,98130,ED,SEA,14,12,0,100.0,1,0,29,0,0,29.7,73.3,69.6,72.6,73.9,43.1,11,27,0,0,17,21.6,8,1,2,118.8,1,3,0,1,0,17,419,418,0,3,398,17,0,1,259,143,0,14,17,1,1,41,0,17,5,17.0
Ricky Barber,98154,DI,WAS,2,1,0,,0,0,32,0,0,,42.9,76.1,62.5,40.5,71.7,0,0,0,0,,0.0,0,0,0,0.0,0,1,0,0,0,0,32,32,11,19,0,2,0,0,16,16,0,1,3,0,0,1,0,0,0,
Jordan Magee,98155,LB,WAS,16,8,0,90.9,0,0,32,0,0,53.1,55.0,79.3,58.5,57.3,57.2,0,3,0,0,57,12.7,7,0,0,121.6,20,0,0,271,1,156,364,40,0,0,40,0,0,324,18,190,52,24,40,3,22,3,1,210,141,10.5
Jalen Graham,98165,LB,SF,1,1,0,,0,0,28,0,0,,72.9,64.3,,66.4,71.7,0,0,0,0,,0.0,0,0,0,0.0,0,0,0,2,0,0,2,0,0,0,0,0,0,2,0,2,0,0,0,0,0,0,0,0,0,
Derek Stingley Jr.,98253,CB,HST,17,3,0,52.3,1,1,13,0,0,75.8,69.1,42.3,53.4,35.9,28.9,0,0,1,4,56,21.4,9,9,8,67.4,34,0,0,77,825,591,914,3,0,0,3,0,0,911,3,320,9,6,30,1,65,0,3,499,131,14.7
Colby Wooden,98312,DI,GB,17,16,1,,0,0,12,0,0,59.4,49.9,76.1,58.3,46.2,34.2,3,8,0,0,,12.3,7,0,1,0.0,0,0,0,0,0,2,587,587,163,381,15,28,0,0,290,295,0,27,34,6,0,11,0,0,0,
Alex Wright,98318,ED,CLV,14,7,1,100.0,1,1,8,0,0,77.5,78.6,77.4,64.7,73.6,55.0,4,11,0,0,3,11.4,4,0,1,79.2,2,7,0,1,0,14,470,469,0,2,446,21,0,1,262,194,0,24,24,7,2,22,0,1,7,0.5
George Karlaftis,98319,ED,KC,16,9,1,66.7,0,0,16,1,0,49.6,76.2,65.5,75.9,70.4,53.8,16,43,0,0,8,12.5,6,0,3,77.1,2,7,0,1,0,14,762,761,0,19,680,62,0,1,462,286,0,28,33,4,3,66,0,14,9,7.0
Darius Alexander,98333,DI,NYG,16,6,1,,0,0,21,0,0,69.6,42.9,85.3,54.9,30.3,32.6,2,9,0,0,,18.2,4,0,0,0.0,0,4,0,1,0,1,394,393,15,234,10,134,0,1,258,135,0,12,12,1,0,15,0,0,0,
Marshawn Kneeland,98344,ED,DAL,7,4,0,,0,0,9,0,0,61.6,51.7,85.7,58.1,43.8,27.4,0,2,0,0,,31.3,5,0,0,0.0,0,1,0,1,0,0,164,163,0,4,142,17,0,1,76,88,0,7,7,2,0,3,0,0,0,
Kayvon Thibodeaux,98444,ED,NYG,10,2,0,100.0,1,0,21,0,0,42.5,66.0,65.1,58.0,80.7,27.9,6,23,0,0,16,29.0,9,0,3,137.5,4,3,0,2,0,8,494,492,0,6,431,55,0,2,324,162,0,19,20,3,4,32,1,30,18,7.5
Eric Watts,98459,ED,NYJ,4,3,0,100.0,0,0,22,0,0,34.7,54.3,82.2,50.8,67.5,77.2,0,1,0,0,22,0.0,0,0,0,158.3,2,0,0,0,0,3,103,103,0,3,100,0,0,0,52,48,0,2,6,0,2,1,1,29,5,14.5
Zach Harrison,98503,DI,ATL,7,4,1,,0,2,2,0,0,60.0,65.4,84.3,78.0,49.1,53.2,0,11,0,0,,15.8,3,0,0,0.0,0,5,0,0,0,0,239,239,0,80,74,85,0,0,114,125,0,9,12,1,0,16,0,0,0,
Jared Wiley,98508,TE,KC,1,0,0,,0,0,16,0,0,,60.0,60.0,,60.0,,0,0,0,0,,0.0,0,0,0,0.0,0,0,0,0,0,0,1,0,0,0,0,0,0,1,0,1,0,1,1,0,0,0,0,0,0,
Tatum Bethune,98532,LB,SF,10,35,0,80.6,1,0,28,0,0,42.5,52.0,0.0,64.8,73.2,50.3,0,3,0,0,50,16.0,16,3,5,106.4,29,1,0,479,1,271,498,10,0,0,10,0,0,488,32,195,8,19,49,3,36,4,0,343,246,11.8
Swayze Bozeman,98634,LB,NYG,3,3,0,60.0,0,0,21,0,0,42.8,38.8,71.4,57.9,50.3,75.5,0,0,0,0,17,0.0,0,0,0,77.9,3,0,0,34,0,18,35,0,0,0,0,0,0,35,2,15,1,0,0,0,5,0,0,31,22,10.3
Nick Jackson,98640,LB,TB,1,0,0,100.0,0,0,30,0,0,35.6,37.0,72.1,54.8,58.0,71.7,0,0,0,0,16,0.0,0,0,0,118.8,1,0,0,13,0,6,18,2,0,0,2,0,0,16,2,10,3,1,1,0,1,0,0,16,19,16.0
Kaiir Elam,98693,CB,TEN,12,4,0,60.8,1,0,31,2,0,56.3,56.8,86.1,58.5,55.5,68.9,0,0,0,0,65,9.1,3,1,3,113.8,31,0,0,39,475,334,536,9,0,0,9,0,2,527,2,200,11,6,26,0,51,0,4,427,139,13.8
Mohamoud Diabate,98780,LB,CLV,17,16,0,88.9,0,1,8,1,0,51.4,59.9,78.5,49.9,68.0,53.6,0,3,0,0,19,13.2,7,0,0,129.6,8,0,0,239,0,111,298,33,1,0,32,0,4,265,15,172,22,17,30,3,9,3,1,56,39,7.0
Ty'Ron Hopper,98781,LB,GB,11,0,0,100.0,0,0,12,0,0,69.5,57.2,80.5,54.9,48.9,51.7,0,2,0,0,18,15.4,2,0,0,118.8,2,0,0,75,0,46,126,42,0,0,42,0,0,84,9,71,9,4,11,1,2,2,0,27,11,13.5
Jay Ward,98833,S,MIN,14,5,0,100.0,0,0,18,1,0,68.6,70.4,84.3,44.8,71.3,52.6,0,3,0,0,28,21.2,7,0,0,118.8,2,0,0,93,29,96,249,14,0,0,14,0,72,235,6,147,40,7,21,1,2,3,0,39,17,19.5
Cor'Dale Flott,98834,CB,NYG,14,5,0,53.0,0,1,21,0,0,68.1,65.6,87.0,58.5,48.4,44.6,0,0,0,1,36,15.9,7,8,2,72.8,35,0,0,79,665,500,798,4,0,0,4,0,3,794,1,297,47,6,32,3,66,0,1,440,115,12.6
Jaylen McCollough,98845,S,LA,17,6,0,71.4,0,0,26,0,0,72.4,69.1,83.6,51.7,59.2,44.4,0,0,0,0,27,18.9,10,3,0,82.2,30,2,0,243,0,347,510,24,0,0,24,0,115,486,35,128,128,20,37,0,42,2,0,208,134,6.9
Demani Richardson,98852,S,CAR,4,0,0,,0,0,5,1,0,61.7,71.5,73.2,,73.4,81.7,0,0,0,0,,0.0,0,0,0,0.0,0,0,0,5,0,10,29,0,0,0,0,0,23,29,0,19,1,0,3,0,0,0,0,0,0,
Jordan Battle,98857,S,CIN,17,31,0,63.2,0,2,7,0,0,54.5,61.5,82.5,59.4,72.3,59.1,0,2,0,4,58,13.7,17,2,0,85.5,24,0,0,329,17,600,1047,21,0,0,21,0,617,1026,21,426,63,20,76,2,38,2,3,402,245,16.8
DeMarcco Hellams,98863,S,ATL,3,1,0,100.0,0,0,2,0,0,27.8,28.9,68.9,60.0,64.2,26.5,0,1,0,0,7,50.0,1,0,0,95.8,1,0,0,5,0,7,13,0,0,0,0,0,2,13,1,5,6,0,0,0,1,1,0,7,12,7.0
Nehemiah Pritchett,98875,CB,SEA,9,2,0,71.4,0,0,29,0,0,58.7,56.2,77.7,,48.1,44.8,0,0,0,0,20,20.0,1,2,0,138.7,5,0,0,14,73,53,89,0,0,0,0,0,0,89,0,36,2,0,2,0,7,0,3,63,9,12.6
Jaylin Simpson,98876,S,GB,1,0,0,57.1,1,0,12,0,0,30.0,30.3,77.0,,45.6,59.7,0,0,0,0,17,11.1,1,0,2,80.7,4,0,0,4,58,35,62,0,0,0,0,0,0,62,0,27,0,1,8,0,7,0,0,52,10,13.0
Brandin Echols,98900,CB,PIT,16,4,0,70.3,0,1,25,0,0,73.3,72.1,85.4,60.2,58.4,53.2,1,1,0,2,58,15.1,8,3,2,87.1,45,1,0,40,146,365,523,12,0,0,12,0,3,511,12,146,321,21,41,2,64,3,2,446,227,9.9
Zacch Pickens,98911,DI,KC,3,1,0,,0,0,16,0,0,55.8,29.7,78.9,52.4,38.1,71.1,0,1,0,0,,0.0,0,0,1,0.0,0,0,0,0,0,0,59,59,6,51,0,2,0,0,20,39,0,2,4,0,0,1,0,0,0,
Elijah Simmons,98915,DI,TB,9,1,0,,1,0,30,0,0,,60.1,24.8,67.0,59.9,43.2,0,3,0,0,,16.7,1,0,1,0.0,0,0,0,0,0,0,91,91,36,53,0,2,0,0,35,56,0,2,4,1,0,3,0,0,0,
DeMarvin Leal,98919,ED,PIT,3,2,0,,0,0,25,0,0,60.6,57.8,74.5,52.7,61.2,74.7,0,0,0,0,,0.0,0,0,0,0.0,0,0,0,1,0,2,20,18,0,0,18,0,0,2,10,8,1,0,1,0,0,0,0,0,0,
Byron Young,98923,DI,PHI,17,15,0,,0,0,24,1,0,63.1,49.0,45.9,57.6,48.0,59.8,2,6,0,0,,7.9,3,0,2,0.0,0,3,0,0,0,0,338,338,37,256,5,40,0,0,141,197,0,13,20,1,0,11,0,0,0,
Justin Eboigbe,98925,DI,LAC,17,5,0,,0,0,27,0,0,60.6,58.6,86.4,57.1,57.3,67.0,4,11,0,0,,3.6,1,0,0,0.0,0,6,0,0,0,5,407,407,13,209,67,118,0,0,233,169,0,21,22,1,0,21,0,0,0,
Eric Gregory,98930,DI,NE,6,4,0,,0,0,19,0,0,58.2,68.6,81.8,61.5,68.6,52.8,0,3,0,0,,18.2,2,0,0,0.0,0,0,0,0,0,2,126,126,30,84,4,8,0,0,51,73,0,2,5,0,0,3,0,0,0,
Travon Walker,98940,ED,JAX,14,12,1,100.0,0,0,15,0,0,51.1,67.7,76.7,68.2,64.2,68.7,9,29,0,0,14,7.9,3,0,1,118.8,3,4,0,3,0,27,526,521,0,17,434,70,1,5,345,154,1,18,23,5,3,42,0,39,31,13.0
Zion Logue,98944,DI,BUF,3,0,1,0.0,0,0,4,0,0,62.5,53.6,78.5,58.4,46.2,69.6,0,0,0,0,,0.0,0,0,0,39.6,0,1,0,0,0,1,59,59,6,50,0,3,0,0,37,21,0,1,1,0,1,1,0,0,0,
Darius Robinson,98946,DI,ARZ,15,15,0,,0,0,1,1,0,60.0,30.1,59.1,44.3,30.1,52.9,1,8,0,0,,12.2,6,0,2,0.0,0,1,0,1,0,0,507,506,3,151,122,230,0,1,260,247,0,15,28,3,0,10,0,0,0,
Isaiah McGuire,98948,ED,CLV,17,10,0,100.0,0,1,8,0,0,59.3,73.7,89.8,63.1,75.5,70.0,6,20,0,0,12,14.3,5,0,0,116.7,1,3,0,0,0,14,428,428,0,4,415,9,0,0,239,175,0,17,20,8,1,29,0,12,7,12.0
Henry To'oTo'o,98982,LB,HST,17,25,0,73.1,0,0,13,1,0,54.6,62.4,59.6,81.8,66.9,32.2,1,12,0,0,60,18.9,21,2,3,109.2,49,3,0,697,3,475,818,15,0,0,15,0,2,803,35,308,101,36,65,7,67,16,3,503,388,10.3
Christian Harris,98996,LB,HST,7,3,0,80.0,0,0,13,0,0,53.8,54.8,0.0,56.6,64.8,60.8,0,0,0,0,9,10.0,1,0,1,85.0,4,0,0,84,0,45,93,0,0,0,0,0,1,93,2,46,7,1,6,0,5,0,0,22,20,5.5
Owen Pappoe,99006,LB,ARZ,3,2,0,75.0,0,0,1,0,0,70.3,64.1,78.4,56.6,54.6,82.8,0,0,0,0,16,0.0,0,2,0,97.9,6,0,0,80,0,43,96,9,0,0,9,0,1,87,2,51,6,3,12,0,8,0,0,64,27,10.7
Nolan Smith,99014,ED,PHI,12,10,0,83.3,0,1,24,0,0,59.4,68.0,54.2,67.5,66.9,69.4,7,24,0,0,18,6.3,2,0,2,101.4,5,2,0,3,0,38,452,440,0,4,416,20,0,12,226,188,8,17,20,1,6,33,0,50,40,10.0
Jermaine Johnson,99015,ED,NYJ,14,17,0,50.0,0,0,22,0,0,66.8,61.1,78.6,59.4,58.4,44.8,4,28,0,0,10,14.0,7,0,1,64.6,1,3,0,4,1,11,678,673,0,9,656,8,0,5,392,275,0,18,26,3,2,35,0,10,5,10.0
Nakobe Dean,99018,LB,PHI,9,10,0,65.4,0,1,24,0,0,62.0,62.0,82.9,92.3,43.4,52.0,2,4,0,0,60,15.6,10,1,2,88.8,17,4,0,388,1,217,403,2,0,0,2,0,0,401,30,156,12,23,44,3,26,10,0,201,128,11.8
Sam Williams,99106,ED,DAL,17,9,1,0.0,1,1,9,1,0,85.0,57.5,22.1,55.0,54.7,52.7,3,20,0,0,,12.8,5,1,5,39.6,0,1,0,12,0,20,474,462,0,7,435,20,0,12,270,184,0,21,25,5,2,24,0,0,0,
Tyler Owens,99271,S,WAS,6,1,0,100.0,0,0,32,0,0,41.5,48.5,76.3,52.9,71.3,78.2,0,0,0,0,26,0.0,0,0,0,158.3,3,0,0,20,6,35,66,9,0,0,9,0,2,57,5,26,29,2,4,0,3,0,2,46,19,15.3
T'Vondre Sweat,99321,DI,TEN,12,13,1,,0,0,31,0,0,60.0,83.3,68.1,74.1,79.2,59.0,2,14,0,0,,5.6,2,0,1,0.0,0,2,0,0,0,0,380,380,75,296,0,9,0,0,200,180,0,13,21,1,0,18,0,0,0,
Jordan Jefferson,99325,DI,CIN,2,1,0,,0,0,7,0,0,,27.8,0.0,54.8,29.9,67.3,0,0,0,0,,0.0,0,0,1,0.0,0,0,0,0,0,0,25,25,2,23,0,0,0,0,10,15,0,0,0,0,0,0,0,0,0,
Gabe Hall,99350,DI,PHI,2,0,0,,0,0,24,0,0,,28.6,72.9,54.3,29.8,,0,0,0,0,,,0,0,0,0.0,0,0,0,0,0,0,13,13,0,4,1,8,0,0,5,8,0,0,0,0,0,0,0,0,0,
Dee Winters,99376,LB,SF,17,12,0,83.7,1,1,28,0,0,62.0,60.4,31.5,54.2,62.6,50.0,4,7,1,1,24,14.0,16,3,3,104.2,77,0,0,754,9,562,993,90,0,0,90,0,2,903,63,368,138,43,86,9,92,11,5,528,392,6.9
Tykee Smith,99500,S,TB,16,22,3,71.1,1,0,30,2,0,56.8,65.8,85.7,87.9,72.6,68.9,2,3,0,1,63,10.4,11,6,1,118.5,27,2,0,318,23,580,892,53,0,0,53,0,390,839,34,278,108,24,73,4,38,7,3,382,190,14.1
Darien Porter,99553,CB,LV,14,6,0,61.3,2,0,23,1,0,52.2,54.4,86.7,,59.5,48.6,0,0,0,0,44,16.3,7,3,4,87.6,19,0,0,58,526,319,607,21,0,0,21,0,0,586,0,288,2,4,30,0,31,0,0,256,58,13.5
Garrett Williams,99723,CB,ARZ,10,5,0,72.2,0,1,1,0,0,64.2,62.5,83.0,48.5,56.1,29.1,0,3,0,1,67,22.2,12,3,2,132.9,26,0,0,119,173,322,553,0,0,0,0,0,2,553,9,222,259,11,37,1,36,3,6,368,187,14.2
Demetrius Knight Jr.,99728,LB,CIN,17,22,1,77.4,1,0,7,0,0,45.2,40.4,89.0,63.3,34.7,47.3,2,5,0,2,39,14.8,16,3,2,115.7,48,4,0,539,2,422,798,200,0,0,200,0,0,598,51,325,57,29,70,2,62,11,5,531,406,11.1
Jarvis Brownlee Jr.,99734,CB,NYJ,9,8,0,77.3,1,1,22,0,0,49.5,50.8,0.0,47.1,78.3,73.8,0,0,0,0,26,8.8,5,1,9,108.9,34,0,0,50,170,257,407,9,0,0,9,0,0,398,6,144,178,25,44,3,44,0,2,288,165,8.5
SirVocea Dennis,99767,LB,TB,16,21,2,90.0,0,0,30,0,0,30.5,49.1,83.6,73.6,68.2,55.4,5,10,0,1,50,12.4,14,1,0,114.9,54,4,0,826,7,522,910,31,0,0,31,0,2,879,81,307,44,43,78,8,60,19,2,635,434,11.8
Ruke Orhorhoro,99768,DI,ATL,17,6,1,,0,0,2,0,0,59.5,37.2,62.3,53.6,30.1,47.6,3,23,0,0,,14.3,3,0,2,0.0,0,4,0,2,0,1,599,597,7,409,26,155,0,2,390,208,0,14,12,2,0,30,0,0,0,
Renardo Green,99773,CB,SF,14,6,0,52.9,3,0,28,0,0,52.9,53.7,63.7,,57.9,76.5,0,0,0,0,40,4.7,3,7,6,82.6,36,0,0,56,739,501,815,12,0,0,12,0,0,803,0,314,8,10,55,0,68,0,2,434,107,12.1
Derrick McLendon II,99810,ED,MIA,1,0,0,,0,0,17,0,0,,52.4,76.1,58.5,51.9,,0,0,0,0,,,0,0,0,0.0,0,0,0,0,0,0,19,19,0,0,18,1,0,0,9,10,0,0,0,0,0,0,0,0,0,
Calijah Kancey,99822,DI,TB,3,0,0,,0,0,30,0,0,60.0,44.2,79.5,51.0,48.8,26.3,1,7,0,0,,50.0,1,0,0,0.0,0,0,0,1,0,0,97,96,0,42,0,54,0,1,70,27,0,1,1,1,0,8,0,0,0,
Kyu Blu Kelly,100375,CB,LV,12,2,0,69.4,0,0,23,1,0,48.4,51.9,87.5,,63.9,68.7,0,0,0,3,60,10.0,4,3,3,106.7,34,0,0,31,521,354,579,25,0,0,25,0,0,554,0,225,2,9,34,0,49,0,4,530,133,15.6
Trikweze Bridges,100378,CB,DAL,10,2,0,57.1,0,0,9,0,0,48.6,49.3,82.8,43.1,58.8,54.0,0,0,0,1,42,12.0,3,1,0,107.7,16,0,0,17,218,168,248,0,0,0,0,0,1,248,0,80,12,8,20,0,28,0,3,250,41,15.6
D.J. James,100379,CB,NE,1,0,0,100.0,0,0,19,0,0,46.1,44.2,68.3,,,71.4,0,0,0,0,11,0.0,0,0,0,112.5,1,0,0,0,1,2,2,0,0,0,0,0,0,2,0,0,1,0,1,0,1,0,0,11,1,11.0
Carl Jones Jr.,100406,LB,BLT,1,0,0,,0,0,3,0,0,60.0,61.2,60.0,,,,0,0,0,0,,,0,0,0,0.0,0,0,0,0,0,1,1,0,0,0,0,0,0,1,0,0,0,0,0,0,0,0,0,0,0,
Nahshon Wright,100412,CB,CHI,17,11,0,63.9,2,2,6,3,0,63.4,65.1,49.9,60.0,72.6,59.9,1,0,1,5,44,12.6,11,6,7,94.7,53,0,0,54,937,617,1040,20,0,0,20,0,0,1020,1,422,29,24,65,4,83,1,7,725,200,13.7
Brandon Dorlus,100452,DI,ATL,15,7,0,100.0,0,0,2,0,0,55.8,63.5,86.6,62.1,61.6,30.4,1,16,0,0,-1,25.0,6,0,0,79.2,1,9,0,2,0,1,465,463,4,209,62,188,0,2,314,150,0,18,11,4,1,26,0,-1,5,-1.0
Laiatu Latu,100551,ED,IND,16,8,1,100.0,1,1,14,0,0,88.3,84.1,50.6,77.0,72.4,61.6,9,41,0,3,14,14.0,6,0,4,72.1,5,11,0,14,0,65,755,741,0,19,704,18,0,14,437,253,0,27,29,6,5,61,0,54,27,10.8
Jamal Hill,100609,LB,HST,1,0,0,,0,0,13,0,0,60.0,49.0,65.4,,60.0,,0,0,0,0,,,0,0,0,0.0,0,0,0,1,0,1,3,0,0,0,0,0,0,3,0,2,2,0,0,0,0,0,0,0,0,
Craig Woodson,100612,S,NE,17,17,0,78.8,0,0,19,2,0,56.1,63.8,87.6,63.4,78.5,73.4,1,5,0,0,23,12.0,10,2,1,135.2,26,0,0,257,15,568,949,10,0,0,10,0,543,939,28,353,124,20,56,4,33,6,6,229,81,8.8
Sauce Gardner,100903,CB,IND,11,4,0,48.6,1,0,14,0,0,75.6,76.9,54.3,39.6,84.6,81.4,0,1,0,0,43,5.7,2,8,5,87.9,17,0,0,41,537,343,606,5,0,0,5,0,0,601,6,257,23,7,29,0,35,1,2,221,66,13.0
Ja'Quan McMillian,100931,CB,DEN,17,8,1,69.3,0,2,10,0,0,75.0,78.3,85.8,82.9,72.3,75.6,1,3,1,2,61,8.5,5,3,2,85.6,52,4,0,47,17,534,742,8,0,0,8,0,2,734,39,169,668,26,46,1,75,8,2,503,238,9.7
JL Skinner,101311,S,DEN,8,0,0,0.0,0,0,10,0,0,42.8,42.1,76.4,,61.6,,0,0,0,0,,,0,0,1,39.6,0,0,0,8,2,22,34,4,0,0,4,0,14,30,0,12,6,0,0,0,1,0,0,0,0,
Jerrick Reed II,101322,S,TEN,3,1,0,100.0,0,0,31,0,0,59.1,53.5,75.3,,45.8,61.0,0,0,0,0,11,14.3,1,0,0,100.0,3,0,0,12,1,43,74,2,0,0,2,0,58,72,0,31,1,1,5,0,3,0,0,24,-1,8.0
Joey Porter Jr.,101364,CB,PIT,14,5,0,48.3,3,0,25,0,0,74.1,67.6,41.9,59.5,39.4,54.3,0,1,0,1,21,13.8,8,11,9,56.2,29,1,0,89,761,562,894,3,0,0,3,0,0,891,2,330,41,11,45,0,60,2,0,299,81,10.3
DJ Turner II,101376,CB,CIN,17,7,0,46.8,1,2,7,1,0,78.1,73.3,88.9,,37.8,60.5,0,0,0,2,39,11.1,5,13,3,77.3,29,0,0,34,900,580,974,0,0,0,0,0,0,974,0,394,40,5,33,2,62,0,4,419,102,14.4
Deonte Banks,101384,CB,NYG,14,2,1,81.3,3,0,21,0,0,45.0,42.4,46.2,67.3,36.7,52.3,0,0,0,0,36,11.8,4,1,7,149.7,26,0,0,34,390,282,459,10,0,0,10,0,1,449,1,176,24,9,28,2,32,0,4,334,58,12.8
Devon Witherspoon,101388,CB,SEA,12,14,0,78.0,0,0,29,1,0,84.6,89.9,85.4,91.8,86.7,76.9,3,7,0,1,48,6.8,5,4,2,99.8,46,0,0,98,366,447,720,11,0,0,11,0,8,709,21,252,237,30,54,2,59,10,2,409,218,8.9
Dane Belton,101398,S,NYG,17,28,0,68.4,0,2,21,0,0,59.9,62.5,56.5,52.5,71.1,90.6,0,1,0,1,51,4.0,4,4,3,102.5,26,1,0,272,17,444,705,14,0,0,14,0,278,691,18,243,124,16,67,1,38,2,3,256,115,9.8
Logan Lee,101416,DI,PIT,7,0,2,,0,0,25,0,0,,54.9,77.6,68.4,45.4,26.3,1,2,0,0,,50.0,1,0,0,0.0,0,0,0,0,0,0,47,47,2,16,5,24,0,0,24,23,0,0,1,0,0,3,0,0,0,
Mazi Smith,101419,DI,NYJ,8,2,0,,0,0,22,0,0,59.9,40.0,81.7,57.8,34.4,27.6,0,2,0,0,,20.0,1,0,0,0.0,0,0,0,0,0,0,143,143,7,125,0,11,0,0,69,74,0,2,2,0,0,2,0,0,0,
David Ojabo,101420,ED,BLT,14,5,0,,0,0,3,0,0,63.6,53.7,83.9,52.4,54.5,54.6,2,3,0,0,,13.3,2,0,0,0.0,0,1,0,2,0,2,197,194,0,0,187,7,0,3,90,105,0,4,8,0,0,6,0,0,0,
Mike Morris,101421,DI,SEA,15,2,1,,0,0,29,0,0,53.9,61.7,47.3,60.7,65.3,36.2,2,6,0,0,,16.7,2,0,1,0.0,0,0,0,1,0,7,164,163,0,48,81,34,0,1,89,68,0,7,8,2,0,8,0,0,0,
Sam Okuayinonu,101425,ED,SF,15,4,0,0.0,0,1,28,0,0,80.3,61.1,79.6,58.9,51.2,54.0,4,21,0,0,,15.0,6,0,1,39.6,0,3,0,1,0,13,574,573,0,12,499,62,0,1,343,218,0,22,30,3,1,28,0,0,0,
Ty Robinson,101446,DI,PHI,9,3,1,,0,0,24,0,0,,52.4,79.9,51.3,55.2,26.3,1,1,0,0,,28.6,2,0,0,0.0,0,0,0,0,0,0,104,104,1,72,3,28,0,0,47,57,0,2,2,0,0,2,0,0,0,
Leo Chenal,101463,LB,KC,14,15,1,85.7,0,0,16,0,0,72.6,75.3,85.0,57.2,76.4,71.9,2,6,0,1,47,8.0,4,0,0,98.8,12,3,0,267,0,130,440,161,6,0,154,1,0,279,108,202,12,24,31,0,14,11,1,128,104,10.7
Maema Njongmeta,101465,LB,CAR,1,0,0,,0,0,5,0,0,44.1,34.9,67.1,60.0,60.0,,0,0,0,0,,,0,0,0,0.0,0,0,0,5,0,3,5,0,0,0,0,0,0,5,1,1,0,0,0,0,0,0,0,0,0,
Tommy Eichenberg,101488,LB,LV,8,3,1,100.0,0,0,23,0,0,53.8,58.2,79.7,64.3,62.1,82.8,0,0,0,0,9,0.0,0,0,0,89.2,5,0,0,54,0,45,89,27,0,0,27,0,0,62,6,38,8,3,8,1,5,0,0,27,17,5.4
Jack Campbell,101515,LB,DET,17,48,0,73.8,0,3,11,2,0,71.7,90.3,68.6,75.7,93.0,81.5,2,10,0,0,42,7.0,12,2,2,112.2,45,5,0,989,21,608,1096,39,0,0,39,0,1,1057,78,410,46,69,111,5,61,17,4,392,287,8.7
Keeanu Benton,101536,DI,PIT,17,12,1,,0,0,25,0,0,60.4,58.7,78.8,72.0,44.2,39.7,6,19,0,0,,12.3,7,0,1,0.0,0,6,0,0,0,4,747,747,216,496,5,30,0,0,444,299,0,32,38,3,0,31,0,0,0,
John Bullock,101601,LB,TB,2,0,0,,0,0,30,0,0,,68.1,99.9,,63.3,,0,0,0,0,,,0,0,0,0.0,0,0,0,5,0,0,6,0,0,0,0,0,0,6,0,6,0,0,0,0,0,0,0,0,0,
Jaquan Brisker,101665,S,CHI,17,26,2,75.6,1,0,6,0,0,51.2,60.5,36.0,73.2,73.7,79.1,2,8,0,1,45,6.8,7,4,4,118.1,31,1,0,370,22,572,1071,142,0,0,142,0,441,929,63,436,96,21,70,0,41,11,4,302,103,9.7
Alijah Huzzie,101807,CB,HST,1,0,0,100.0,0,0,13,0,0,91.1,90.6,73.0,57.2,74.1,79.0,0,0,0,1,4,0.0,0,0,0,43.8,2,0,0,3,0,12,23,0,0,0,0,0,1,23,1,10,18,3,3,0,2,0,0,8,6,4.0
Jared Verse,101912,ED,LA,17,19,0,100.0,0,3,26,0,0,91.0,83.9,79.4,82.2,62.0,42.4,20,52,0,0,13,17.6,12,0,1,118.8,2,8,0,40,1,17,856,812,0,0,812,0,0,44,523,316,3,35,37,4,2,80,0,26,11,13.0
Isaiah Land,102108,ED,DAL,1,0,0,,0,0,9,0,0,,56.2,70.3,56.6,60.0,,0,1,0,0,,,0,0,0,0.0,0,0,0,0,0,0,3,3,0,0,3,0,0,0,2,1,0,0,0,0,0,1,0,0,0,
Xavier Smith,102585,WR,LA,1,0,0,,1,0,26,0,0,71.0,72.2,60.0,,,71.4,0,0,0,0,,0.0,0,0,3,0.0,0,0,0,0,0,1,1,0,0,0,0,0,0,1,0,0,0,0,1,0,0,0,0,0,0,
Kyle Hamilton,102684,S,BLT,16,26,2,71.2,1,2,3,0,0,84.3,86.3,21.1,91.5,78.8,76.7,3,8,0,0,42,7.1,8,4,6,112.6,37,1,0,355,24,590,1003,164,0,0,164,0,162,839,69,344,298,33,79,8,52,12,3,399,249,10.8
Howard Cross III,102726,DI,CIN,4,1,0,,0,0,7,1,0,,48.1,77.9,54.8,48.4,70.1,0,1,0,0,,0.0,0,0,0,0.0,0,0,0,0,0,0,50,50,0,50,0,0,0,0,29,21,0,1,3,0,0,1,0,0,0,
Isaiah Foskey,102728,ED,CIN,3,1,0,,0,0,7,0,0,48.8,56.0,76.4,76.5,45.1,24.0,1,2,0,0,,66.7,2,0,0,0.0,0,0,0,0,0,1,34,34,0,0,34,0,0,0,21,12,0,0,0,0,0,3,0,0,0,
JD Bertrand,102787,LB,ATL,7,12,0,76.5,0,0,2,0,0,34.9,41.7,79.2,74.6,53.4,64.1,0,1,0,0,18,9.4,3,1,0,138.4,13,0,0,170,1,86,196,3,0,0,3,0,0,193,5,105,22,8,17,1,17,1,2,136,101,10.5
Marist Liufau,102789,LB,DAL,17,2,0,93.3,0,1,9,0,0,28.5,40.7,24.0,56.5,68.9,28.5,1,4,0,0,36,28.0,7,0,1,135.3,14,1,0,117,0,67,200,40,0,0,40,0,0,160,19,114,43,4,16,0,15,6,1,167,112,11.9
Cam Hart,102955,CB,LAC,16,8,0,60.7,0,0,27,0,0,61.0,60.8,86.3,76.8,52.7,49.0,1,2,0,1,45,13.7,7,10,3,104.9,37,0,0,69,542,414,640,5,0,0,5,0,1,635,3,223,23,6,36,0,61,3,4,545,147,14.7
Jarius Monroe,103580,S,NYJ,2,0,0,,0,0,22,0,0,45.0,44.5,99.9,,60.0,,0,0,0,0,,,0,0,0,0.0,0,0,0,1,1,3,4,0,0,0,0,0,1,4,0,1,0,0,0,0,0,0,0,0,0,
Xavier Gipson,104136,WR,NYG,1,0,0,,0,0,21,0,0,,59.9,60.0,,60.0,,0,0,0,0,,,0,0,0,0.0,0,0,0,0,0,0,1,0,0,0,0,0,0,1,0,1,0,0,0,0,0,0,0,0,0,
Kei'Trel Clark,104163,CB,ARZ,10,0,0,75.0,0,0,1,0,0,54.1,56.1,82.2,,63.9,39.1,0,0,0,0,38,20.0,4,2,1,131.5,12,0,0,14,184,121,201,0,0,0,0,0,1,201,0,80,2,6,16,1,16,0,1,177,33,14.8
PJ Jules,104232,S,CIN,1,1,0,,0,0,7,0,0,61.0,73.3,66.1,,69.8,76.4,0,0,0,0,,0.0,0,0,0,0.0,0,0,0,4,0,2,8,0,0,0,0,0,4,8,0,6,0,0,1,0,0,0,0,0,0,
Branson Combs,105001,LB,JAX,4,0,0,100.0,0,0,15,0,0,59.0,54.0,73.4,52.8,54.7,71.4,0,0,0,0,8,0.0,0,0,0,93.8,2,0,0,23,0,19,28,1,0,0,1,0,0,27,4,5,4,0,1,0,2,0,0,13,2,6.5
Chris Edmonds,105737,S,CLV,4,0,0,,0,0,8,0,0,60.0,63.7,64.6,,60.6,,0,0,0,0,,,0,0,0,0.0,0,0,0,8,0,1,8,0,0,0,0,0,0,8,0,7,0,0,0,0,0,0,0,0,0,
Jalyx Hunt,105989,ED,PHI,17,14,0,37.5,0,2,24,1,0,79.6,68.6,76.5,65.9,59.0,53.6,17,31,1,3,8,14.3,8,0,2,6.3,3,7,0,2,0,64,694,664,0,8,600,56,0,30,346,284,27,27,34,4,8,55,0,18,17,6.0
Isaiah Johnson,106073,CB,MIA,1,0,0,,0,0,17,0,0,,60.0,65.2,,60.0,,0,0,0,0,,,0,0,0,0.0,0,0,0,2,0,0,3,1,0,0,1,0,0,2,0,3,0,0,0,0,0,0,0,0,0,
Brandon Codrington,106248,CB,BUF,1,0,0,,0,0,4,0,0,66.0,66.3,70.9,,60.0,,0,0,0,0,,,0,0,0,0.0,0,0,0,0,0,8,10,0,0,0,0,0,0,10,0,2,10,0,0,0,0,0,0,0,0,
Truman Jones,106527,ED,TEN,9,3,0,,0,0,31,0,0,62.2,58.2,81.2,54.9,60.2,64.1,0,3,0,0,,11.1,1,0,0,0.0,0,2,0,0,0,2,104,104,0,0,104,0,0,0,65,37,0,5,5,1,0,5,0,0,0,
Dom Jones,106697,CB,CLV,6,0,0,71.4,0,0,8,0,0,45.8,51.2,76.4,,68.6,77.6,0,0,0,0,39,0.0,0,0,0,136.3,5,0,0,5,44,25,49,0,0,0,0,0,0,49,0,24,0,0,4,0,7,0,2,59,6,11.8
Joe Andreessen,108177,LB,BUF,9,3,0,80.0,0,0,4,0,0,52.4,68.1,77.4,75.2,74.6,34.1,2,0,0,0,13,22.2,4,0,0,81.7,4,0,0,88,0,41,96,3,0,0,3,0,0,93,5,50,4,5,11,2,5,2,0,18,5,4.5
Rodney Thomas II,108389,S,IND,17,2,0,80.0,0,0,14,0,0,69.5,73.5,82.8,64.7,69.0,88.9,1,0,0,0,22,0.0,0,0,0,100.8,4,0,0,17,0,126,150,0,0,0,0,0,125,150,3,21,8,1,8,1,5,1,0,41,22,10.3
Michael Hoecht,108840,ED,BUF,2,1,1,,0,1,4,0,0,62.2,59.2,3.2,71.6,43.2,39.2,0,5,0,0,,33.3,1,0,1,0.0,0,3,0,7,0,2,64,57,0,0,57,0,0,7,44,18,0,2,1,0,0,8,0,0,0,
Dee Alford,110542,CB,ATL,15,2,1,65.4,1,1,2,1,0,56.5,52.9,84.7,60.4,35.0,54.1,1,6,0,3,58,14.7,10,3,5,77.1,51,2,0,64,143,373,581,7,0,0,7,0,1,574,23,185,366,24,56,4,78,9,2,524,209,10.3
D'Anthony Bell,111578,S,CAR,11,2,0,75.0,0,0,5,0,0,69.1,75.0,75.8,76.0,68.4,65.0,0,0,0,0,12,20.0,2,0,0,90.6,3,1,0,35,1,54,96,4,0,0,4,0,40,92,2,40,16,5,6,1,4,1,0,25,21,8.3
Darrell Luter Jr.,121428,CB,SF,7,4,0,62.5,2,0,28,0,0,55.4,60.7,83.9,,82.3,58.1,0,0,0,0,38,12.5,3,1,3,112.0,10,0,0,16,251,181,271,3,0,0,3,0,0,268,0,90,1,3,17,0,16,0,1,142,17,14.2
Natrone Brooks,121449,CB,ATL,5,0,0,66.7,0,0,2,0,0,54.8,58.7,77.3,,73.3,50.2,0,0,0,0,36,16.7,1,2,0,146.5,6,0,0,9,60,53,75,0,0,0,0,0,4,75,0,22,2,2,5,1,9,0,1,112,18,18.7
Mac McWilliams,121497,CB,PHI,2,0,0,50.0,0,0,24,0,0,29.9,36.9,73.4,,66.9,23.2,0,0,0,0,2,100.0,1,0,1,95.8,1,0,0,4,7,16,28,1,0,0,1,0,0,27,0,12,16,0,0,0,2,0,1,2,0,2.0
Rasheen Ali,121717,HB,BLT,1,0,0,,0,0,3,0,0,,60.0,60.0,60.0,,,0,1,0,0,,100.0,1,0,0,0.0,0,0,0,0,0,0,1,0,0,0,0,0,0,1,1,0,0,0,0,0,0,1,0,0,0,
Cam'Ron Jackson,121769,DI,CAR,9,4,0,,0,0,5,0,0,54.7,45.5,80.4,58.0,45.4,28.4,0,2,0,0,,20.0,2,0,0,0.0,0,0,0,0,0,2,85,85,45,40,0,0,0,0,25,58,0,4,4,0,0,2,0,0,0,
Upton Stout,121906,CB,SF,16,14,0,76.3,1,1,28,0,0,57.5,61.5,54.1,71.5,70.5,69.8,2,7,0,0,34,13.2,12,5,8,101.5,58,1,0,57,0,385,592,22,0,0,22,0,0,570,39,168,513,26,65,3,76,10,1,574,285,9.9
Zion Childress,121963,S,DAL,1,0,0,,0,0,9,0,0,60.8,61.4,68.4,,60.0,,0,0,0,0,,,0,0,0,0.0,0,0,0,1,0,3,5,0,0,0,0,0,4,5,0,2,0,0,0,0,0,0,0,0,0,
Tyrice Knight,122025,LB,SEA,11,18,0,96.0,0,2,29,0,0,61.4,76.3,82.6,94.2,68.9,54.7,0,2,0,0,65,12.1,7,0,0,106.7,24,2,0,241,1,167,307,34,0,0,34,0,0,273,20,120,31,21,33,3,25,4,0,240,181,10.0
Tyler Batty,122052,ED,MIN,6,0,0,,0,0,18,0,0,,68.7,78.1,53.2,70.4,29.8,0,0,0,0,,33.3,1,0,0,0.0,0,0,0,0,0,0,42,41,1,0,30,10,0,1,10,32,0,2,2,2,0,0,0,0,0,
Bryan Bresee,122142,DI,NO,15,8,3,,0,1,20,0,0,63.5,52.9,55.9,62.5,46.2,27.3,5,22,0,0,,23.1,9,0,3,0.0,0,3,0,0,0,2,667,667,16,368,92,191,0,0,371,294,0,18,22,3,0,30,0,0,0,
R.J. Mickens,122153,S,LAC,10,8,0,44.4,0,0,27,0,0,73.4,70.0,84.9,59.1,50.5,55.8,0,0,0,2,11,18.8,6,0,0,12.5,4,0,0,63,1,219,328,2,0,0,2,0,237,326,1,108,25,3,18,0,9,0,0,28,12,7.0
Myles Murphy,122154,ED,CIN,17,6,2,100.0,1,0,7,1,0,53.8,64.1,57.3,63.6,64.6,57.1,4,31,0,0,9,12.5,6,0,3,104.2,1,6,0,5,0,11,682,677,0,14,625,38,0,5,392,279,0,29,36,2,1,41,0,9,3,9.0
Trenton Simpson,122157,LB,BLT,16,16,0,80.0,1,0,3,0,0,57.9,70.7,84.1,67.0,79.6,66.7,4,6,0,0,30,11.3,7,1,1,86.7,24,2,0,293,1,200,406,95,0,0,95,0,0,311,48,158,17,24,39,2,30,12,0,144,88,6.0
Elijah Roberts,122222,DI,TB,17,3,3,,1,0,30,1,0,57.9,50.5,58.6,63.0,41.4,75.3,2,22,0,0,,7.7,1,0,2,0.0,0,3,0,0,0,8,506,506,6,346,20,134,0,0,326,172,0,8,9,1,0,27,0,0,0,
Aeneas Peebles,122379,DI,BLT,6,0,1,,0,0,3,0,0,61.3,59.6,78.9,62.3,52.3,70.2,0,3,0,0,,0.0,0,0,0,0.0,0,0,0,0,0,2,71,71,12,39,3,17,0,0,53,16,0,1,3,0,0,3,0,0,0,
Jared Ivey,122480,ED,SEA,2,0,0,,0,0,29,0,0,,52.8,75.9,60.7,51.3,,0,0,0,0,,,0,0,0,0.0,0,0,0,1,0,0,15,14,0,0,12,2,0,1,9,6,0,0,0,0,0,0,0,0,0,
Kyle Kennard,122483,ED,LAC,5,0,0,100.0,0,0,27,0,0,29.9,47.3,80.2,53.2,60.1,25.9,0,0,0,0,11,50.0,2,0,0,101.4,3,0,0,0,0,6,80,79,0,0,78,1,0,1,44,30,1,1,2,0,3,0,0,25,19,8.3
Xavier Hutchinson,122518,WR,HST,1,0,0,,1,0,13,0,0,60.7,70.6,89.4,,,,0,0,0,0,,,0,0,3,0.0,0,0,0,0,0,1,1,0,0,0,0,0,0,1,0,0,0,0,0,0,0,0,0,0,0,
T.J. Tampa,122537,CB,BLT,13,2,0,61.5,0,0,3,0,0,72.8,65.1,82.0,,29.6,65.8,0,0,0,1,24,8.3,1,1,1,83.3,8,0,0,13,128,90,148,0,0,0,0,0,0,148,0,58,6,2,9,0,13,0,2,70,17,8.8
Trey Amos,122628,CB,WAS,10,8,0,67.6,1,0,32,0,0,58.8,55.8,84.7,,39.7,44.4,0,0,0,0,60,20.0,8,4,2,108.1,23,0,0,47,433,308,511,1,0,0,1,0,0,510,0,203,30,8,24,0,34,0,1,325,142,14.1
Yaya Diaby,122705,ED,TB,17,13,1,90.0,0,1,30,0,0,42.8,72.1,58.2,76.9,67.2,44.6,10,43,0,0,20,20.4,11,0,3,97.1,9,9,0,4,0,67,783,768,2,11,739,16,0,15,453,263,11,33,30,7,10,62,0,73,62,8.1
Greedy Vance Jr.,122729,CB,LV,6,0,0,77.8,1,0,23,0,0,55.6,55.8,0.0,63.0,72.8,57.8,1,0,0,0,17,12.5,1,0,1,98.6,7,0,0,4,3,69,92,5,0,0,5,0,3,87,4,19,77,1,7,0,9,1,0,69,26,9.9
Cedric Gray,122835,LB,TEN,16,40,0,89.4,1,0,31,1,0,59.0,78.9,6.0,55.4,92.7,75.2,2,7,0,0,31,7.6,13,2,5,111.2,59,1,0,824,2,472,921,53,0,0,53,0,0,868,60,389,42,65,117,6,66,10,2,546,354,9.3
Rylie Mills,122907,DI,SEA,4,2,0,,0,0,29,0,0,60.0,48.4,76.3,53.6,50.2,31.7,0,0,0,0,,25.0,1,0,0,0.0,0,0,0,0,0,0,28,28,5,19,3,1,0,0,10,18,0,1,1,0,0,0,0,0,0,
Xavier Watts,122914,S,ATL,17,26,0,70.0,0,0,2,1,0,72.7,72.2,88.3,52.0,68.7,76.8,0,1,0,5,50,7.6,8,4,1,101.5,21,0,0,544,3,662,1093,7,0,0,7,0,406,1086,4,427,133,15,71,1,30,1,3,341,152,16.2
Marvin Mims Jr.,122937,WR,DEN,1,0,0,,0,0,10,0,0,,60.0,60.0,,60.0,,0,0,0,0,,,0,0,0,0.0,0,0,0,0,0,0,1,0,0,0,0,0,0,1,0,1,0,0,0,0,0,0,0,0,0,
Perrion Winfrey,122952,DI,DAL,1,1,0,,0,0,9,0,0,,69.0,76.4,64.9,65.2,25.2,0,2,0,0,,33.3,1,0,0,0.0,0,0,0,0,0,0,34,34,1,30,0,3,0,0,16,18,0,0,1,0,0,2,0,0,0,
Korie Black,122958,CB,NYG,6,5,0,83.3,0,0,21,0,0,46.4,51.0,79.8,,66.8,86.0,0,0,0,0,40,0.0,0,1,1,158.3,10,0,0,33,146,109,184,0,0,0,0,0,0,184,0,75,5,4,13,1,12,0,3,224,78,22.4
Sean Tucker,123056,HB,TB,1,0,0,,0,0,30,0,0,,59.9,60.0,,60.0,,0,0,0,0,,,0,0,0,0.0,0,0,0,0,0,0,1,0,0,0,0,0,0,1,0,1,0,0,0,0,0,0,0,0,0,
Marlowe Wax,123057,LB,LAC,1,3,0,,0,0,27,0,0,60.3,69.1,74.3,53.5,76.0,65.6,0,1,0,0,,12.5,1,0,0,0.0,0,0,0,35,0,18,39,1,0,0,1,0,0,38,4,17,3,3,4,1,0,1,0,0,0,
Jahdae Barron,123105,CB,DEN,17,4,0,66.7,1,0,10,1,0,47.8,51.5,82.5,47.6,73.3,52.9,0,0,0,1,41,16.7,6,3,3,93.6,26,0,0,94,89,239,335,1,0,0,1,0,4,334,9,87,146,9,26,0,39,0,2,277,152,10.7
Vernon Broughton,123107,DI,NO,1,3,0,,0,0,20,0,0,59.5,60.1,75.9,51.5,67.9,70.1,0,0,0,0,,0.0,0,0,0,0.0,0,0,0,0,0,1,24,24,2,13,5,4,0,0,13,10,0,0,0,0,0,0,0,0,0,
Alfred Collins,123110,DI,SF,16,9,2,,0,2,28,2,0,56.3,42.2,86.6,60.6,30.6,36.5,4,9,0,0,,24.0,6,0,0,0.0,0,1,0,0,0,2,492,492,2,359,6,125,0,0,291,199,0,8,10,0,0,14,0,0,0,
Kitan Crawford,123111,S,ARZ,12,4,0,75.0,0,0,1,0,0,71.8,70.8,79.6,56.5,58.1,69.9,0,0,0,0,9,7.1,1,1,0,120.8,3,0,0,59,0,85,142,4,0,0,4,0,55,138,2,55,24,3,9,0,4,0,1,16,6,5.3
Jaylan Ford,123114,LB,NO,1,1,0,100.0,0,0,20,0,0,79.1,82.9,69.9,,,72.5,0,0,0,0,4,0.0,0,0,0,83.3,1,0,0,5,0,7,7,1,0,0,1,0,0,6,0,0,1,1,1,0,1,0,0,4,0,4.0
Kobee Minor,123148,CB,NE,2,0,0,,0,0,19,0,0,64.0,63.9,82.0,,60.3,31.2,0,0,0,0,,50.0,1,0,0,0.0,0,0,0,8,31,24,41,0,0,0,0,0,0,41,0,17,0,0,1,0,0,0,0,0,0,
Keonta Jenkins,123352,LB,BUF,1,1,0,50.0,0,0,4,0,0,53.0,60.8,73.3,,66.4,80.1,0,0,0,0,10,0.0,0,0,0,64.6,1,0,0,21,0,9,23,1,0,0,1,0,0,22,0,14,1,0,3,0,2,0,0,10,6,10.0
Dorian Strong,123366,CB,BUF,3,0,0,80.0,0,0,4,0,0,57.2,62.9,79.1,72.0,69.4,80.4,0,1,0,0,36,0.0,0,0,1,111.7,4,0,0,4,82,48,87,1,0,0,1,0,0,86,1,38,0,3,7,0,5,1,0,54,47,13.5
Caelen Carson,123377,CB,DAL,6,2,0,64.7,0,0,9,0,0,54.2,56.1,11.3,,76.3,74.3,0,0,0,0,58,5.6,1,1,2,102.1,11,0,0,17,185,155,211,0,0,0,0,0,0,211,0,56,9,6,15,1,17,0,0,188,42,17.1
Ke'Shawn Williams,123406,WR,CIN,1,0,0,,0,0,7,0,0,,60.0,60.0,,60.0,,0,0,0,0,,,0,0,0,0.0,0,0,0,0,0,0,1,0,0,0,0,0,0,1,0,1,0,0,0,0,0,0,0,0,0,
Daryl Porter Jr.,123429,CB,PIT,1,0,0,,0,0,25,0,0,60.0,60.5,64.5,,,,0,0,0,0,,,0,0,0,0.0,0,0,0,0,1,1,1,0,0,0,0,0,0,1,0,0,0,0,0,0,0,0,0,0,0,
Cam Horsley,123541,DI,TEN,1,0,0,,0,0,31,0,0,,31.1,74.9,56.0,36.0,,0,0,0,0,,,0,0,0,0.0,0,0,0,0,0,0,14,14,6,8,0,0,0,0,6,8,0,0,0,0,0,0,0,0,0,
LaJohntay Wester,123616,WR,BLT,1,0,0,,0,0,3,0,0,60.0,61.2,60.0,,,,0,0,0,0,,,0,0,0,0.0,0,0,0,0,0,1,1,0,0,0,0,0,0,1,0,0,0,0,0,0,0,0,0,0,0,
Corey Thornton,123763,CB,CAR,8,4,0,50.0,1,1,5,0,0,67.6,68.5,79.2,72.8,60.3,70.8,0,1,0,0,22,7.7,1,2,1,64.3,7,0,0,19,27,78,127,2,0,0,2,0,14,125,3,46,65,3,8,0,14,1,0,69,40,9.9
Will Anderson Jr.,123903,ED,HST,17,14,1,100.0,0,3,13,2,1,76.3,92.6,31.8,92.0,79.8,51.8,10,70,0,0,-10,17.6,9,0,6,79.2,1,13,0,5,0,1,694,689,0,0,679,10,0,5,476,217,0,33,28,8,1,93,0,-10,-2,-10.0
Brian Branch,123907,S,DET,12,19,0,56.8,2,1,11,1,0,74.3,77.8,0.0,83.0,82.6,88.1,3,1,0,0,41,4.8,4,6,9,119.3,21,3,0,236,26,436,746,53,0,0,53,0,282,693,18,292,149,26,60,3,37,7,4,301,73,14.3
Chris Braswell,123908,ED,TB,17,4,0,71.4,1,0,30,0,0,50.4,57.6,5.8,69.0,59.5,72.2,3,11,0,0,18,5.0,1,0,4,93.2,5,1,0,3,0,35,283,278,0,1,274,3,0,5,137,111,2,11,15,2,7,15,0,53,46,10.6
Malachi Moore,123928,S,NYJ,17,22,0,64.5,1,1,22,1,0,54.0,58.9,83.9,40.2,70.1,65.9,0,1,0,0,40,10.7,11,2,2,116.1,20,0,0,326,17,514,949,32,0,0,32,0,374,917,15,420,200,17,70,3,31,1,2,288,179,14.4
Quandarrius Robinson,123932,ED,DEN,6,2,1,,0,0,10,0,0,58.5,64.3,85.2,60.4,63.8,54.1,2,6,0,0,,18.2,2,0,0,0.0,0,1,0,0,0,11,151,150,0,0,150,0,0,1,74,66,0,8,7,3,0,9,0,0,0,
JJ Pegues,123998,DI,LV,9,3,0,,0,0,23,1,0,60.0,40.4,81.7,57.0,37.7,36.8,0,2,0,0,,16.7,2,0,0,0.0,0,0,0,0,0,0,137,137,21,109,0,7,0,0,52,85,0,4,7,1,0,2,0,0,0,
Warren Brinson,124013,DI,GB,11,3,0,,0,0,12,0,0,53.1,42.8,37.0,66.5,36.5,36.9,1,9,0,0,,15.4,2,0,2,0.0,0,1,0,1,0,5,273,272,17,197,3,55,0,1,152,116,0,5,8,0,0,11,0,0,0,
Jalen Carter,124019,DI,PHI,11,10,6,,0,0,24,0,0,55.1,60.1,54.5,78.9,41.2,24.4,8,30,0,0,,31.7,13,0,3,0.0,0,3,0,4,0,0,640,635,29,402,59,145,0,5,403,237,0,17,18,1,0,41,0,0,0,
Kelee Ringo,124035,CB,PHI,11,1,0,54.5,0,1,24,1,0,49.2,55.3,83.7,,80.8,56.2,0,0,0,0,34,14.3,4,1,7,82.8,12,0,0,25,280,197,312,2,0,0,2,0,1,310,0,115,3,5,23,1,22,0,0,186,41,15.5
Nazir Stackhouse,124040,DI,GB,13,5,0,,0,0,12,0,0,60.0,43.5,82.9,49.3,44.5,44.4,0,4,0,0,,15.4,2,0,0,0.0,0,0,0,0,0,0,159,159,41,116,0,2,0,0,68,91,0,3,6,0,0,4,0,0,0,
Dru Phillips,124075,CB,NYG,17,5,0,73.7,1,0,21,1,0,65.4,63.0,31.6,57.3,58.0,56.6,0,4,0,2,33,13.5,10,8,10,95.4,56,0,0,87,26,495,729,7,0,0,7,0,4,722,17,217,605,32,59,8,76,4,3,543,278,9.7
Ali Gaye,124095,ED,TEN,3,0,0,,0,0,31,0,0,60.0,49.8,77.6,52.4,51.4,28.5,0,2,0,0,,50.0,1,0,0,0.0,0,0,0,0,0,0,37,37,0,0,37,0,0,0,24,13,0,1,1,0,0,2,0,0,0,
Dwight McGlothern,124103,CB,MIN,4,0,0,0.0,0,0,18,0,0,44.9,50.4,75.4,,69.1,,0,0,0,0,,,0,0,1,39.6,0,0,0,2,25,17,31,0,0,0,0,0,0,31,0,14,4,0,0,0,1,0,0,0,0,
BJ Ojulari,124105,ED,ARZ,8,2,0,100.0,0,0,1,0,0,41.6,49.0,51.8,51.6,59.1,54.5,1,5,0,0,17,12.5,1,0,1,110.4,4,1,0,1,0,22,204,197,0,0,194,3,0,7,72,110,6,4,5,0,4,7,0,42,37,10.5
Cedric Johnson,124136,ED,CIN,9,4,0,100.0,0,0,7,2,0,49.6,46.1,55.0,47.7,59.8,29.2,4,12,0,0,30,33.3,5,0,1,158.3,2,2,0,1,0,5,207,205,0,13,183,9,0,2,142,60,1,3,6,0,2,18,1,40,35,20.0
Austin Keys,124137,LB,ARZ,1,0,0,,0,0,1,0,0,61.0,83.8,71.5,87.9,58.1,71.4,0,1,0,0,,,0,0,0,0.0,0,1,0,5,0,2,8,1,0,0,1,0,0,7,3,3,2,1,0,0,0,2,0,0,0,
Deane Leonard,124140,CB,LAC,5,0,0,,0,0,27,0,0,69.0,69.6,74.1,,64.1,72.8,0,0,0,0,,0.0,0,0,0,0.0,0,0,0,9,20,19,36,1,0,0,1,0,0,35,0,17,6,0,1,0,0,0,0,0,0,
Tavius Robinson,124147,ED,BLT,10,4,1,100.0,0,1,3,0,0,71.4,50.4,73.3,54.4,42.4,73.6,4,9,0,0,8,8.3,2,0,1,100.0,1,5,0,6,0,17,451,445,0,46,325,74,0,6,261,173,0,13,18,0,1,18,0,8,15,8.0
Emmanuel Forbes,124166,CB,LA,17,4,0,56.6,1,1,26,0,0,56.1,53.8,37.7,53.0,49.6,26.8,0,0,0,3,75,27.1,16,13,5,99.5,43,0,0,91,715,520,814,6,0,0,6,0,0,808,3,291,2,9,39,0,76,0,7,657,202,15.3
Decamerion Richardson,124183,CB,LV,1,0,0,50.0,0,0,23,0,0,77.5,77.0,72.4,,61.0,72.8,0,0,0,0,6,0.0,0,0,0,56.3,1,0,0,1,10,6,13,1,0,0,1,0,0,12,0,7,1,1,1,0,2,0,0,6,5,6.0
Tyrus Wheat,124191,ED,DET,11,0,1,,0,1,11,0,0,60.0,82.3,81.5,80.5,62.4,73.1,1,0,0,0,,0.0,0,0,0,0.0,0,2,0,0,0,1,66,66,0,6,58,2,0,0,47,18,0,3,1,0,0,3,0,0,0,
Kris Abrams-Draine,124194,CB,DEN,10,0,0,75.0,0,0,10,0,0,55.2,57.2,83.0,,69.3,65.0,0,0,0,0,18,9.1,2,0,0,95.8,18,0,0,6,200,160,211,0,0,0,0,0,0,211,0,51,4,4,20,2,24,0,0,180,62,10.0
Jaylon Carlies,124196,LB,IND,1,0,0,,0,0,14,0,0,60.0,58.4,66.3,59.4,,,0,0,0,0,,,0,0,0,0.0,0,0,0,1,0,1,2,0,0,0,0,0,0,2,1,0,1,0,0,0,0,0,0,0,0,
Jordan Burch,124227,ED,ARZ,17,9,2,100.0,0,0,1,0,0,52.7,49.0,72.4,51.0,51.4,71.9,0,15,0,0,33,5.3,1,0,1,118.8,2,1,0,0,0,27,504,504,0,7,466,31,0,0,236,241,0,7,9,0,2,16,0,40,18,20.0
Tonka Hemingway,124238,DI,LV,9,1,1,,0,0,23,1,0,58.5,37.6,82.7,57.5,29.7,29.5,2,3,0,0,,33.3,3,0,0,0.0,0,4,0,0,0,1,195,195,1,79,25,90,0,0,116,78,0,6,5,1,0,9,0,0,0,
Tyler Baron,124268,ED,NYJ,6,2,0,,0,0,22,0,0,53.7,53.7,83.5,56.7,55.6,34.1,0,4,0,0,,18.2,2,0,0,0.0,0,0,0,0,0,1,95,95,0,1,93,1,0,0,48,46,0,5,7,1,0,4,0,0,0,
Edgerrin Cooper,124311,LB,GB,16,35,0,82.7,0,2,12,1,0,76.5,75.8,85.3,66.7,69.1,55.8,2,9,0,0,44,13.6,19,5,0,94.1,62,1,0,808,5,553,1046,108,0,0,107,1,3,938,66,427,122,45,86,5,75,12,0,493,350,8.0
Fadil Diggs,124314,ED,NO,5,0,0,100.0,0,0,20,0,0,43.1,29.1,0.0,51.2,43.6,,0,0,0,0,9,,0,0,2,104.2,1,0,0,0,0,5,54,54,0,0,53,1,0,0,14,35,0,0,0,0,1,0,0,9,6,9.0
McKinnley Jackson,124324,DI,CIN,9,2,0,,0,0,7,0,0,60.0,62.1,81.6,55.4,63.8,72.5,0,2,0,0,,0.0,0,0,0,0.0,0,0,0,0,0,1,129,129,42,80,0,7,0,0,68,60,0,1,4,0,0,2,0,0,0,
Antonio Johnson,124326,S,JAX,16,13,0,67.7,0,0,15,0,0,88.3,87.3,85.4,75.5,72.0,84.8,0,5,1,5,48,5.3,3,3,1,55.5,21,2,0,196,1,453,660,27,0,0,27,0,345,633,20,187,91,14,41,0,31,7,1,192,69,9.1
Jaylon Jones,124328,CB,IND,9,2,0,57.7,1,0,14,0,0,37.6,42.2,11.1,53.8,74.3,56.9,0,0,0,0,37,12.5,2,2,3,104.0,15,0,0,26,163,124,205,3,0,0,3,0,0,202,2,79,13,2,12,1,26,0,2,176,59,11.7
Gervon Dexter Sr.,124374,DI,CHI,17,11,0,,1,0,6,1,0,61.4,57.6,54.7,72.7,43.9,29.7,6,25,0,0,,15.2,7,0,3,0.0,0,7,0,0,0,3,664,664,42,524,6,92,0,0,395,266,0,20,28,3,0,38,0,0,0,
Princely Umanmielen,124398,ED,CAR,16,5,0,100.0,0,1,5,0,0,35.9,46.0,83.6,54.6,45.5,49.9,2,5,0,0,14,15.8,3,0,0,108.3,3,2,0,0,0,12,222,221,0,0,221,0,0,1,139,71,1,11,11,1,3,9,0,30,20,10.0
Jaylin Noel,125155,WR,HST,1,0,0,,0,0,13,0,0,60.7,70.2,60.0,,,,0,0,0,0,,,0,0,0,0.0,0,0,0,0,0,1,1,0,0,0,0,0,0,1,0,0,0,0,0,0,0,0,0,0,0,
Marques Sigle,125305,S,SF,9,7,0,85.2,0,0,28,1,0,31.6,40.2,82.8,60.3,72.9,66.0,0,1,0,0,45,10.4,5,2,2,155.7,23,0,0,198,1,236,387,12,0,0,12,0,134,375,5,146,42,14,36,1,27,1,3,337,37,14.7
Mekhi Wingo,128050,DI,DET,2,0,0,,0,0,11,0,0,60.0,53.2,6.3,56.7,59.7,71.5,0,2,0,0,,0.0,0,0,1,0.0,0,0,0,0,0,0,59,59,5,42,0,12,0,0,40,19,0,2,4,0,0,2,0,0,0,
Segun Olubi,128312,LB,IND,2,0,0,,0,0,14,0,0,61.0,64.4,64.8,,61.3,,0,0,0,0,,,0,0,0,0.0,0,0,0,6,0,2,6,0,0,0,0,0,0,6,0,4,0,0,0,0,0,0,0,0,0,
Nohl Williams,128375,CB,KC,14,7,0,54.3,2,0,16,0,0,75.6,74.5,0.0,73.9,74.8,69.5,0,2,0,0,53,10.0,4,4,6,83.4,19,1,0,38,407,272,458,9,0,0,9,0,0,449,8,178,3,14,29,3,35,3,1,223,90,11.7
Reuben Lowery III,129393,S,IND,3,3,0,83.3,0,0,14,0,0,32.5,34.0,75.8,56.8,60.4,83.1,0,0,0,0,11,0.0,0,0,0,130.6,5,0,0,23,1,40,76,6,0,0,6,0,36,70,2,34,10,0,2,0,6,0,2,35,21,7.0
Jer'Zhan Newton,129420,DI,WAS,17,7,1,0.0,0,0,32,0,0,63.5,47.5,54.1,66.9,36.7,78.2,3,18,0,0,,3.1,1,0,2,39.6,0,6,0,2,0,2,432,430,24,250,38,118,0,2,228,202,0,18,24,1,1,27,0,0,0,
Yahya Black,129460,DI,PIT,17,7,0,,0,2,25,1,0,62.4,50.2,69.1,53.0,50.5,36.3,1,6,0,0,,15.2,5,1,1,0.0,0,0,0,0,0,3,416,416,71,215,27,103,0,0,216,197,0,15,21,1,0,7,0,0,0,
Jay Higgins,129469,LB,BLT,2,1,0,100.0,0,0,3,0,0,44.7,45.6,70.9,59.4,64.5,75.4,0,0,0,0,8,0.0,0,0,0,100.0,1,0,0,6,0,3,7,1,0,0,1,0,0,6,1,3,0,1,2,0,1,0,0,8,6,8.0
Lukas Van Ness,129482,ED,GB,9,2,0,,0,0,12,0,0,72.2,75.5,59.6,68.5,72.1,80.4,7,14,0,0,,5.9,1,0,1,0.0,0,2,0,1,0,8,263,262,0,26,201,35,0,1,151,104,0,13,14,2,0,23,0,0,0,
Jakorian Bennett,129496,CB,PHI,6,0,0,63.6,0,0,24,0,0,29.8,34.0,77.7,,60.3,80.2,0,0,0,0,12,0.0,0,1,4,78.2,7,0,0,15,83,57,101,1,0,0,1,0,0,100,0,44,2,0,7,0,11,0,0,61,29,8.7
Beau Brade,129499,S,NYG,1,0,0,,0,0,21,0,0,60.0,60.0,64.4,,,,0,0,0,0,,,0,0,0,0.0,0,0,0,0,0,1,1,0,0,0,0,0,1,1,0,0,0,0,0,0,0,0,0,0,0,
Ruben Hyppolite II,129516,LB,CHI,4,1,0,,0,0,6,0,0,51.3,46.2,72.9,58.1,51.8,76.2,0,0,0,0,,0.0,0,0,0,0.0,0,0,0,28,0,10,31,2,0,0,2,0,0,29,2,19,1,2,2,0,0,0,0,0,0,
Tarheeb Still,129537,CB,LAC,15,6,1,71.7,1,0,27,0,0,70.1,69.3,86.6,58.8,59.8,32.5,2,5,0,0,49,21.7,15,4,5,95.6,38,0,0,72,361,491,773,11,0,0,11,0,8,762,18,264,321,21,48,5,53,7,1,350,244,9.2
Jaylen Harrell,129579,ED,TEN,12,3,0,100.0,0,1,31,0,0,68.4,63.5,85.8,58.6,59.9,67.0,4,10,0,0,8,11.8,2,0,0,97.2,3,6,0,13,0,52,362,345,0,0,344,1,0,17,174,136,4,13,12,2,3,20,0,22,8,7.3
Kris Jenkins,129584,DI,CIN,14,12,0,,0,0,7,0,0,59.8,53.4,71.8,50.0,58.6,46.4,1,15,0,0,,12.5,5,0,1,0.0,0,2,0,0,0,4,498,498,21,378,11,88,0,0,298,196,0,18,23,1,0,18,0,0,0,
Braiden McGregor,129586,ED,NYJ,12,3,2,,0,0,22,0,0,53.1,41.9,86.9,58.9,33.2,27.4,1,7,0,0,,25.0,4,0,0,0.0,0,0,0,0,0,3,265,265,0,0,256,9,0,0,115,147,0,3,9,0,0,8,0,0,0,
Danny Striggow,129668,ED,JAX,9,4,0,100.0,0,0,15,0,0,70.6,69.3,84.5,58.8,69.0,78.3,1,5,0,0,6,0.0,0,0,0,91.7,1,1,0,0,0,4,143,143,0,3,123,17,0,0,84,55,0,6,7,0,1,7,0,6,1,6.0
Lathan Ransom,129755,S,CAR,16,13,0,64.3,0,1,5,0,0,55.8,61.3,27.6,66.9,79.4,86.8,0,0,0,1,35,4.7,2,1,1,100.9,9,1,0,40,0,229,336,5,0,0,5,0,267,331,5,102,24,7,28,1,14,1,1,172,89,19.1
Cody Simon,129757,LB,ARZ,12,23,0,73.5,0,1,1,0,0,57.9,56.1,84.2,55.3,55.3,36.3,0,4,0,0,22,19.0,15,3,0,104.4,25,1,0,544,0,266,564,4,0,0,4,0,1,560,32,266,15,20,41,1,34,5,1,255,196,10.2
Ji'Ayir Brown,129767,S,SF,17,12,0,61.5,0,0,28,0,0,56.5,61.7,87.0,65.9,69.4,57.3,0,3,0,2,36,16.9,12,2,0,98.3,24,0,0,325,1,484,800,22,0,0,22,0,361,778,10,306,91,15,47,2,39,3,6,250,121,10.4
Sanoussi Kane,129820,S,TEN,6,3,0,75.0,0,0,31,0,0,39.8,42.0,81.6,,68.9,83.6,0,0,0,0,23,0.0,0,0,1,145.8,3,0,0,17,1,45,75,2,0,0,2,0,49,73,0,30,6,0,4,0,4,0,1,40,18,13.3
Max Melton,129889,CB,ARZ,9,6,0,65.0,0,0,1,0,0,56.1,45.1,84.3,59.0,25.8,32.8,0,0,0,0,40,23.1,9,2,4,93.0,26,0,0,48,373,260,423,1,0,0,1,0,0,422,1,162,1,4,24,1,40,0,0,353,95,13.6
Nick Herbig,129920,ED,PIT,15,6,0,80.0,0,2,25,1,1,68.5,86.7,49.1,87.1,71.4,48.3,13,26,0,1,24,25.9,7,2,3,64.2,8,8,0,18,0,49,610,583,0,1,578,4,0,27,353,208,9,20,14,5,10,47,0,89,44,11.1
Jordan Turner,129932,LB,DEN,3,2,0,50.0,0,0,10,0,0,55.1,72.5,73.3,70.2,77.9,77.6,1,0,0,0,6,0.0,0,0,0,56.3,1,0,0,22,0,14,23,0,0,0,0,0,0,23,3,6,1,1,1,0,2,1,0,6,3,6.0
Shaun Dolac,130406,LB,LA,4,0,0,75.0,0,0,26,0,0,68.4,88.5,74.0,64.0,88.2,80.4,0,0,0,0,13,0.0,0,0,0,90.6,3,0,0,40,0,19,43,1,0,0,1,0,0,42,4,20,1,3,6,2,4,0,0,25,15,8.3
Adin Huntington,130493,DI,CLV,13,4,0,,1,0,8,0,0,60.0,64.8,82.7,59.1,64.8,73.8,0,5,0,0,,0.0,0,0,1,0.0,0,1,0,0,0,1,158,158,2,100,15,41,0,0,82,75,0,5,5,0,0,6,0,0,0,
CJ West,130507,DI,SF,14,5,0,,1,0,28,0,0,69.9,39.7,60.7,64.4,28.8,51.8,0,8,0,0,,10.0,2,0,1,0.0,0,1,0,1,0,0,279,278,11,260,0,7,0,1,162,117,0,10,13,0,0,9,0,0,0,
Quinyon Mitchell,130628,CB,PHI,16,7,0,43.9,0,0,24,1,0,74.5,74.4,88.1,,65.3,56.3,0,0,0,0,34,14.0,7,7,6,58.4,36,0,0,75,900,610,986,0,0,0,0,0,6,986,0,376,5,7,36,0,82,0,0,389,98,10.8
Byron Murphy II,131252,DI,SEA,17,18,0,,0,0,29,0,0,75.4,72.4,88.6,76.6,53.3,62.3,3,38,0,0,,5.2,3,0,1,0.0,0,9,0,11,0,8,783,772,116,582,4,70,0,11,494,281,0,38,37,3,0,50,0,0,0,
Shemar Turner,131273,ED,CHI,5,0,0,,0,0,6,0,0,62.0,34.4,81.1,51.4,30.9,27.4,0,0,0,0,,28.6,2,0,0,0.0,0,0,0,0,0,2,74,74,0,33,35,6,0,0,34,38,0,2,5,1,0,0,0,0,0,
Omarr Norman-Lott,131624,DI,KC,5,1,0,,0,0,16,0,0,59.6,54.3,79.5,59.5,50.9,41.3,0,5,0,0,,20.0,1,0,0,0.0,0,1,0,0,0,1,72,72,10,61,0,1,0,0,48,23,0,3,3,0,0,6,0,0,0,
Christian Gonzalez,131679,CB,NE,14,10,0,46.1,1,0,19,0,0,68.4,65.8,87.7,56.1,49.0,89.4,0,0,0,0,40,1.5,1,7,3,64.4,35,0,0,58,676,480,770,1,0,0,1,0,1,769,2,288,34,19,57,1,76,0,1,357,69,10.2
Noah Sewell,131722,LB,CHI,12,13,0,82.1,0,1,6,0,0,29.3,41.9,47.6,42.4,70.5,30.6,0,3,0,0,41,21.4,15,0,2,133.5,23,0,0,322,0,194,408,70,0,0,69,1,0,338,32,182,16,20,42,5,28,3,3,209,151,9.1
Bradyn Swinson,131726,ED,NE,2,0,0,,0,0,19,0,0,,57.5,76.6,58.6,56.9,,0,1,0,0,,,0,0,0,0.0,0,0,0,0,0,0,27,27,0,1,26,0,0,0,21,6,0,0,0,0,0,1,0,0,0,
Tuli Tuipulotu,131840,ED,LAC,16,9,2,71.4,0,2,27,1,0,36.1,68.2,88.8,74.4,57.6,32.9,13,44,0,0,11,27.7,13,0,0,85.4,5,13,0,16,0,42,735,715,0,11,651,53,0,20,422,271,4,32,25,8,7,70,0,40,28,8.0
Connor O'Toole,131869,ED,SEA,4,0,0,,0,0,29,0,0,60.0,62.9,76.3,53.8,64.9,,0,0,0,0,,,0,0,0,0.0,0,0,0,0,0,1,28,28,0,0,28,0,0,0,7,20,0,0,0,0,0,0,0,0,0,
Carson Bruener,131889,LB,PIT,2,0,0,,0,0,25,0,0,60.0,61.6,64.2,,60.0,,0,0,0,0,,,0,0,0,0.0,0,0,0,1,0,1,2,0,0,0,0,0,0,2,0,1,0,0,0,0,0,0,0,0,0,
Cooper McDonald,131903,ED,KC,5,2,0,50.0,0,0,16,0,0,47.5,60.7,78.3,52.8,70.0,30.5,0,0,0,0,23,25.0,2,0,0,91.7,1,0,0,22,0,18,58,32,0,0,32,0,0,26,4,36,3,3,4,1,2,0,0,23,5,23.0
Chau Smith-Wade,131956,CB,CAR,16,8,0,82.0,3,0,5,0,0,57.2,58.1,84.3,53.2,59.9,76.3,0,2,1,1,25,7.9,5,1,3,98.8,41,0,0,117,37,393,626,7,0,0,7,0,99,619,10,223,366,20,50,1,50,2,1,405,206,9.9
Jaylen Watson,131960,CB,KC,15,12,0,59.3,1,0,16,0,0,68.4,74.1,87.8,79.9,83.5,77.1,0,3,0,2,39,5.8,4,3,5,69.0,35,2,0,73,744,511,867,41,0,0,41,0,1,826,15,341,8,19,53,1,59,5,0,447,173,12.8
CJ Ravenell,134584,DI,TEN,14,5,0,,0,1,31,0,0,60.0,43.1,27.4,49.3,49.7,54.2,0,0,0,0,,9.1,1,0,1,0.0,0,0,0,0,0,0,97,97,2,88,1,6,0,0,39,58,0,2,5,1,0,0,0,0,0,
Sam Webb,134606,CB,CLV,6,2,0,61.5,1,0,8,1,1,59.0,57.1,0.0,,60.5,29.6,0,0,0,0,21,27.3,3,1,3,113.8,8,0,0,7,128,87,137,0,0,0,0,0,0,137,0,50,2,3,6,0,13,0,2,65,19,8.1
Keondre Jackson,138208,S,BLT,1,0,0,,0,0,3,0,0,60.0,61.2,60.4,,,,0,0,0,0,,,0,0,0,0.0,0,0,0,0,0,1,1,0,0,0,0,0,0,1,0,0,0,0,0,0,0,0,0,0,0,
Isaiah Davis,138299,HB,NYJ,1,0,0,,0,0,22,0,0,,60.0,60.5,,60.0,,0,0,0,0,,,0,0,0,0.0,0,0,0,0,0,0,1,0,0,0,0,0,0,1,0,1,0,0,0,0,0,0,0,0,0,
Keyon Martin,138344,CB,BLT,11,0,0,73.3,0,0,3,0,0,59.8,53.4,0.0,79.2,29.7,67.0,0,2,0,0,12,11.1,2,1,2,104.0,11,1,0,16,1,93,144,12,0,0,12,0,0,132,10,41,114,9,16,0,15,3,1,67,54,6.1
Elijah Williams,138526,DI,MIN,7,2,0,,0,0,18,0,0,,53.7,77.6,60.0,52.8,42.3,0,1,0,0,,16.7,1,0,0,0.0,0,0,0,0,0,0,42,42,0,31,6,5,0,0,14,28,0,2,3,0,0,1,0,0,0,
Micah Robinson,139042,CB,TEN,2,2,0,50.0,0,0,31,0,0,68.4,70.6,77.2,,72.2,53.6,0,0,0,0,29,12.5,1,1,0,79.6,5,0,0,8,53,43,66,0,0,0,0,0,0,66,0,23,5,1,5,1,10,0,0,86,13,17.2
Myles Harden,141857,CB,CLV,16,6,0,74.2,1,0,8,0,0,44.8,48.7,83.9,91.0,57.1,29.7,1,1,0,0,40,24.5,12,3,6,116.7,46,0,0,51,40,339,529,5,0,0,5,0,5,524,5,185,428,14,31,2,62,2,5,385,259,8.4
Teddye Buchanan,142172,LB,BLT,14,27,0,75.6,0,0,3,0,0,49.8,59.9,84.6,55.2,70.8,75.9,1,8,0,0,26,8.6,8,1,0,100.6,31,1,0,547,0,312,652,74,0,0,74,0,1,578,52,288,30,23,58,4,41,10,1,269,173,8.7
Malik Mustapha,142358,S,SF,12,18,0,66.7,0,0,28,0,0,61.7,64.5,85.4,75.3,65.6,59.6,1,1,0,1,44,14.9,13,1,0,85.0,18,0,0,240,1,428,697,7,0,0,7,0,396,690,6,263,53,18,56,3,27,2,1,197,58,10.9
Elijah Ponder,142819,ED,NE,15,3,0,100.0,0,0,19,1,0,54.9,54.4,85.2,56.9,52.3,61.0,2,9,0,0,17,9.1,1,0,0,118.8,1,4,0,16,0,11,215,197,0,0,196,1,0,18,134,70,2,8,7,0,1,15,0,17,6,17.0
Donovan Ezeiruaku,143824,ED,DAL,17,13,0,,0,1,9,0,0,88.7,73.2,62.8,66.8,62.9,37.9,12,22,0,0,,20.8,11,0,2,0.0,0,2,1,6,0,31,603,595,0,11,580,4,0,8,343,229,2,24,29,7,0,36,0,0,0,
Brandon Johnson,143858,S,PHI,2,0,0,,0,0,24,0,0,55.3,57.5,72.5,,64.7,27.9,0,0,0,0,,50.0,1,0,0,0.0,0,0,0,6,0,16,28,0,0,0,0,0,18,28,0,12,4,0,1,0,0,0,0,0,0,
Joshua Farmer,143880,DI,NE,13,6,1,,0,0,19,1,0,60.7,48.9,57.2,53.3,49.9,75.6,0,7,0,0,,0.0,0,0,1,0.0,0,0,0,0,0,0,224,224,2,143,34,45,0,0,128,96,0,4,8,1,0,7,0,0,0,
Kevin Knowles II,143885,CB,KC,6,0,1,33.3,0,0,16,0,0,50.1,54.3,78.5,63.5,69.1,48.5,0,1,0,0,13,16.7,1,1,0,42.4,4,0,0,3,1,57,83,3,0,0,3,0,1,80,8,18,74,2,5,0,12,1,0,22,16,5.5
Zeek Biggers,143903,DI,MIA,9,10,0,,0,0,17,0,0,66.0,44.0,84.3,45.7,45.0,40.9,1,5,0,0,,14.3,3,0,0,0.0,0,2,0,0,0,2,214,214,9,129,43,33,0,0,135,77,0,7,8,0,0,8,0,0,0,
Kamren Kinchens,143946,S,LA,17,23,0,91.2,0,0,26,2,0,75.0,72.0,56.7,64.2,63.8,63.1,2,3,0,2,33,12.5,12,4,1,103.8,31,0,0,178,0,574,842,27,0,0,27,0,588,815,10,258,49,19,61,0,34,5,3,263,76,8.5
Brashard Smith,143951,HB,KC,1,0,0,,0,0,16,0,0,,60.0,60.0,,60.0,,0,0,0,0,,,0,0,0,0.0,0,0,0,0,0,0,1,0,0,0,0,0,0,1,0,1,0,0,0,0,0,0,0,0,0,
Leonard Taylor III,143953,DI,NE,5,3,1,,0,0,19,0,0,60.0,59.3,80.4,66.8,53.0,73.2,1,3,0,0,,0.0,0,0,0,0.0,0,0,0,0,0,0,99,99,4,85,0,10,0,0,44,55,0,4,8,1,0,4,0,0,0,
James Williams,143955,LB,TEN,4,3,0,80.0,0,0,31,0,0,52.9,60.8,74.7,64.7,69.7,51.5,0,1,0,0,18,15.8,3,0,0,91.3,8,1,0,61,0,48,79,7,0,0,7,0,1,72,6,25,10,9,13,2,10,2,0,59,62,7.4
Barrett Carter,144109,LB,CIN,16,34,0,86.8,0,0,7,0,0,35.5,39.5,86.0,48.0,50.1,45.0,1,8,0,1,44,14.8,18,3,0,115.3,59,0,0,675,4,417,792,52,0,0,52,0,0,740,38,337,61,31,70,1,68,9,2,733,481,12.4
Andrew Mukuba,144129,S,PHI,11,10,0,76.2,1,0,24,0,0,46.9,57.6,89.3,78.4,81.0,51.4,0,0,0,2,77,12.8,6,2,1,117.7,16,1,0,119,0,432,672,0,0,0,0,0,487,672,2,238,66,14,31,1,21,1,3,308,197,19.3
Payton Page,144131,DI,NYJ,4,2,0,,0,0,22,0,0,60.0,58.0,78.6,62.7,55.2,71.5,0,1,0,0,,0.0,0,0,0,0.0,0,0,0,0,0,0,61,61,8,47,0,6,0,0,20,41,0,1,4,0,0,1,0,0,0,
Jeremiah Trotter Jr.,144142,LB,PHI,6,5,0,100.0,0,0,24,0,0,68.5,82.1,75.7,90.8,74.7,40.8,2,1,0,0,5,17.6,3,0,0,80.6,3,0,0,81,0,36,88,0,0,0,0,0,0,88,5,47,7,6,9,1,3,3,0,10,20,3.3
Nate Wiggins,144143,CB,BLT,17,6,0,59.8,0,0,3,0,0,62.8,63.8,89.0,54.7,63.9,60.6,0,0,0,3,40,11.8,10,9,5,73.0,61,0,0,44,947,690,1029,9,0,0,9,0,0,1020,2,337,29,15,69,2,102,0,2,656,188,10.8
Ashton Gillotte,144154,ED,KC,17,8,0,100.0,1,0,16,0,0,59.0,58.5,89.7,48.7,66.7,59.9,5,16,0,1,34,8.6,3,0,1,79.2,2,3,0,3,0,22,485,481,13,42,372,54,0,4,267,196,1,16,24,3,2,24,0,41,40,20.5
Rayuan Lane III,144326,S,JAX,11,1,0,66.7,0,0,15,1,0,57.6,61.2,80.8,51.0,76.9,32.9,0,0,0,0,14,25.0,2,1,0,75.0,4,0,0,19,0,97,117,3,0,0,3,0,87,114,4,16,8,2,5,2,6,0,0,25,21,6.3
Keith Cooper Jr.,144409,DI,CLV,1,0,0,,0,0,8,0,0,,60.0,61.5,,60.0,,0,0,0,0,,,0,0,0,0.0,0,0,0,1,0,0,1,0,0,0,0,0,0,1,0,1,0,0,0,0,0,0,0,0,0,
Cobee Bryant,144575,CB,ATL,6,1,0,85.7,0,0,2,0,0,38.1,40.4,79.2,,55.1,56.5,0,0,0,0,45,15.4,2,0,1,142.6,12,0,0,8,90,68,102,0,0,0,0,0,0,102,0,34,4,4,10,1,14,0,1,196,21,16.3
Danny Stutsman,144632,LB,NO,13,6,0,90.0,0,0,20,0,0,62.7,71.5,80.7,56.6,74.5,59.5,0,2,0,0,10,12.2,5,0,0,89.6,9,0,0,186,0,87,204,10,0,0,10,0,0,194,13,104,8,13,30,1,10,2,0,55,45,6.1
Ethan Downs,144636,ED,KC,1,0,0,,0,0,16,0,0,,59.8,74.9,52.5,64.4,,0,0,0,0,,,0,0,0,0.0,0,0,0,0,0,0,11,11,0,0,11,0,0,0,6,5,0,0,0,0,0,0,0,0,0,
Billy Bowman Jr.,144638,CB,ATL,6,6,0,66.7,0,1,2,0,0,52.7,49.9,80.8,70.8,36.4,36.1,0,3,0,1,54,21.9,7,1,1,75.8,20,2,0,57,1,188,300,9,0,0,9,0,0,291,13,99,233,6,19,0,30,5,0,231,143,11.6
Collin Oliver,144664,ED,GB,1,0,0,,0,0,12,0,0,75.7,54.9,76.4,53.5,47.8,27.5,2,0,0,0,,50.0,1,0,0,0.0,0,0,0,0,0,1,31,31,0,1,30,0,0,0,17,13,0,1,1,1,0,2,0,0,0,
Nickolas Martin,144667,LB,SF,2,1,0,100.0,0,0,28,0,0,47.9,50.2,69.9,60.0,61.9,78.9,0,0,0,0,28,0.0,0,0,0,117.7,4,0,0,9,0,10,15,2,0,0,2,0,0,13,1,4,4,1,4,0,4,0,0,49,24,12.3
Barryn Sorrell,144739,ED,GB,13,5,0,100.0,1,0,12,1,0,64.9,56.7,50.9,54.1,61.2,68.4,1,3,0,0,6,6.7,1,0,1,91.7,1,2,0,0,0,7,178,178,0,4,130,44,0,0,111,60,0,7,9,1,1,6,0,6,1,6.0
Cooper DeJean,144867,CB,PHI,16,20,0,62.7,4,1,24,0,0,78.6,77.0,47.1,59.3,71.8,65.4,1,5,0,2,50,11.1,11,13,6,77.3,52,0,0,126,226,612,1038,27,0,0,27,0,1,1011,24,402,657,25,68,4,83,6,1,579,293,11.1
Dante Trader Jr.,144900,S,MIA,16,10,0,88.9,0,0,17,0,0,52.8,59.0,82.2,38.1,80.2,54.0,0,3,0,0,42,16.7,9,1,1,130.8,16,0,0,129,2,255,420,3,0,0,3,0,201,417,10,155,84,8,35,1,18,3,1,197,135,12.3
Chop Robinson,144901,ED,MIA,15,3,0,100.0,2,1,17,0,0,54.4,54.8,31.9,59.4,59.0,41.7,1,14,0,0,17,21.7,5,0,4,144.8,4,4,0,0,0,26,417,417,0,9,402,6,0,0,241,150,0,15,15,2,4,19,1,37,7,9.3
Kendell Brooks,144946,S,TEN,5,3,0,100.0,0,0,31,0,0,59.1,61.2,81.4,56.6,65.2,34.9,0,0,0,0,23,23.8,5,0,0,145.8,4,0,0,38,1,94,154,2,0,0,2,0,104,152,2,58,9,5,13,0,4,0,1,38,13,9.5
Derrick Harmon,144962,DI,PIT,12,5,1,,0,0,25,1,0,60.3,53.3,71.1,55.2,53.0,46.6,1,17,0,0,,12.0,3,0,1,0.0,0,4,0,0,0,1,446,446,11,246,29,160,0,0,283,162,0,13,17,0,0,22,0,0,0,
Austin Booker,144990,ED,CHI,10,8,3,,1,1,6,0,0,76.4,61.8,25.0,66.4,57.9,52.4,8,16,0,0,,12.1,4,0,5,0.0,0,5,0,2,0,5,520,517,0,7,501,9,0,3,323,192,1,16,21,1,0,29,0,0,0,
Jordan Hancock,145067,S,BUF,10,6,0,60.0,0,0,4,0,0,66.4,70.2,79.6,65.6,68.0,58.7,0,1,0,0,13,14.3,2,1,0,72.9,3,0,0,25,4,117,150,4,0,0,4,0,112,146,2,31,4,2,6,0,5,1,0,25,22,8.3
Denzel Burke,145070,CB,ARZ,15,9,0,63.0,1,0,1,0,0,61.2,55.6,56.8,58.5,35.4,34.5,0,0,0,3,32,20.3,12,5,6,81.6,34,0,0,88,585,402,679,2,0,0,2,0,2,677,1,276,2,13,38,2,54,0,3,410,123,12.1
Jack Sawyer,145071,ED,PIT,17,6,1,80.0,2,0,25,0,0,35.4,51.4,41.5,59.7,60.5,55.8,5,9,0,2,29,9.1,2,0,2,112.5,8,1,0,7,0,40,295,277,0,0,276,1,0,18,157,98,10,11,14,2,10,15,1,140,61,17.5
JT Tuimoloau,145074,ED,IND,12,5,0,100.0,0,0,14,0,0,52.5,60.6,56.5,63.3,60.2,61.8,6,8,0,0,17,16.7,2,0,1,118.8,1,0,0,0,0,7,215,214,2,28,162,22,0,1,130,78,1,4,5,1,1,14,0,17,0,17.0
Michael Hall Jr.,145076,DI,CLV,9,1,0,,0,0,8,0,0,59.1,41.4,82.4,62.6,30.8,56.5,1,5,0,0,,10.0,1,0,0,0.0,0,2,0,4,0,2,178,174,0,111,1,62,0,4,97,79,0,8,8,1,0,8,0,0,0,
Tyleik Williams,145080,DI,DET,17,4,3,,0,0,11,0,0,59.7,62.1,86.1,68.3,53.8,64.2,1,17,0,0,,4.8,1,0,0,0.0,0,1,0,2,0,1,446,444,4,368,1,71,0,2,225,220,0,12,16,2,0,19,0,0,0,
Kobe King,145097,LB,NYJ,2,1,0,,0,0,22,0,0,60.0,77.4,63.4,,72.2,71.7,0,0,0,0,,0.0,0,0,0,0.0,0,0,0,3,0,1,4,0,0,0,0,0,0,4,0,3,0,0,1,0,0,0,0,0,0,
Jaylen Reed,145100,S,HST,3,4,0,100.0,0,0,13,1,0,61.1,65.6,75.8,59.1,73.5,69.0,0,0,0,0,44,7.7,1,0,0,118.8,9,0,0,30,0,48,73,0,0,0,0,0,18,73,1,24,25,3,8,0,9,0,0,119,84,13.2
Alijah Clark,145141,S,DAL,4,2,0,,0,0,9,0,0,35.4,33.8,75.0,60.0,62.8,86.9,0,0,0,0,,0.0,0,0,1,0.0,0,0,0,4,0,25,40,0,0,0,0,0,35,40,1,14,1,0,7,0,0,0,0,0,0,
Thomas Incoom,145694,ED,CAR,8,1,0,,0,0,5,0,0,60.8,54.0,75.7,55.8,53.7,71.9,0,2,0,0,,0.0,0,0,0,0.0,0,0,0,0,0,1,25,25,0,0,24,1,0,0,13,11,0,0,0,0,0,2,0,0,0,
Devontez Walker,145773,WR,BLT,1,0,0,,0,1,3,0,0,,60.0,60.0,60.0,,70.6,0,0,0,0,,,0,0,1,0.0,0,1,0,0,0,0,1,0,0,0,0,0,0,1,1,0,0,1,0,0,0,1,0,0,0,
Bo Richter,145962,ED,MIN,10,2,0,66.7,0,0,18,0,0,71.9,61.1,78.0,56.6,56.2,73.9,0,0,0,0,18,0.0,0,1,0,88.2,2,0,0,0,0,6,53,51,0,0,51,0,0,2,12,35,1,1,1,0,3,0,0,22,21,11.0
Johnathan Baldwin,146214,S,GB,1,3,0,100.0,0,0,12,0,0,60.7,67.6,76.9,,73.5,85.1,0,0,0,0,18,0.0,0,0,0,118.8,2,0,0,20,0,38,66,0,0,0,0,0,40,66,0,28,6,2,5,0,2,0,0,27,2,13.5
B.J. Green II,146277,ED,JAX,11,2,0,100.0,2,0,15,0,0,53.7,59.0,80.7,54.0,74.0,63.6,0,4,0,0,1,12.5,1,0,2,79.2,1,2,0,0,0,7,105,105,0,0,103,2,0,0,80,18,0,4,5,0,1,6,0,1,0,1.0
Oluwafemi Oladejo,146302,ED,TEN,6,6,0,100.0,0,0,31,0,0,40.9,48.4,84.7,52.4,53.7,67.7,2,5,0,0,15,7.1,1,0,0,99.3,6,0,0,10,0,36,241,227,0,1,222,4,0,14,90,115,4,4,7,2,6,7,0,47,28,7.8
Nikko Reed,146321,CB,LAC,5,0,0,20.0,0,0,27,0,0,78.7,71.6,76.4,59.1,39.5,26.6,0,0,0,0,8,50.0,1,1,0,39.6,1,0,0,2,6,40,50,1,0,0,1,0,0,49,1,9,41,0,1,0,5,0,0,8,9,8.0
Carson Schwesinger,146401,LB,CLV,16,38,0,88.9,0,0,8,0,0,63.0,75.3,64.9,70.8,81.5,69.8,6,9,0,2,42,10.6,17,1,1,97.8,40,3,0,903,3,475,958,30,0,1,29,0,1,928,73,410,21,54,106,9,45,18,2,376,287,9.4
Jay Toia,146406,DI,DAL,5,0,0,,0,0,9,0,0,60.0,29.9,24.0,54.9,29.6,70.2,1,0,0,0,,0.0,0,0,1,0.0,0,0,0,0,0,0,89,89,17,70,0,2,0,0,44,45,0,0,3,0,0,1,0,0,0,
Jaylin Smith,146422,CB,HST,4,1,0,100.0,0,0,13,0,0,65.2,68.7,76.0,,75.1,78.0,0,0,0,0,7,0.0,0,0,0,95.8,1,0,0,0,29,25,31,0,0,0,0,0,0,31,0,6,2,2,3,0,1,0,0,7,2,7.0
Calen Bullock,146424,S,HST,17,14,0,47.1,1,1,13,0,0,62.3,69.3,88.7,,86.5,81.9,0,0,0,4,35,8.3,6,6,2,49.9,16,0,0,148,2,646,992,3,0,0,3,0,763,989,0,346,76,10,52,0,34,0,2,233,35,14.6
Karene Reid,146447,LB,DEN,2,0,0,,0,0,10,0,0,,78.4,67.2,,72.8,72.3,0,0,0,0,,0.0,0,0,0,0.0,0,0,0,3,0,0,4,0,0,0,0,0,0,4,0,4,0,1,2,0,0,0,0,0,0,
Cole Bishop,146454,S,BUF,17,17,0,57.7,0,0,4,0,0,73.7,70.6,44.3,62.8,64.1,60.8,0,3,0,3,30,13.8,12,4,3,37.0,15,2,0,275,2,498,896,56,0,0,56,0,449,840,20,378,113,13,58,3,26,5,0,165,72,11.0
Jonah Elliss,146458,ED,DEN,13,6,0,100.0,0,0,10,0,0,91.4,75.8,85.2,64.0,62.5,74.4,3,17,0,0,22,0.0,0,0,0,90.5,7,3,0,3,0,33,319,315,0,0,315,0,0,4,174,112,1,13,12,2,7,23,0,40,49,5.7
Jaden Hicks,146512,S,KC,17,6,1,75.9,0,0,16,0,0,59.0,62.2,53.2,70.9,68.6,48.2,1,1,0,0,24,18.4,7,1,2,116.5,22,1,0,228,2,313,445,18,0,0,18,0,98,427,17,115,98,12,25,0,29,3,2,196,110,8.9
Kiko Mauigoa,146521,LB,NYJ,12,16,0,71.4,1,0,22,0,0,31.7,42.7,36.4,59.8,59.3,41.0,0,2,0,0,13,16.7,8,0,2,110.1,10,0,0,265,2,120,328,39,0,0,39,0,0,289,32,176,22,11,24,0,14,2,1,83,54,8.3
Jeffrey Bassa,146552,LB,KC,4,1,0,75.0,0,1,16,0,0,84.6,85.7,74.0,,68.5,29.9,0,0,0,0,14,14.3,1,0,0,94.8,3,0,0,36,0,20,40,1,0,0,1,0,0,39,0,20,2,2,5,0,4,0,0,29,21,9.7
Kool-Aid McKinstry,146602,CB,NO,17,10,0,58.3,1,0,20,0,0,71.4,69.5,68.5,59.1,60.3,44.8,0,0,0,3,49,14.4,13,12,5,101.1,49,0,0,157,887,597,1075,5,0,0,5,0,1,1070,1,477,25,15,67,2,84,0,8,676,169,13.8
Terrion Arnold,146603,CB,DET,8,2,0,56.1,3,0,11,0,0,53.8,52.6,83.2,58.3,47.1,58.0,0,0,0,1,48,11.8,4,4,6,88.6,23,0,0,34,245,208,312,1,0,0,1,0,0,311,1,103,32,9,28,0,41,0,2,331,70,14.4
Dallas Turner,146604,ED,MIN,17,16,1,72.2,1,4,18,0,0,48.2,65.5,46.8,70.2,66.9,56.9,6,27,0,0,16,13.6,8,1,5,80.3,13,9,0,15,1,93,702,664,0,0,662,2,0,38,288,321,21,29,35,4,18,42,0,78,45,6.0
Donovan McMillon,146700,S,CLV,5,1,0,,0,0,8,0,0,62.0,59.9,71.5,72.5,51.4,30.0,0,0,0,0,,0.0,0,0,0,0.0,0,1,0,6,0,10,23,1,0,0,1,0,15,22,1,12,1,1,0,0,0,1,0,0,0,
Jason Marshall Jr.,146704,CB,MIA,12,4,0,71.4,0,0,17,0,0,41.6,40.8,82.8,48.0,46.7,41.9,1,0,0,1,33,23.1,6,3,2,109.5,20,0,0,14,38,160,243,9,0,0,9,0,2,234,19,64,179,9,16,1,28,1,2,262,159,13.1
Jamon Johnson,146721,LB,GB,1,5,0,75.0,0,0,12,0,0,39.8,54.2,74.6,51.4,79.1,67.5,0,1,0,0,26,11.1,1,1,0,109.4,6,0,0,60,0,36,67,3,0,0,3,0,0,64,2,29,4,2,3,0,8,1,0,86,68,14.3
Smael Mondon Jr.,146725,LB,PHI,3,0,0,100.0,0,0,24,0,0,32.5,34.0,71.6,56.8,62.0,,0,0,0,0,34,,0,0,0,118.8,1,0,0,11,0,4,14,0,0,0,0,0,0,14,1,9,3,0,0,0,1,0,0,34,8,34.0
Javon Bullard,146726,S,GB,17,22,0,75.4,1,0,12,1,0,67.4,64.5,56.9,60.5,54.1,54.7,1,0,0,0,20,13.8,13,3,3,92.1,46,0,0,118,5,462,724,8,0,0,8,0,100,716,12,250,493,27,59,2,61,1,1,318,227,6.9
Kamari Lassiter,146727,CB,HST,16,19,0,57.0,2,0,13,0,0,72.9,75.9,66.4,63.4,83.0,71.6,1,2,0,4,39,7.1,7,10,6,75.6,49,0,0,96,804,614,958,3,0,0,3,0,2,955,8,336,53,33,73,7,86,3,5,538,167,11.0
Chaz Chambliss,146728,ED,MIN,4,0,0,100.0,0,0,18,0,0,49.0,61.5,76.3,72.9,63.8,72.4,0,0,0,0,4,0.0,0,0,0,122.9,1,1,0,4,0,7,25,17,0,0,17,0,0,8,2,16,4,1,1,0,1,1,1,4,5,4.0
Tyrion Ingram-Dawkins,146730,DI,MIN,14,4,1,,0,0,18,0,0,61.2,58.3,60.4,58.8,58.3,42.6,0,5,0,0,,18.8,3,0,1,0.0,0,1,0,0,0,4,250,249,1,16,97,135,0,1,72,174,0,7,9,1,0,6,0,0,0,
Maxwell Hairston,146746,CB,BUF,11,1,0,60.0,1,0,4,0,0,68.0,64.3,84.5,66.7,43.3,52.8,0,1,0,2,38,15.8,3,3,1,92.2,15,0,0,20,305,196,348,11,0,0,11,0,3,337,1,151,9,7,15,0,25,1,3,203,26,13.5
Trevin Wallace,146747,LB,CAR,12,12,0,79.5,0,0,5,0,0,64.5,56.4,83.9,64.2,43.3,57.5,2,1,0,0,32,12.9,8,2,0,109.1,31,2,0,544,2,321,624,18,0,0,18,0,1,606,49,254,59,16,42,3,39,5,2,237,171,7.6
Maason Smith,146774,DI,JAX,13,9,1,,0,0,15,0,0,57.3,49.1,9.7,61.3,51.8,48.9,0,11,0,0,,11.1,2,0,4,0.0,0,0,0,0,0,7,311,311,3,274,0,34,0,0,191,113,0,5,7,0,0,11,0,0,0,
Sai'vion Jones,146782,DI,DEN,3,0,0,,0,0,10,1,0,,64.7,76.2,60.0,65.5,26.3,0,2,0,0,,100.0,1,0,0,0.0,0,1,0,0,0,0,33,33,0,22,3,8,0,0,28,5,0,0,0,0,0,3,0,0,0,
Landon Jackson,146784,ED,BUF,3,0,0,,0,0,4,0,0,60.0,60.5,78.5,52.0,64.6,,0,0,0,0,,,0,0,0,0.0,0,0,0,0,0,1,30,30,0,0,28,2,0,0,12,17,0,0,0,0,0,0,0,0,0,
Trey Washington,146822,S,IND,2,2,0,100.0,0,0,14,0,0,46.4,48.1,75.0,,66.2,41.8,0,0,0,0,14,25.0,1,0,1,105.6,3,0,0,8,1,22,36,3,0,0,3,0,20,33,0,14,4,0,1,0,3,0,0,28,22,9.3
Bam Martin-Scott,146904,LB,CAR,2,1,0,100.0,0,0,5,0,0,45.8,37.6,76.1,53.4,45.6,65.5,0,1,0,0,17,12.5,1,0,0,158.3,1,0,0,50,0,14,54,3,0,0,3,0,0,51,4,36,1,2,6,1,1,1,1,17,14,17.0
T.J. Sanders,146925,DI,BUF,12,3,1,0.0,1,0,4,0,0,58.8,39.9,41.7,51.3,41.7,63.0,1,11,0,0,,7.1,1,0,2,39.6,0,1,0,2,0,2,296,294,5,153,66,70,0,2,164,130,0,7,10,0,1,13,0,0,0,
Kamal Hadden,146931,CB,GB,2,0,0,100.0,0,0,12,0,0,60.8,67.6,75.5,,79.0,37.7,0,0,0,0,7,25.0,1,0,0,91.7,2,0,0,3,34,20,37,0,0,0,0,0,0,37,0,17,0,2,3,0,2,0,0,12,9,6.0
Byron Young,146932,ED,LA,17,20,0,84.6,1,1,26,0,0,60.9,85.0,71.3,83.4,79.3,73.8,18,33,0,0,46,6.4,5,0,2,100.0,11,13,0,11,1,128,854,822,0,0,822,0,0,32,410,316,20,48,53,3,13,64,0,104,71,9.5
Josaiah Stewart,147092,ED,LA,17,6,1,66.7,0,1,26,0,0,61.7,69.1,29.2,74.0,65.8,55.0,4,14,0,0,28,17.4,4,1,3,86.1,4,3,0,9,0,79,375,354,0,0,353,1,0,21,165,131,11,12,13,0,6,21,0,41,20,10.3
Daijahn Anthony,147537,S,CIN,2,1,0,,0,0,7,0,0,50.7,53.1,73.4,,65.8,80.9,0,0,0,0,,0.0,0,0,0,0.0,0,0,0,6,0,22,32,1,0,0,1,0,20,31,0,10,5,0,2,0,0,0,0,0,0,
Johnathan Edwards,148086,CB,IND,10,3,0,63.0,2,0,14,0,0,38.9,39.7,84.1,,46.9,46.6,0,0,0,0,30,21.4,6,2,2,105.6,17,0,0,25,273,205,313,0,0,0,0,0,2,313,0,108,13,2,19,0,27,0,1,251,42,14.8
Cam'Ron Silmon-Craig,150938,S,JAX,2,0,0,100.0,0,0,15,0,0,58.2,56.8,70.1,57.3,60.0,77.5,0,0,0,0,12,0.0,0,0,0,116.7,1,0,0,5,0,18,21,0,0,0,0,0,15,21,2,1,1,0,2,0,1,0,0,12,3,12.0
Mike Green,151084,ED,BLT,17,9,0,100.0,0,0,3,1,0,28.7,46.3,87.7,55.5,47.1,58.1,10,20,0,0,38,16.7,7,0,0,147.7,9,4,0,17,0,40,713,696,0,2,691,3,0,17,399,274,0,21,26,4,9,34,1,95,86,10.6
Jonas Sanker,151097,S,NO,17,22,0,58.3,0,0,20,1,0,55.6,62.5,89.5,56.8,73.7,31.1,0,1,0,2,53,17.7,17,4,1,60.9,14,0,0,268,1,525,976,4,0,0,4,0,649,972,2,449,54,14,57,3,24,1,1,179,47,12.8
Sam Roberts,156069,DI,ATL,5,4,0,,0,0,2,0,0,62.2,83.0,81.3,81.5,70.7,62.4,1,2,0,0,,5.9,1,0,0,0.0,0,1,0,0,0,0,102,102,74,27,0,1,0,0,41,61,0,5,12,1,0,4,0,0,0,
Joshua Williams,156083,CB,KC,4,0,0,,0,0,16,0,0,76.5,75.6,80.9,,60.7,,0,0,0,0,,,0,0,0,0.0,0,0,0,1,15,10,17,0,0,0,0,0,0,17,0,7,0,0,0,0,0,0,0,0,0,
Jeremiah Pharms Jr.,156117,DI,NE,3,1,0,,0,0,19,0,0,,59.7,0.0,66.9,60.0,78.0,1,0,0,0,,0.0,0,0,1,0.0,0,0,0,0,0,0,50,47,0,20,6,21,0,3,30,20,0,1,2,1,0,1,0,0,0,
Dondrea Tillman,156124,ED,DEN,17,10,1,50.0,1,0,10,0,0,58.4,68.5,71.5,62.3,72.4,52.3,4,15,0,2,13,18.8,6,0,1,25.0,4,5,0,1,0,39,419,417,0,0,417,0,0,2,218,162,0,14,16,0,8,24,0,40,20,10.0
Haggai Ndubuisi,156132,DI,HST,1,0,0,,0,0,13,0,0,,62.1,70.1,59.1,61.3,66.8,0,0,0,0,,0.0,0,0,0,0.0,0,0,0,0,0,0,4,4,1,3,0,0,0,0,2,2,0,0,1,0,0,0,0,0,0,
Azareye'h Thomas,156277,CB,NYJ,8,2,0,48.0,0,0,22,0,0,55.5,55.1,82.8,60.0,52.2,33.5,0,0,0,0,44,21.7,5,3,3,84.9,12,0,0,31,260,159,311,1,0,0,1,0,4,310,1,151,15,4,16,2,25,0,1,177,59,14.8
Loren Strickland,156894,S,DET,1,1,0,100.0,0,0,11,0,0,73.5,78.0,69.4,,60.0,80.7,0,0,0,0,14,0.0,0,0,0,118.8,1,0,0,2,0,12,13,0,0,0,0,0,10,13,0,1,1,1,1,0,1,0,0,14,0,14.0
Benjamin Morrison,156968,CB,TB,10,3,0,57.5,2,0,30,1,0,50.0,47.0,84.3,47.9,35.4,40.3,0,2,0,0,72,21.2,7,3,4,110.8,23,0,0,31,311,241,360,0,0,0,0,0,0,360,2,117,18,9,23,2,40,2,3,344,118,15.0
Jihaad Campbell,157013,LB,PHI,16,13,0,75.0,0,1,24,1,0,78.6,76.1,65.8,60.2,69.6,76.8,2,12,0,1,72,7.4,6,2,2,97.3,24,0,0,514,3,368,711,150,0,0,150,0,2,561,57,286,41,21,62,3,32,14,1,271,185,11.3
Mykel Williams,157061,ED,SF,9,5,0,100.0,0,0,28,1,0,61.5,54.7,71.9,51.9,59.3,60.1,2,16,0,0,12,10.0,2,0,2,116.7,1,1,0,3,0,7,385,381,4,50,238,89,0,4,245,133,1,12,13,3,1,19,0,12,0,12.0
Malaki Starks,157069,S,BLT,17,17,0,65.9,0,1,3,0,0,63.4,67.9,69.8,56.9,79.9,60.1,1,3,0,2,47,13.3,12,1,1,99.7,27,0,0,251,9,699,1065,34,0,0,34,0,618,1031,12,354,153,19,61,1,41,4,3,381,102,14.1
Jalon Walker,157070,ED,ATL,15,6,1,87.5,0,2,2,1,0,43.8,71.6,71.6,67.0,81.3,66.2,4,19,0,0,19,9.1,3,0,1,151.6,7,6,0,8,0,50,492,483,0,0,483,0,0,9,282,160,1,17,24,1,8,29,1,87,33,12.4
Jordan Phillips,157619,DI,MIA,17,12,0,,0,0,17,0,0,62.7,55.7,87.0,55.3,53.4,31.1,1,6,0,0,,11.9,5,0,0,0.0,0,0,0,0,0,0,465,465,121,337,0,7,0,0,186,279,0,18,25,0,0,7,0,0,0,
Shemar James,157749,LB,DAL,13,22,0,94.6,0,1,9,0,0,41.1,40.1,83.2,71.3,38.5,70.2,4,2,0,0,27,8.9,7,0,0,131.1,35,2,0,459,7,288,542,26,0,0,26,0,2,516,43,211,48,18,50,1,37,8,3,332,222,9.5
Jacob Parrish,157777,CB,TB,17,8,0,77.9,0,0,30,1,0,65.7,68.5,59.2,60.2,78.5,45.5,1,6,0,2,52,17.7,14,3,3,104.8,60,2,0,119,127,500,747,3,0,0,3,0,1,744,30,217,496,28,57,5,77,9,3,665,351,11.1
Ollie Gordon II,157792,HB,MIA,1,0,0,,0,0,17,0,0,,60.0,60.0,,60.0,,0,0,0,0,,,0,0,1,0.0,0,0,0,0,0,0,1,0,0,0,0,0,0,1,0,1,0,0,0,0,0,0,0,0,0,
Nick Emmanwori,158121,S,SEA,14,13,0,76.7,0,0,29,0,0,69.6,71.0,62.4,65.2,71.6,59.8,1,14,0,1,34,9.5,8,8,2,97.5,56,3,0,285,8,457,765,88,0,0,88,0,6,677,64,244,378,30,63,7,73,18,2,491,326,8.8
Mason Graham,158535,DI,CLV,17,10,2,0.0,0,0,8,0,0,67.5,68.7,88.7,62.2,62.4,39.1,4,31,0,0,,9.8,5,0,1,39.6,0,1,0,6,0,6,765,759,14,552,19,174,0,6,447,312,0,32,36,5,1,36,0,0,0,
Will Johnson,158536,CB,ARZ,12,12,0,67.8,0,1,1,0,0,60.7,60.8,58.2,,61.2,51.2,0,0,0,0,31,17.0,8,9,6,111.2,40,0,0,129,592,449,722,0,0,0,0,0,0,722,0,273,1,9,27,2,59,0,4,425,129,10.6
Walter Nolen,158666,DI,ARZ,6,2,2,,0,0,1,1,1,60.0,74.2,81.9,80.3,57.4,73.8,2,11,0,0,,11.1,1,0,0,0.0,0,2,0,0,0,0,169,169,2,102,8,57,0,0,99,70,0,5,6,2,0,15,0,0,0,
Shemar Stewart,158675,ED,CIN,8,2,0,,0,0,7,0,0,61.0,41.2,85.6,56.0,29.3,29.7,2,10,0,0,,25.0,3,0,0,0.0,0,1,0,0,0,1,280,280,4,57,179,40,0,0,181,98,0,5,7,1,0,13,0,0,0,
Travis Hunter,160766,WR,JAX,7,0,0,60.0,0,0,15,0,0,72.7,73.2,81.0,,69.0,69.6,0,0,0,0,17,6.7,1,2,3,78.8,9,0,0,5,151,120,162,0,0,0,0,0,0,162,0,42,6,1,14,0,15,0,0,96,37,10.7
Jamaree Caldwell,162505,DI,LAC,17,6,1,,0,1,27,0,0,55.3,63.0,72.0,55.8,67.2,29.3,0,12,0,0,,18.8,6,0,1,0.0,0,1,0,1,0,4,487,486,104,355,0,27,0,1,251,232,0,15,20,3,0,13,0,0,0,
Shavon Revel,162653,CB,DAL,7,9,0,67.7,1,0,9,0,0,34.6,35.2,31.4,,48.1,38.1,0,0,0,0,41,18.6,8,2,5,119.7,21,0,0,36,286,210,334,1,0,0,1,0,0,333,0,124,11,5,26,1,31,0,2,295,112,14.0
Kenneth Grant,162816,DI,MIA,17,4,1,100.0,0,0,17,0,0,58.9,48.5,87.6,57.6,41.1,56.3,3,23,0,0,6,6.7,2,0,0,91.7,1,3,0,0,0,4,554,554,60,428,12,54,0,0,332,218,0,20,24,1,1,29,0,6,1,6.0
Nic Scourton,162878,ED,CAR,17,12,0,100.0,1,1,5,0,0,81.0,68.1,78.5,60.7,63.3,43.7,3,23,0,0,6,20.0,10,0,1,81.9,3,8,0,12,0,61,717,701,0,5,677,19,0,16,351,305,4,23,28,5,3,34,0,11,17,3.7
James Pearce Jr.,163770,ED,ATL,17,3,1,80.0,0,1,2,1,0,41.4,56.1,53.1,64.2,51.2,51.0,3,31,0,0,19,29.4,5,1,3,115.0,4,11,0,1,0,34,593,591,0,0,589,2,0,2,360,199,1,16,9,0,5,45,0,58,54,14.5
Deone Walker,163783,DI,BUF,17,12,4,,0,0,4,1,0,56.5,57.5,72.8,71.5,49.2,51.7,2,12,0,0,,9.8,4,0,1,0.0,0,2,0,0,0,1,464,463,114,342,0,7,0,1,231,232,0,20,25,8,0,16,0,0,0,
Abdul Carter,164160,ED,NYG,17,9,0,100.0,2,2,21,2,0,68.1,74.7,25.5,84.5,54.4,29.7,18,43,0,0,27,21.7,10,0,7,118.8,2,5,0,97,0,34,844,740,0,4,708,28,0,104,507,303,7,20,27,6,2,66,0,38,20,19.0
Kevin Winston Jr.,164192,S,TEN,9,5,1,90.5,0,0,31,0,0,44.5,62.1,84.6,91.7,89.4,79.4,4,1,0,0,58,6.5,2,1,0,158.3,19,1,0,62,3,187,313,16,0,0,16,0,116,297,19,107,116,11,24,3,21,6,3,304,191,16.0
Levi Drake Rodriguez,165670,DI,MIN,16,11,0,,0,0,18,0,0,65.8,57.8,57.3,59.5,56.0,31.4,2,7,0,0,,15.2,7,0,2,0.0,0,2,0,1,0,3,461,459,71,367,0,21,0,2,175,283,0,22,28,7,0,11,0,0,0,
Kameron Johnson,165866,WR,TB,1,0,0,,0,0,30,0,0,,59.9,60.0,,60.0,,0,0,0,0,,,0,0,0,0.0,0,0,0,0,0,0,1,0,0,0,0,0,0,1,0,1,0,0,0,0,0,0,0,0,0,
Caleb Murphy,169634,ED,NYG,8,1,0,100.0,0,0,21,0,0,61.0,49.2,81.2,55.0,41.6,76.3,0,6,0,0,9,14.3,1,0,0,93.8,2,1,0,1,0,7,132,131,0,4,119,8,0,1,92,33,0,2,5,0,2,7,0,13,12,6.5
Qwan'tez Stiggers,169764,CB,NYJ,6,2,0,56.5,2,0,22,1,0,47.1,53.6,81.6,58.7,79.1,67.0,0,0,0,0,31,5.3,1,4,5,81.1,13,0,0,32,200,157,247,0,0,0,0,0,0,247,1,89,15,4,16,1,23,0,0,176,50,13.5
Nick Whiteside,169772,CB,DET,5,0,0,20.0,0,0,11,0,0,88.3,83.0,76.4,,51.0,49.9,0,0,0,0,22,16.7,1,3,0,85.0,1,0,0,6,41,41,51,0,0,0,0,0,0,51,0,10,4,3,5,0,5,0,1,22,24,22.0
C.J. Okoye,169780,DI,BLT,13,4,2,,1,0,3,0,0,,50.1,8.5,51.8,60.1,59.6,1,1,0,0,,6.7,1,0,3,0.0,0,0,0,0,0,0,214,214,63,123,3,25,0,0,110,104,0,6,10,0,0,2,0,0,0,
Trevor Nowaske,169859,ED,DET,10,3,0,100.0,0,0,11,1,0,64.3,64.9,80.9,57.1,68.2,57.4,1,2,0,0,19,16.7,1,0,0,118.8,1,1,0,18,0,22,74,53,0,0,53,0,0,21,36,16,3,3,2,1,1,4,0,19,3,19.0
T.J. Maguranyanga,197942,ED,WAS,1,1,0,,0,0,32,0,0,,59.1,72.3,53.2,63.7,70.5,0,0,0,0,,0.0,0,0,0,0.0,0,0,0,0,0,0,11,11,0,0,11,0,0,0,7,4,0,0,0,0,0,0,0,0,0,
